Word,URL
http,https://demo.cyotek.com/css/index.php
http,https://demo.cyotek.com/about.php
http,https://demo.cyotek.com/html/index.php
http,https://www.cyotek.com/open-source
http,https://www.cyotek.com/blog/resolving-svn-error-could-not-open-the-requested-svn-filesystem
http,https://demo.cyotek.com/statuscodes/index.php
http,https://demo.cyotek.com/features/index.php
http,https://demo.cyotek.com/html/elements/object.php
http,https://demo.cyotek.com/html/attributes/custom.php
http,https://demo.cyotek.com/changelog.php
http,https://demo.cyotek.com/html/elements/picture.php
http,https://demo.cyotek.com/html/elements/style.php
http,https://www.cyotek.com/blog/tools-we-use-2024-edition
http,https://demo.cyotek.com/javascript/index.php
http,https://www.cyotek.com/blog
http,https://demo.cyotek.com/
http,https://www.cyotek.com/blog/tools-we-use-2023-edition
http,https://www.cyotek.com/blog/rss
http,https://www.cyotek.com/cyotek-webcopy
http,https://www.cyotek.com/rss
crawler,https://demo.cyotek.com/css/index.php
crawler,https://demo.cyotek.com/about.php
crawler,https://demo.cyotek.com/html/index.php
crawler,https://www.cyotek.com/open-source
crawler,https://www.cyotek.com/blog/resolving-svn-error-could-not-open-the-requested-svn-filesystem
crawler,https://demo.cyotek.com/statuscodes/index.php
crawler,https://demo.cyotek.com/features/index.php
crawler,https://demo.cyotek.com/html/elements/object.php
crawler,https://demo.cyotek.com/html/attributes/custom.php
crawler,https://demo.cyotek.com/changelog.php
crawler,https://demo.cyotek.com/html/elements/picture.php
crawler,https://demo.cyotek.com/html/elements/style.php
crawler,https://www.cyotek.com/blog/tools-we-use-2024-edition
crawler,https://demo.cyotek.com/javascript/index.php
crawler,https://www.cyotek.com/blog
crawler,https://demo.cyotek.com/
crawler,https://www.cyotek.com/blog/tools-we-use-2023-edition
crawler,https://www.cyotek.com/blog/rss
crawler,https://www.cyotek.com/rss
test,https://demo.cyotek.com/css/index.php
test,https://demo.cyotek.com/about.php
test,https://demo.cyotek.com/html/index.php
test,https://www.cyotek.com/open-source
test,https://www.cyotek.com/blog/resolving-svn-error-could-not-open-the-requested-svn-filesystem
test,https://demo.cyotek.com/statuscodes/index.php
test,https://demo.cyotek.com/features/index.php
test,https://demo.cyotek.com/html/elements/object.php
test,https://demo.cyotek.com/html/attributes/custom.php
test,https://demo.cyotek.com/changelog.php
test,https://demo.cyotek.com/html/elements/picture.php
test,https://demo.cyotek.com/html/elements/style.php
test,https://www.cyotek.com/blog/tools-we-use-2024-edition
test,https://demo.cyotek.com/javascript/index.php
test,https://www.cyotek.com/blog
test,https://demo.cyotek.com/
test,https://www.cyotek.com/blog/tools-we-use-2023-edition
test,https://www.cyotek.com/blog/rss
test,https://www.cyotek.com/rss
site,https://www.cyotek.com/cyotek-copytools
site,https://demo.cyotek.com/css/index.php
site,https://www.cyotek.com/cyotek-slicr
site,https://demo.cyotek.com/about.php
site,https://www.cyotek.com/blog/products
site,https://demo.cyotek.com/html/index.php
site,https://www.cyotek.com/cyotek-spriter
site,https://www.cyotek.com/open-source
site,https://www.cyotek.com/blog/resolving-svn-error-could-not-open-the-requested-svn-filesystem
site,https://www.cyotek.com/downloads
site,https://demo.cyotek.com/statuscodes/index.php
site,https://www.cyotek.com/source-code
site,https://demo.cyotek.com/features/index.php
site,https://www.cyotek.com/blog/products/introducing-64bit-builds
site,https://www.cyotek.com/blog/products/crowdstrike-falcon-false-positives
site,https://demo.cyotek.com/html/elements/object.php
site,https://www.cyotek.com/cyotek-sitemap-creator
site,https://www.cyotek.com/sitemap
site,https://demo.cyotek.com/html/attributes/custom.php
site,https://demo.cyotek.com/changelog.php
site,https://www.cyotek.com/blog/products/introducing-webview2-support-part-1
site,https://www.cyotek.com/cyotek-palette-editor
site,https://www.cyotek.com/jewel-rush
site,https://demo.cyotek.com/html/elements/picture.php
site,https://www.cyotek.com/blog/tools-we-use-2024-edition
site,https://demo.cyotek.com/html/elements/style.php
site,https://demo.cyotek.com/javascript/index.php
site,https://www.cyotek.com/cyotek-nbt-editor
site,https://www.cyotek.com/blog
site,https://www.cyotek.com/cyotek-gif-animator
site,https://www.cyotek.com/donate
site,https://demo.cyotek.com/
site,https://www.cyotek.com/blog/tools-we-use-2023-edition
site,https://www.cyotek.com/blog/rss
site,https://www.cyotek.com/cyotek-webcopy
site,https://www.cyotek.com/rss
status,https://demo.cyotek.com/javascript/index.php
status,https://demo.cyotek.com/html/elements/object.php
status,https://demo.cyotek.com/css/index.php
status,https://demo.cyotek.com/statuscodes/index.php
status,https://demo.cyotek.com/html/attributes/custom.php
status,https://demo.cyotek.com/changelog.php
status,https://demo.cyotek.com/about.php
status,https://demo.cyotek.com/
status,https://demo.cyotek.com/features/index.php
status,https://www.cyotek.com/cyotek-gif-animator
status,https://www.cyotek.com/blog/rss
status,https://demo.cyotek.com/html/elements/picture.php
status,https://demo.cyotek.com/html/elements/style.php
status,https://demo.cyotek.com/html/index.php
status,https://www.cyotek.com/rss
codes,https://demo.cyotek.com/javascript/index.php
codes,https://demo.cyotek.com/html/elements/object.php
codes,https://demo.cyotek.com/css/index.php
codes,https://www.cyotek.com/blog/resolving-svn-error-could-not-open-the-requested-svn-filesystem
codes,https://demo.cyotek.com/statuscodes/index.php
codes,https://demo.cyotek.com/html/attributes/custom.php
codes,https://demo.cyotek.com/changelog.php
codes,https://demo.cyotek.com/about.php
codes,https://demo.cyotek.com/
codes,https://demo.cyotek.com/features/index.php
codes,https://www.cyotek.com/blog/rss
codes,https://demo.cyotek.com/html/elements/picture.php
codes,https://demo.cyotek.com/html/elements/style.php
codes,https://demo.cyotek.com/html/index.php
codes,https://www.cyotek.com/rss
features,https://www.cyotek.com/cyotek-copytools
features,https://demo.cyotek.com/css/index.php
features,https://www.cyotek.com/cyotek-slicr
features,https://demo.cyotek.com/about.php
features,https://demo.cyotek.com/html/index.php
features,https://www.cyotek.com/cyotek-spriter
features,https://demo.cyotek.com/statuscodes/index.php
features,https://demo.cyotek.com/features/index.php
features,https://demo.cyotek.com/html/elements/object.php
features,https://www.cyotek.com/cyotek-sitemap-creator
features,https://demo.cyotek.com/html/attributes/custom.php
features,https://demo.cyotek.com/changelog.php
features,https://www.cyotek.com/cyotek-palette-editor
features,https://demo.cyotek.com/html/elements/picture.php
features,https://www.cyotek.com/blog/tools-we-use-2024-edition
features,https://demo.cyotek.com/html/elements/style.php
features,https://demo.cyotek.com/javascript/index.php
features,https://www.cyotek.com/cyotek-nbt-editor
features,https://www.cyotek.com/cyotek-gif-animator
features,https://demo.cyotek.com/
features,https://www.cyotek.com/blog/tools-we-use-2023-edition
features,https://www.cyotek.com/blog/rss
features,https://www.cyotek.com/cyotek-webcopy
features,https://www.cyotek.com/rss
css,https://www.cyotek.com/cyotek-spriter
css,https://demo.cyotek.com/javascript/index.php
css,https://demo.cyotek.com/html/elements/object.php
css,https://demo.cyotek.com/css/index.php
css,https://www.cyotek.com/open-source
css,https://demo.cyotek.com/statuscodes/index.php
css,https://www.cyotek.com/source-code
css,https://demo.cyotek.com/html/attributes/custom.php
css,https://demo.cyotek.com/changelog.php
css,https://demo.cyotek.com/about.php
css,https://demo.cyotek.com/
css,https://demo.cyotek.com/features/index.php
css,https://www.cyotek.com/products
css,https://www.cyotek.com/blog/rss
css,https://demo.cyotek.com/html/elements/picture.php
css,https://demo.cyotek.com/html/elements/style.php
css,https://demo.cyotek.com/html/index.php
css,https://www.cyotek.com/rss
html,https://demo.cyotek.com/css/index.php
html,https://demo.cyotek.com/about.php
html,https://www.cyotek.com/products
html,https://demo.cyotek.com/html/index.php
html,https://www.cyotek.com/open-source
html,https://www.cyotek.com/downloads
html,https://demo.cyotek.com/statuscodes/index.php
html,https://www.cyotek.com/source-code
html,https://demo.cyotek.com/features/index.php
html,https://demo.cyotek.com/html/elements/object.php
html,https://www.cyotek.com/cyotek-sitemap-creator
html,https://demo.cyotek.com/html/attributes/custom.php
html,https://demo.cyotek.com/changelog.php
html,https://demo.cyotek.com/html/elements/picture.php
html,https://demo.cyotek.com/html/elements/style.php
html,https://demo.cyotek.com/javascript/index.php
html,https://demo.cyotek.com/
html,https://www.cyotek.com/blog/rss
html,https://www.cyotek.com/cyotek-webcopy
html,https://www.cyotek.com/rss
javascript,https://demo.cyotek.com/javascript/index.php
javascript,https://demo.cyotek.com/html/elements/object.php
javascript,https://demo.cyotek.com/css/index.php
javascript,https://demo.cyotek.com/statuscodes/index.php
javascript,https://demo.cyotek.com/html/attributes/custom.php
javascript,https://demo.cyotek.com/changelog.php
javascript,https://demo.cyotek.com/about.php
javascript,https://demo.cyotek.com/
javascript,https://demo.cyotek.com/features/index.php
javascript,https://www.cyotek.com/blog/products/introducing-webview2-support-part-1
javascript,https://www.cyotek.com/blog/rss
javascript,https://demo.cyotek.com/html/elements/picture.php
javascript,https://www.cyotek.com/blog/products
javascript,https://demo.cyotek.com/html/elements/style.php
javascript,https://demo.cyotek.com/html/index.php
javascript,https://www.cyotek.com/cyotek-webcopy
javascript,https://www.cyotek.com/rss
welcome,https://docs.cyotek.com/
welcome,https://www.cyotek.com/terms-of-use
welcome,https://www.cyotek.com/
welcome,https://www.cyotek.com
welcome,https://www.cyotek.com/blog/rss
welcome,https://demo.cyotek.com/
welcome,https://www.cyotek.com/rss
this,https://www.cyotek.com/cyotek-copytools
this,https://demo.cyotek.com/css/index.php
this,https://www.cyotek.com/cyotek-slicr
this,https://demo.cyotek.com/about.php
this,https://www.cyotek.com/blog/products
this,https://demo.cyotek.com/html/index.php
this,https://www.cyotek.com/cyotek-spriter
this,https://www.cyotek.com/open-source
this,https://www.cyotek.com/blog/resolving-svn-error-could-not-open-the-requested-svn-filesystem
this,https://www.cyotek.com/downloads
this,https://www.cyotek.com/privacy-policy
this,https://demo.cyotek.com/statuscodes/index.php
this,https://www.cyotek.com/source-code
this,https://demo.cyotek.com/features/index.php
this,https://www.cyotek.com/blog/products/introducing-64bit-builds
this,https://www.cyotek.com/copyright-and-trademarks
this,https://www.cyotek.com/blog/products/crowdstrike-falcon-false-positives
this,https://demo.cyotek.com/html/elements/object.php
this,https://www.cyotek.com/cyotek-sitemap-creator
this,https://demo.cyotek.com/html/attributes/custom.php
this,https://demo.cyotek.com/changelog.php
this,https://www.cyotek.com/blog/products/introducing-webview2-support-part-1
this,https://www.cyotek.com/cyotek-palette-editor
this,https://www.cyotek.com/jewel-rush
this,https://demo.cyotek.com/html/elements/picture.php
this,https://www.cyotek.com/blog/tools-we-use-2024-edition
this,https://demo.cyotek.com/html/elements/style.php
this,https://support.cyotek.com
this,https://www.cyotek.com/terms-of-use
this,https://www.cyotek.com/cyotek-nbt-editor
this,https://www.cyotek.com/blog
this,https://www.cyotek.com/cyotek-gif-animator
this,https://www.cyotek.com/donate
this,https://demo.cyotek.com/
this,https://www.cyotek.com/blog/tools-we-use-2023-edition
this,https://www.cyotek.com/blog/rss
this,https://www.cyotek.com/about
this,https://www.cyotek.com/cyotek-webcopy
this,https://www.cyotek.com/rss
is,https://www.cyotek.com/cyotek-copytools
is,https://www.cyotek.com/cyotek-slicr
is,https://www.cyotek.com/
is,https://www.cyotek.com
is,https://demo.cyotek.com/about.php
is,https://www.cyotek.com/products
is,https://www.cyotek.com/cyotek-spriter
is,https://www.cyotek.com/open-source
is,https://www.cyotek.com/blog/resolving-svn-error-could-not-open-the-requested-svn-filesystem
is,https://www.cyotek.com/downloads
is,https://www.cyotek.com/privacy-policy
is,https://www.cyotek.com/source-code
is,https://www.cyotek.com/blog/products/introducing-64bit-builds
is,https://www.cyotek.com/copyright-and-trademarks
is,https://www.cyotek.com/blog/products/crowdstrike-falcon-false-positives
is,https://www.cyotek.com/cyotek-sitemap-creator
is,https://demo.cyotek.com/changelog.php
is,https://www.cyotek.com/blog/products/introducing-webview2-support-part-1
is,https://www.cyotek.com/cyotek-palette-editor
is,https://www.cyotek.com/jewel-rush
is,https://demo.cyotek.com/html/elements/picture.php
is,https://www.cyotek.com/blog/tools-we-use-2024-edition
is,https://demo.cyotek.com/html/elements/style.php
is,https://demo.cyotek.com/javascript/index.php
is,https://www.cyotek.com/terms-of-use
is,https://www.cyotek.com/cyotek-nbt-editor
is,https://www.cyotek.com/cyotek-gif-animator
is,https://www.cyotek.com/donate
is,https://demo.cyotek.com/
is,https://www.cyotek.com/blog/tools-we-use-2023-edition
is,https://www.cyotek.com/blog/rss
is,https://www.cyotek.com/cyotek-webcopy
is,https://www.cyotek.com/rss
a,https://www.cyotek.com/cyotek-copytools
a,https://demo.cyotek.com/css/index.php
a,https://www.cyotek.com/cyotek-slicr
a,https://www.cyotek.com/
a,https://www.cyotek.com
a,https://demo.cyotek.com/about.php
a,https://www.cyotek.com/products
a,https://www.cyotek.com/blog/products
a,https://demo.cyotek.com/html/index.php
a,https://www.cyotek.com/cyotek-spriter
a,https://www.cyotek.com/open-source
a,https://www.cyotek.com/blog/resolving-svn-error-could-not-open-the-requested-svn-filesystem
a,https://www.cyotek.com/downloads
a,https://www.cyotek.com/privacy-policy
a,https://demo.cyotek.com/statuscodes/index.php
a,https://www.cyotek.com/source-code
a,https://demo.cyotek.com/features/index.php
a,https://www.cyotek.com/blog/products/introducing-64bit-builds
a,https://www.cyotek.com/copyright-and-trademarks
a,https://www.cyotek.com/blog/products/crowdstrike-falcon-false-positives
a,https://demo.cyotek.com/html/elements/object.php
a,https://www.cyotek.com/cyotek-sitemap-creator
a,https://www.cyotek.com/sitemap
a,https://www.cyotek.com/contact
a,https://demo.cyotek.com/html/attributes/custom.php
a,https://demo.cyotek.com/changelog.php
a,https://www.cyotek.com/blog/products/introducing-webview2-support-part-1
a,https://www.cyotek.com/cyotek-palette-editor
a,https://www.cyotek.com/jewel-rush
a,https://demo.cyotek.com/html/elements/picture.php
a,https://www.cyotek.com/blog/tools-we-use-2024-edition
a,https://demo.cyotek.com/html/elements/style.php
a,https://www.cyotek.com/search
a,https://support.cyotek.com
a,https://demo.cyotek.com/javascript/index.php
a,https://www.cyotek.com/terms-of-use
a,https://www.cyotek.com/cyotek-nbt-editor
a,https://www.cyotek.com/blog
a,https://www.cyotek.com/cyotek-gif-animator
a,https://www.cyotek.com/donate
a,https://demo.cyotek.com/
a,https://www.cyotek.com/blog/tools-we-use-2023-edition
a,https://www.cyotek.com/blog/rss
a,https://www.cyotek.com/about
a,https://www.cyotek.com/cyotek-webcopy
a,https://www.cyotek.com/rss
demonstration,https://www.cyotek.com/open-source
demonstration,https://demo.cyotek.com/changelog.php
demonstration,https://demo.cyotek.com/about.php
demonstration,https://www.cyotek.com/blog/rss
demonstration,https://demo.cyotek.com/
demonstration,https://www.cyotek.com/rss
website,https://demo.cyotek.com/css/index.php
website,https://demo.cyotek.com/about.php
website,https://www.cyotek.com/products
website,https://www.cyotek.com/blog/products
website,https://demo.cyotek.com/html/index.php
website,https://www.cyotek.com/open-source
website,https://www.cyotek.com/blog/resolving-svn-error-could-not-open-the-requested-svn-filesystem
website,https://www.cyotek.com/privacy-policy
website,https://demo.cyotek.com/statuscodes/index.php
website,https://www.cyotek.com/source-code
website,https://demo.cyotek.com/features/index.php
website,https://www.cyotek.com/copyright-and-trademarks
website,https://demo.cyotek.com/html/elements/object.php
website,https://demo.cyotek.com/html/attributes/custom.php
website,https://demo.cyotek.com/changelog.php
website,https://www.cyotek.com/blog/products/introducing-webview2-support-part-1
website,https://demo.cyotek.com/html/elements/picture.php
website,https://www.cyotek.com/blog/tools-we-use-2024-edition
website,https://demo.cyotek.com/html/elements/style.php
website,https://demo.cyotek.com/javascript/index.php
website,https://www.cyotek.com/terms-of-use
website,https://www.cyotek.com/blog
website,https://demo.cyotek.com/
website,https://www.cyotek.com/blog/tools-we-use-2023-edition
website,https://www.cyotek.com/blog/rss
website,https://www.cyotek.com/cyotek-webcopy
website,https://www.cyotek.com/rss
that,https://www.cyotek.com/cyotek-slicr
that,https://demo.cyotek.com/about.php
that,https://www.cyotek.com/products
that,https://www.cyotek.com/blog/products
that,https://www.cyotek.com/open-source
that,https://www.cyotek.com/blog/resolving-svn-error-could-not-open-the-requested-svn-filesystem
that,https://www.cyotek.com/privacy-policy
that,https://demo.cyotek.com/statuscodes/index.php
that,https://www.cyotek.com/source-code
that,https://www.cyotek.com/blog/products/crowdstrike-falcon-false-positives
that,https://www.cyotek.com/cyotek-sitemap-creator
that,https://www.cyotek.com/contact
that,https://demo.cyotek.com/changelog.php
that,https://www.cyotek.com/blog/products/introducing-webview2-support-part-1
that,https://www.cyotek.com/jewel-rush
that,https://demo.cyotek.com/html/elements/picture.php
that,https://www.cyotek.com/blog/tools-we-use-2024-edition
that,https://support.cyotek.com
that,https://www.cyotek.com/terms-of-use
that,https://www.cyotek.com/cyotek-nbt-editor
that,https://www.cyotek.com/blog
that,https://demo.cyotek.com/
that,https://www.cyotek.com/blog/tools-we-use-2023-edition
that,https://www.cyotek.com/blog/rss
that,https://www.cyotek.com/rss
designed,https://www.cyotek.com/blog/rss
designed,https://demo.cyotek.com/
designed,https://www.cyotek.com/rss
to,https://www.cyotek.com/cyotek-copytools
to,https://demo.cyotek.com/css/index.php
to,https://www.cyotek.com/cyotek-slicr
to,https://www.cyotek.com/
to,https://www.cyotek.com
to,https://demo.cyotek.com/about.php
to,https://www.cyotek.com/products
to,https://www.cyotek.com/blog/products
to,https://demo.cyotek.com/html/index.php
to,https://www.cyotek.com/cyotek-spriter
to,https://www.cyotek.com/open-source
to,https://www.cyotek.com/blog/resolving-svn-error-could-not-open-the-requested-svn-filesystem
to,https://www.cyotek.com/downloads
to,https://www.cyotek.com/privacy-policy
to,https://demo.cyotek.com/statuscodes/index.php
to,https://www.cyotek.com/source-code
to,https://demo.cyotek.com/features/index.php
to,https://www.cyotek.com/blog/products/introducing-64bit-builds
to,https://www.cyotek.com/copyright-and-trademarks
to,https://www.cyotek.com/blog/products/crowdstrike-falcon-false-positives
to,https://demo.cyotek.com/html/elements/object.php
to,https://www.cyotek.com/cyotek-sitemap-creator
to,https://www.cyotek.com/sitemap
to,https://www.cyotek.com/contact
to,https://demo.cyotek.com/html/attributes/custom.php
to,https://demo.cyotek.com/changelog.php
to,https://www.cyotek.com/blog/products/introducing-webview2-support-part-1
to,https://www.cyotek.com/cyotek-palette-editor
to,https://www.cyotek.com/jewel-rush
to,https://demo.cyotek.com/html/elements/picture.php
to,https://www.cyotek.com/blog/tools-we-use-2024-edition
to,https://demo.cyotek.com/html/elements/style.php
to,https://www.cyotek.com/search
to,https://support.cyotek.com
to,https://docs.cyotek.com/
to,https://www.cyotek.com/terms-of-use
to,https://www.cyotek.com/cyotek-nbt-editor
to,https://www.cyotek.com/blog
to,https://www.cyotek.com/cyotek-gif-animator
to,https://www.cyotek.com/donate
to,https://demo.cyotek.com/
to,https://www.cyotek.com/blog/tools-we-use-2023-edition
to,https://www.cyotek.com/blog/rss
to,https://www.cyotek.com/about
to,https://www.cyotek.com/cyotek-webcopy
to,https://www.cyotek.com/rss
the,https://www.cyotek.com/cyotek-copytools
the,https://demo.cyotek.com/css/index.php
the,https://www.cyotek.com/cyotek-slicr
the,https://www.cyotek.com/
the,https://www.cyotek.com
the,https://demo.cyotek.com/about.php
the,https://www.cyotek.com/products
the,https://www.cyotek.com/blog/products
the,https://demo.cyotek.com/html/index.php
the,https://www.cyotek.com/cyotek-spriter
the,https://www.cyotek.com/open-source
the,https://www.cyotek.com/blog/resolving-svn-error-could-not-open-the-requested-svn-filesystem
the,https://www.cyotek.com/downloads
the,https://www.cyotek.com/privacy-policy
the,https://demo.cyotek.com/statuscodes/index.php
the,https://www.cyotek.com/source-code
the,https://demo.cyotek.com/features/index.php
the,https://www.cyotek.com/blog/products/introducing-64bit-builds
the,https://www.cyotek.com/copyright-and-trademarks
the,https://www.cyotek.com/blog/products/crowdstrike-falcon-false-positives
the,https://demo.cyotek.com/html/elements/object.php
the,https://www.cyotek.com/cyotek-sitemap-creator
the,https://www.cyotek.com/sitemap
the,https://www.cyotek.com/contact
the,https://demo.cyotek.com/html/attributes/custom.php
the,https://demo.cyotek.com/changelog.php
the,https://www.cyotek.com/blog/products/introducing-webview2-support-part-1
the,https://www.cyotek.com/cyotek-palette-editor
the,https://www.cyotek.com/jewel-rush
the,https://demo.cyotek.com/html/elements/picture.php
the,https://www.cyotek.com/blog/tools-we-use-2024-edition
the,https://demo.cyotek.com/html/elements/style.php
the,https://www.cyotek.com/search
the,https://support.cyotek.com
the,https://demo.cyotek.com/javascript/index.php
the,https://docs.cyotek.com/
the,https://www.cyotek.com/terms-of-use
the,https://www.cyotek.com/cyotek-nbt-editor
the,https://www.cyotek.com/blog
the,https://www.cyotek.com/cyotek-gif-animator
the,https://www.cyotek.com/donate
the,https://demo.cyotek.com/
the,https://www.cyotek.com/blog/tools-we-use-2023-edition
the,https://www.cyotek.com/blog/rss
the,https://www.cyotek.com/about
the,https://www.cyotek.com/cyotek-webcopy
the,https://www.cyotek.com/rss
crawling,https://demo.cyotek.com/javascript/index.php
crawling,https://demo.cyotek.com/css/index.php
crawling,https://demo.cyotek.com/
crawling,https://demo.cyotek.com/features/index.php
crawling,https://www.cyotek.com/blog/rss
crawling,https://demo.cyotek.com/html/index.php
crawling,https://www.cyotek.com/rss
functionality,https://www.cyotek.com/source-code
functionality,https://www.cyotek.com/blog/tools-we-use-2023-edition
functionality,https://www.cyotek.com/blog/products/introducing-webview2-support-part-1
functionality,https://www.cyotek.com/blog/rss
functionality,https://demo.cyotek.com/
functionality,https://www.cyotek.com/blog/tools-we-use-2024-edition
functionality,https://www.cyotek.com/rss
of,https://www.cyotek.com/cyotek-copytools
of,https://demo.cyotek.com/css/index.php
of,https://www.cyotek.com/cyotek-slicr
of,https://www.cyotek.com/
of,https://www.cyotek.com
of,https://demo.cyotek.com/about.php
of,https://www.cyotek.com/products
of,https://www.cyotek.com/blog/products
of,https://demo.cyotek.com/html/index.php
of,https://www.cyotek.com/cyotek-spriter
of,https://www.cyotek.com/open-source
of,https://www.cyotek.com/blog/resolving-svn-error-could-not-open-the-requested-svn-filesystem
of,https://www.cyotek.com/downloads
of,https://www.cyotek.com/privacy-policy
of,https://demo.cyotek.com/statuscodes/index.php
of,https://www.cyotek.com/source-code
of,https://demo.cyotek.com/features/index.php
of,https://www.cyotek.com/blog/products/introducing-64bit-builds
of,https://www.cyotek.com/copyright-and-trademarks
of,https://www.cyotek.com/blog/products/crowdstrike-falcon-false-positives
of,https://www.cyotek.com/cyotek-sitemap-creator
of,https://www.cyotek.com/sitemap
of,https://www.cyotek.com/contact
of,https://demo.cyotek.com/html/attributes/custom.php
of,https://demo.cyotek.com/changelog.php
of,https://www.cyotek.com/blog/products/introducing-webview2-support-part-1
of,https://www.cyotek.com/cyotek-palette-editor
of,https://www.cyotek.com/jewel-rush
of,https://demo.cyotek.com/html/elements/picture.php
of,https://www.cyotek.com/blog/tools-we-use-2024-edition
of,https://demo.cyotek.com/html/elements/style.php
of,https://www.cyotek.com/search
of,https://support.cyotek.com
of,https://demo.cyotek.com/javascript/index.php
of,https://www.cyotek.com/terms-of-use
of,https://www.cyotek.com/cyotek-nbt-editor
of,https://www.cyotek.com/blog
of,https://www.cyotek.com/cyotek-gif-animator
of,https://www.cyotek.com/donate
of,https://demo.cyotek.com/
of,https://www.cyotek.com/blog/tools-we-use-2023-edition
of,https://www.cyotek.com/blog/rss
of,https://www.cyotek.com/about
of,https://www.cyotek.com/cyotek-webcopy
of,https://www.cyotek.com/rss
cyotek,https://www.cyotek.com/cyotek-copytools
cyotek,https://demo.cyotek.com/css/index.php
cyotek,https://www.cyotek.com/cyotek-slicr
cyotek,https://www.cyotek.com/
cyotek,https://www.cyotek.com
cyotek,https://demo.cyotek.com/about.php
cyotek,https://www.cyotek.com/products
cyotek,https://www.cyotek.com/blog/products
cyotek,https://demo.cyotek.com/html/index.php
cyotek,https://www.cyotek.com/cyotek-spriter
cyotek,https://www.cyotek.com/open-source
cyotek,https://www.cyotek.com/blog/resolving-svn-error-could-not-open-the-requested-svn-filesystem
cyotek,https://www.cyotek.com/downloads
cyotek,https://www.cyotek.com/privacy-policy
cyotek,https://demo.cyotek.com/statuscodes/index.php
cyotek,https://www.cyotek.com/source-code
cyotek,https://demo.cyotek.com/features/index.php
cyotek,https://www.cyotek.com/blog/products/introducing-64bit-builds
cyotek,https://www.cyotek.com/copyright-and-trademarks
cyotek,https://www.cyotek.com/blog/products/crowdstrike-falcon-false-positives
cyotek,https://demo.cyotek.com/html/elements/object.php
cyotek,https://www.cyotek.com/cyotek-sitemap-creator
cyotek,https://www.cyotek.com/sitemap
cyotek,https://www.cyotek.com/contact
cyotek,https://demo.cyotek.com/html/attributes/custom.php
cyotek,https://demo.cyotek.com/changelog.php
cyotek,https://www.cyotek.com/blog/products/introducing-webview2-support-part-1
cyotek,https://www.cyotek.com/cyotek-palette-editor
cyotek,https://www.cyotek.com/jewel-rush
cyotek,https://demo.cyotek.com/html/elements/picture.php
cyotek,https://www.cyotek.com/blog/tools-we-use-2024-edition
cyotek,https://demo.cyotek.com/html/elements/style.php
cyotek,https://www.cyotek.com/search
cyotek,https://support.cyotek.com
cyotek,https://demo.cyotek.com/javascript/index.php
cyotek,https://docs.cyotek.com/
cyotek,https://www.cyotek.com/terms-of-use
cyotek,https://www.cyotek.com/cyotek-nbt-editor
cyotek,https://www.cyotek.com/blog
cyotek,https://www.cyotek.com/cyotek-gif-animator
cyotek,https://www.cyotek.com/donate
cyotek,https://demo.cyotek.com/
cyotek,https://www.cyotek.com/blog/tools-we-use-2023-edition
cyotek,https://www.cyotek.com/blog/rss
cyotek,https://www.cyotek.com/about
cyotek,https://www.cyotek.com/cyotek-webcopy
cyotek,https://www.cyotek.com/rss
webcopy,https://www.cyotek.com/cyotek-copytools
webcopy,https://www.cyotek.com/cyotek-slicr
webcopy,https://www.cyotek.com/
webcopy,https://www.cyotek.com
webcopy,https://demo.cyotek.com/about.php
webcopy,https://www.cyotek.com/products
webcopy,https://www.cyotek.com/blog/products
webcopy,https://www.cyotek.com/cyotek-spriter
webcopy,https://www.cyotek.com/open-source
webcopy,https://www.cyotek.com/blog/resolving-svn-error-could-not-open-the-requested-svn-filesystem
webcopy,https://www.cyotek.com/downloads
webcopy,https://www.cyotek.com/privacy-policy
webcopy,https://demo.cyotek.com/statuscodes/index.php
webcopy,https://www.cyotek.com/source-code
webcopy,https://www.cyotek.com/blog/products/introducing-64bit-builds
webcopy,https://www.cyotek.com/copyright-and-trademarks
webcopy,https://www.cyotek.com/blog/products/crowdstrike-falcon-false-positives
webcopy,https://www.cyotek.com/cyotek-sitemap-creator
webcopy,https://www.cyotek.com/sitemap
webcopy,https://www.cyotek.com/contact
webcopy,https://demo.cyotek.com/html/attributes/custom.php
webcopy,https://demo.cyotek.com/changelog.php
webcopy,https://www.cyotek.com/blog/products/introducing-webview2-support-part-1
webcopy,https://www.cyotek.com/cyotek-palette-editor
webcopy,https://www.cyotek.com/jewel-rush
webcopy,https://www.cyotek.com/blog/tools-we-use-2024-edition
webcopy,https://www.cyotek.com/search
webcopy,https://support.cyotek.com
webcopy,https://docs.cyotek.com/
webcopy,https://www.cyotek.com/terms-of-use
webcopy,https://www.cyotek.com/cyotek-nbt-editor
webcopy,https://www.cyotek.com/blog
webcopy,https://www.cyotek.com/cyotek-gif-animator
webcopy,https://www.cyotek.com/donate
webcopy,https://demo.cyotek.com/
webcopy,https://www.cyotek.com/blog/tools-we-use-2023-edition
webcopy,https://www.cyotek.com/blog/rss
webcopy,https://www.cyotek.com/about
webcopy,https://www.cyotek.com/cyotek-webcopy
webcopy,https://www.cyotek.com/rss
and,https://www.cyotek.com/cyotek-copytools
and,https://www.cyotek.com/cyotek-slicr
and,https://www.cyotek.com/
and,https://www.cyotek.com
and,https://demo.cyotek.com/about.php
and,https://www.cyotek.com/products
and,https://www.cyotek.com/blog/products
and,https://demo.cyotek.com/html/index.php
and,https://www.cyotek.com/cyotek-spriter
and,https://www.cyotek.com/open-source
and,https://www.cyotek.com/blog/resolving-svn-error-could-not-open-the-requested-svn-filesystem
and,https://www.cyotek.com/downloads
and,https://www.cyotek.com/privacy-policy
and,https://demo.cyotek.com/statuscodes/index.php
and,https://www.cyotek.com/source-code
and,https://demo.cyotek.com/features/index.php
and,https://www.cyotek.com/blog/products/introducing-64bit-builds
and,https://www.cyotek.com/copyright-and-trademarks
and,https://www.cyotek.com/blog/products/crowdstrike-falcon-false-positives
and,https://www.cyotek.com/cyotek-sitemap-creator
and,https://www.cyotek.com/sitemap
and,https://www.cyotek.com/contact
and,https://demo.cyotek.com/html/attributes/custom.php
and,https://demo.cyotek.com/changelog.php
and,https://www.cyotek.com/blog/products/introducing-webview2-support-part-1
and,https://www.cyotek.com/cyotek-palette-editor
and,https://www.cyotek.com/jewel-rush
and,https://demo.cyotek.com/html/elements/picture.php
and,https://www.cyotek.com/blog/tools-we-use-2024-edition
and,https://demo.cyotek.com/html/elements/style.php
and,https://www.cyotek.com/search
and,https://support.cyotek.com
and,https://demo.cyotek.com/javascript/index.php
and,https://www.cyotek.com/terms-of-use
and,https://www.cyotek.com/cyotek-nbt-editor
and,https://www.cyotek.com/blog
and,https://www.cyotek.com/cyotek-gif-animator
and,https://www.cyotek.com/donate
and,https://demo.cyotek.com/
and,https://www.cyotek.com/blog/tools-we-use-2023-edition
and,https://www.cyotek.com/blog/rss
and,https://www.cyotek.com/about
and,https://www.cyotek.com/cyotek-webcopy
and,https://www.cyotek.com/rss
how,https://www.cyotek.com/open-source
how,https://www.cyotek.com/blog/resolving-svn-error-could-not-open-the-requested-svn-filesystem
how,https://www.cyotek.com/privacy-policy
how,https://www.cyotek.com/source-code
how,https://www.cyotek.com/blog
how,https://www.cyotek.com/donate
how,https://demo.cyotek.com/
how,https://www.cyotek.com/blog/tools-we-use-2023-edition
how,https://www.cyotek.com/blog/rss
how,https://www.cyotek.com/rss
it,https://demo.cyotek.com/about.php
it,https://www.cyotek.com/products
it,https://www.cyotek.com/blog/products
it,https://www.cyotek.com/open-source
it,https://www.cyotek.com/blog/resolving-svn-error-could-not-open-the-requested-svn-filesystem
it,https://www.cyotek.com/privacy-policy
it,https://www.cyotek.com/blog/products/introducing-64bit-builds
it,https://www.cyotek.com/copyright-and-trademarks
it,https://www.cyotek.com/blog/products/crowdstrike-falcon-false-positives
it,https://demo.cyotek.com/changelog.php
it,https://www.cyotek.com/blog/products/introducing-webview2-support-part-1
it,https://demo.cyotek.com/html/elements/picture.php
it,https://www.cyotek.com/blog/tools-we-use-2024-edition
it,https://demo.cyotek.com/javascript/index.php
it,https://www.cyotek.com/terms-of-use
it,https://www.cyotek.com/cyotek-nbt-editor
it,https://www.cyotek.com/blog
it,https://demo.cyotek.com/
it,https://www.cyotek.com/blog/tools-we-use-2023-edition
it,https://www.cyotek.com/blog/rss
it,https://www.cyotek.com/cyotek-webcopy
it,https://www.cyotek.com/rss
deals,https://www.cyotek.com/blog/rss
deals,https://demo.cyotek.com/
deals,https://www.cyotek.com/rss
with,https://www.cyotek.com/cyotek-copytools
with,https://www.cyotek.com/cyotek-slicr
with,https://www.cyotek.com/
with,https://www.cyotek.com
with,https://demo.cyotek.com/about.php
with,https://www.cyotek.com/products
with,https://www.cyotek.com/blog/products
with,https://www.cyotek.com/cyotek-spriter
with,https://www.cyotek.com/open-source
with,https://www.cyotek.com/blog/resolving-svn-error-could-not-open-the-requested-svn-filesystem
with,https://www.cyotek.com/downloads
with,https://www.cyotek.com/privacy-policy
with,https://demo.cyotek.com/statuscodes/index.php
with,https://www.cyotek.com/source-code
with,https://www.cyotek.com/blog/products/introducing-64bit-builds
with,https://www.cyotek.com/copyright-and-trademarks
with,https://www.cyotek.com/blog/products/crowdstrike-falcon-false-positives
with,https://www.cyotek.com/cyotek-sitemap-creator
with,https://demo.cyotek.com/html/attributes/custom.php
with,https://demo.cyotek.com/changelog.php
with,https://www.cyotek.com/blog/products/introducing-webview2-support-part-1
with,https://www.cyotek.com/cyotek-palette-editor
with,https://www.cyotek.com/jewel-rush
with,https://demo.cyotek.com/html/elements/picture.php
with,https://www.cyotek.com/blog/tools-we-use-2024-edition
with,https://support.cyotek.com
with,https://www.cyotek.com/terms-of-use
with,https://www.cyotek.com/cyotek-nbt-editor
with,https://www.cyotek.com/blog
with,https://www.cyotek.com/cyotek-gif-animator
with,https://demo.cyotek.com/
with,https://www.cyotek.com/blog/tools-we-use-2023-edition
with,https://www.cyotek.com/blog/rss
with,https://www.cyotek.com/about
with,https://www.cyotek.com/cyotek-webcopy
with,https://www.cyotek.com/rss
various,https://demo.cyotek.com/about.php
various,https://demo.cyotek.com/
various,https://www.cyotek.com/blog/tools-we-use-2023-edition
various,https://www.cyotek.com/products
various,https://www.cyotek.com/jewel-rush
various,https://www.cyotek.com/about
various,https://www.cyotek.com/blog/rss
various,https://www.cyotek.com/blog/tools-we-use-2024-edition
various,https://www.cyotek.com/rss
http.,https://demo.cyotek.com/
for,https://www.cyotek.com/cyotek-copytools
for,https://www.cyotek.com/cyotek-slicr
for,https://www.cyotek.com/
for,https://www.cyotek.com
for,https://demo.cyotek.com/about.php
for,https://www.cyotek.com/products
for,https://www.cyotek.com/blog/products
for,https://www.cyotek.com/cyotek-spriter
for,https://www.cyotek.com/open-source
for,https://www.cyotek.com/blog/resolving-svn-error-could-not-open-the-requested-svn-filesystem
for,https://www.cyotek.com/downloads
for,https://www.cyotek.com/privacy-policy
for,https://demo.cyotek.com/statuscodes/index.php
for,https://www.cyotek.com/source-code
for,https://www.cyotek.com/blog/products/introducing-64bit-builds
for,https://www.cyotek.com/copyright-and-trademarks
for,https://www.cyotek.com/blog/products/crowdstrike-falcon-false-positives
for,https://www.cyotek.com/cyotek-sitemap-creator
for,https://www.cyotek.com/sitemap
for,https://www.cyotek.com/contact
for,https://demo.cyotek.com/html/attributes/custom.php
for,https://demo.cyotek.com/changelog.php
for,https://www.cyotek.com/blog/products/introducing-webview2-support-part-1
for,https://www.cyotek.com/cyotek-palette-editor
for,https://www.cyotek.com/jewel-rush
for,https://demo.cyotek.com/html/elements/picture.php
for,https://www.cyotek.com/blog/tools-we-use-2024-edition
for,https://demo.cyotek.com/html/elements/style.php
for,https://www.cyotek.com/search
for,https://support.cyotek.com
for,https://demo.cyotek.com/javascript/index.php
for,https://www.cyotek.com/terms-of-use
for,https://www.cyotek.com/cyotek-nbt-editor
for,https://www.cyotek.com/blog
for,https://www.cyotek.com/cyotek-gif-animator
for,https://www.cyotek.com/donate
for,https://demo.cyotek.com/
for,https://www.cyotek.com/blog/tools-we-use-2023-edition
for,https://www.cyotek.com/blog/rss
for,https://www.cyotek.com/about
for,https://www.cyotek.com/cyotek-webcopy
for,https://www.cyotek.com/rss
more,https://www.cyotek.com/cyotek-spriter
more,https://www.cyotek.com/cyotek-sitemap-creator
more,https://www.cyotek.com/blog/resolving-svn-error-could-not-open-the-requested-svn-filesystem
more,https://www.cyotek.com/privacy-policy
more,https://www.cyotek.com/source-code
more,https://demo.cyotek.com/html/attributes/custom.php
more,https://demo.cyotek.com/changelog.php
more,https://demo.cyotek.com/
more,https://www.cyotek.com/blog/tools-we-use-2023-edition
more,https://www.cyotek.com/products
more,https://www.cyotek.com/blog/rss
more,https://www.cyotek.com/blog/tools-we-use-2024-edition
more,https://support.cyotek.com
more,https://www.cyotek.com/rss
information,https://www.cyotek.com/terms-of-use
information,https://www.cyotek.com/blog/products/crowdstrike-falcon-false-positives
information,https://www.cyotek.com/blog/resolving-svn-error-could-not-open-the-requested-svn-filesystem
information,https://www.cyotek.com/privacy-policy
information,https://www.cyotek.com/
information,https://www.cyotek.com
information,https://demo.cyotek.com/changelog.php
information,https://www.cyotek.com/blog
information,https://demo.cyotek.com/
information,https://www.cyotek.com/blog/products/introducing-webview2-support-part-1
information,https://www.cyotek.com/blog/tools-we-use-2023-edition
information,https://www.cyotek.com/blog/products/introducing-64bit-builds
information,https://www.cyotek.com/blog/rss
information,https://demo.cyotek.com/html/elements/style.php
information,https://www.cyotek.com/blog/products
information,https://www.cyotek.com/blog/tools-we-use-2024-edition
information,https://www.cyotek.com/rss
on,https://www.cyotek.com/cyotek-slicr
on,https://www.cyotek.com/
on,https://www.cyotek.com
on,https://demo.cyotek.com/about.php
on,https://www.cyotek.com/products
on,https://www.cyotek.com/blog/products
on,https://www.cyotek.com/cyotek-spriter
on,https://www.cyotek.com/open-source
on,https://www.cyotek.com/blog/resolving-svn-error-could-not-open-the-requested-svn-filesystem
on,https://www.cyotek.com/privacy-policy
on,https://www.cyotek.com/source-code
on,https://www.cyotek.com/blog/products/introducing-64bit-builds
on,https://www.cyotek.com/blog/products/crowdstrike-falcon-false-positives
on,https://www.cyotek.com/cyotek-sitemap-creator
on,https://www.cyotek.com/sitemap
on,https://www.cyotek.com/contact
on,https://demo.cyotek.com/html/attributes/custom.php
on,https://demo.cyotek.com/changelog.php
on,https://www.cyotek.com/blog/products/introducing-webview2-support-part-1
on,https://demo.cyotek.com/html/elements/picture.php
on,https://www.cyotek.com/blog/tools-we-use-2024-edition
on,https://support.cyotek.com
on,https://www.cyotek.com/terms-of-use
on,https://www.cyotek.com/cyotek-nbt-editor
on,https://www.cyotek.com/blog
on,https://demo.cyotek.com/
on,https://www.cyotek.com/blog/tools-we-use-2023-edition
on,https://www.cyotek.com/blog/rss
on,https://www.cyotek.com/about
on,https://www.cyotek.com/rss
"cyotek,",https://www.cyotek.com/blog/resolving-svn-error-could-not-open-the-requested-svn-filesystem
"cyotek,",https://www.cyotek.com/
"cyotek,",https://www.cyotek.com
"cyotek,",https://www.cyotek.com/blog/tools-we-use-2023-edition
"cyotek,",https://demo.cyotek.com/
"cyotek,",https://www.cyotek.com/blog/tools-we-use-2024-edition
"cyotek,",https://www.cyotek.com/rss
or,https://www.cyotek.com/cyotek-copytools
or,https://demo.cyotek.com/css/index.php
or,https://www.cyotek.com/cyotek-slicr
or,https://demo.cyotek.com/about.php
or,https://www.cyotek.com/products
or,https://www.cyotek.com/blog/products
or,https://demo.cyotek.com/html/index.php
or,https://www.cyotek.com/cyotek-spriter
or,https://www.cyotek.com/open-source
or,https://www.cyotek.com/blog/resolving-svn-error-could-not-open-the-requested-svn-filesystem
or,https://www.cyotek.com/downloads
or,https://www.cyotek.com/privacy-policy
or,https://demo.cyotek.com/statuscodes/index.php
or,https://www.cyotek.com/source-code
or,https://demo.cyotek.com/features/index.php
or,https://www.cyotek.com/blog/products/introducing-64bit-builds
or,https://www.cyotek.com/copyright-and-trademarks
or,https://www.cyotek.com/blog/products/crowdstrike-falcon-false-positives
or,https://demo.cyotek.com/html/elements/object.php
or,https://www.cyotek.com/cyotek-sitemap-creator
or,https://www.cyotek.com/sitemap
or,https://www.cyotek.com/contact
or,https://demo.cyotek.com/html/attributes/custom.php
or,https://demo.cyotek.com/changelog.php
or,https://www.cyotek.com/blog/products/introducing-webview2-support-part-1
or,https://www.cyotek.com/cyotek-palette-editor
or,https://www.cyotek.com/jewel-rush
or,https://demo.cyotek.com/html/elements/picture.php
or,https://www.cyotek.com/blog/tools-we-use-2024-edition
or,https://demo.cyotek.com/html/elements/style.php
or,https://support.cyotek.com
or,https://demo.cyotek.com/javascript/index.php
or,https://www.cyotek.com/terms-of-use
or,https://www.cyotek.com/cyotek-nbt-editor
or,https://www.cyotek.com/blog
or,https://www.cyotek.com/cyotek-gif-animator
or,https://www.cyotek.com/donate
or,https://demo.cyotek.com/
or,https://www.cyotek.com/blog/tools-we-use-2023-edition
or,https://www.cyotek.com/blog/rss
or,https://www.cyotek.com/cyotek-webcopy
or,https://www.cyotek.com/rss
any,https://www.cyotek.com/privacy-policy
any,https://www.cyotek.com/source-code
any,https://demo.cyotek.com/statuscodes/index.php
any,https://www.cyotek.com/blog/products/crowdstrike-falcon-false-positives
any,https://www.cyotek.com/copyright-and-trademarks
any,https://www.cyotek.com/contact
any,https://demo.cyotek.com/html/attributes/custom.php
any,https://www.cyotek.com/blog/products/introducing-webview2-support-part-1
any,https://www.cyotek.com/cyotek-palette-editor
any,https://www.cyotek.com/blog/tools-we-use-2024-edition
any,https://support.cyotek.com
any,https://www.cyotek.com/terms-of-use
any,https://www.cyotek.com/cyotek-nbt-editor
any,https://www.cyotek.com/cyotek-gif-animator
any,https://demo.cyotek.com/
any,https://www.cyotek.com/blog/tools-we-use-2023-edition
any,https://www.cyotek.com/blog/rss
any,https://www.cyotek.com/cyotek-webcopy
any,https://www.cyotek.com/rss
our,https://www.cyotek.com/terms-of-use
our,https://www.cyotek.com/blog/products/crowdstrike-falcon-false-positives
our,https://www.cyotek.com/blog/resolving-svn-error-could-not-open-the-requested-svn-filesystem
our,https://www.cyotek.com/rss
our,https://www.cyotek.com/contact
our,https://www.cyotek.com/privacy-policy
our,https://www.cyotek.com/source-code
our,https://demo.cyotek.com/about.php
our,https://demo.cyotek.com/
our,https://www.cyotek.com/blog/products/introducing-webview2-support-part-1
our,https://www.cyotek.com/donate
our,https://www.cyotek.com/blog/products/introducing-64bit-builds
our,https://www.cyotek.com/about
our,https://www.cyotek.com/blog/tools-we-use-2023-edition
our,https://www.cyotek.com/blog/rss
our,https://www.cyotek.com/blog/tools-we-use-2024-edition
our,https://support.cyotek.com
our,https://www.cyotek.com/copyright-and-trademarks
other,https://www.cyotek.com/cyotek-slicr
other,https://www.cyotek.com/
other,https://www.cyotek.com
other,https://www.cyotek.com/products
other,https://www.cyotek.com/blog/resolving-svn-error-could-not-open-the-requested-svn-filesystem
other,https://www.cyotek.com/privacy-policy
other,https://www.cyotek.com/source-code
other,https://demo.cyotek.com/statuscodes/index.php
other,https://www.cyotek.com/blog/products/introducing-64bit-builds
other,https://www.cyotek.com/copyright-and-trademarks
other,https://demo.cyotek.com/html/attributes/custom.php
other,https://www.cyotek.com/cyotek-palette-editor
other,https://www.cyotek.com/blog/tools-we-use-2024-edition
other,https://demo.cyotek.com/html/elements/style.php
other,https://support.cyotek.com
other,https://www.cyotek.com/terms-of-use
other,https://www.cyotek.com/cyotek-nbt-editor
other,https://www.cyotek.com/donate
other,https://demo.cyotek.com/
other,https://www.cyotek.com/blog/tools-we-use-2023-edition
other,https://www.cyotek.com/blog/rss
other,https://www.cyotek.com/cyotek-webcopy
other,https://www.cyotek.com/rss
products,https://www.cyotek.com/cyotek-copytools
products,https://www.cyotek.com/cyotek-slicr
products,https://www.cyotek.com/
products,https://www.cyotek.com
products,https://demo.cyotek.com/about.php
products,https://www.cyotek.com/products
products,https://www.cyotek.com/blog/products
products,https://www.cyotek.com/cyotek-spriter
products,https://www.cyotek.com/open-source
products,https://www.cyotek.com/blog/resolving-svn-error-could-not-open-the-requested-svn-filesystem
products,https://www.cyotek.com/downloads
products,https://www.cyotek.com/privacy-policy
products,https://www.cyotek.com/source-code
products,https://www.cyotek.com/blog/products/introducing-64bit-builds
products,https://www.cyotek.com/copyright-and-trademarks
products,https://www.cyotek.com/blog/products/crowdstrike-falcon-false-positives
products,https://www.cyotek.com/cyotek-sitemap-creator
products,https://www.cyotek.com/sitemap
products,https://www.cyotek.com/contact
products,https://www.cyotek.com/blog/products/introducing-webview2-support-part-1
products,https://www.cyotek.com/cyotek-palette-editor
products,https://www.cyotek.com/jewel-rush
products,https://www.cyotek.com/blog/tools-we-use-2024-edition
products,https://www.cyotek.com/search
products,https://support.cyotek.com
products,https://www.cyotek.com/terms-of-use
products,https://www.cyotek.com/cyotek-nbt-editor
products,https://www.cyotek.com/blog
products,https://www.cyotek.com/cyotek-gif-animator
products,https://www.cyotek.com/donate
products,https://demo.cyotek.com/
products,https://www.cyotek.com/blog/tools-we-use-2023-edition
products,https://www.cyotek.com/blog/rss
products,https://www.cyotek.com/about
products,https://www.cyotek.com/cyotek-webcopy
products,https://www.cyotek.com/rss
please,https://www.cyotek.com/cyotek-copytools
please,https://www.cyotek.com/cyotek-slicr
please,https://www.cyotek.com/blog/products
please,https://www.cyotek.com/cyotek-spriter
please,https://www.cyotek.com/open-source
please,https://www.cyotek.com/blog/resolving-svn-error-could-not-open-the-requested-svn-filesystem
please,https://www.cyotek.com/downloads
please,https://www.cyotek.com/privacy-policy
please,https://www.cyotek.com/source-code
please,https://www.cyotek.com/blog/products/introducing-64bit-builds
please,https://www.cyotek.com/blog/products/crowdstrike-falcon-false-positives
please,https://www.cyotek.com/cyotek-sitemap-creator
please,https://www.cyotek.com/contact
please,https://www.cyotek.com/blog/products/introducing-webview2-support-part-1
please,https://www.cyotek.com/cyotek-palette-editor
please,https://www.cyotek.com/jewel-rush
please,https://www.cyotek.com/blog/tools-we-use-2024-edition
please,https://www.cyotek.com/search
please,https://www.cyotek.com/cyotek-nbt-editor
please,https://www.cyotek.com/blog
please,https://www.cyotek.com/cyotek-gif-animator
please,https://demo.cyotek.com/
please,https://www.cyotek.com/blog/tools-we-use-2023-edition
please,https://www.cyotek.com/blog/rss
please,https://www.cyotek.com/cyotek-webcopy
please,https://www.cyotek.com/rss
visit,https://www.cyotek.com/blog/products/crowdstrike-falcon-false-positives
visit,https://www.cyotek.com/blog/resolving-svn-error-could-not-open-the-requested-svn-filesystem
visit,https://www.cyotek.com/privacy-policy
visit,https://www.cyotek.com/blog
visit,https://www.cyotek.com/blog/products/introducing-webview2-support-part-1
visit,https://demo.cyotek.com/
visit,https://www.cyotek.com/blog/tools-we-use-2023-edition
visit,https://www.cyotek.com/blog/products/introducing-64bit-builds
visit,https://www.cyotek.com/blog/rss
visit,https://www.cyotek.com/blog/products
visit,https://www.cyotek.com/blog/tools-we-use-2024-edition
visit,https://www.cyotek.com/rss
www.cyotek.com,https://demo.cyotek.com/
.,https://www.cyotek.com/blog/resolving-svn-error-could-not-open-the-requested-svn-filesystem
.,https://www.cyotek.com/contact
.,https://www.cyotek.com/privacy-policy
.,https://www.cyotek.com/source-code
.,https://www.cyotek.com/
.,https://www.cyotek.com
.,https://www.cyotek.com/cyotek-gif-animator
.,https://demo.cyotek.com/about.php
.,https://demo.cyotek.com/
.,https://www.cyotek.com/blog/products/introducing-webview2-support-part-1
.,https://www.cyotek.com/blog
.,https://www.cyotek.com/blog/products/introducing-64bit-builds
.,https://www.cyotek.com/cyotek-palette-editor
.,https://www.cyotek.com/blog/tools-we-use-2023-edition
.,https://www.cyotek.com/blog/products
.,https://www.cyotek.com/blog/tools-we-use-2024-edition
.,https://demo.cyotek.com/html/attributes/custom.php
.,https://www.cyotek.com/blog/products/crowdstrike-falcon-false-positives
copyright,https://www.cyotek.com/cyotek-copytools
copyright,https://demo.cyotek.com/css/index.php
copyright,https://www.cyotek.com/cyotek-slicr
copyright,https://www.cyotek.com/
copyright,https://www.cyotek.com
copyright,https://demo.cyotek.com/about.php
copyright,https://www.cyotek.com/products
copyright,https://www.cyotek.com/blog/products
copyright,https://demo.cyotek.com/html/index.php
copyright,https://www.cyotek.com/cyotek-spriter
copyright,https://www.cyotek.com/open-source
copyright,https://www.cyotek.com/blog/resolving-svn-error-could-not-open-the-requested-svn-filesystem
copyright,https://www.cyotek.com/downloads
copyright,https://www.cyotek.com/privacy-policy
copyright,https://demo.cyotek.com/statuscodes/index.php
copyright,https://www.cyotek.com/source-code
copyright,https://demo.cyotek.com/features/index.php
copyright,https://www.cyotek.com/blog/products/introducing-64bit-builds
copyright,https://www.cyotek.com/copyright-and-trademarks
copyright,https://www.cyotek.com/blog/products/crowdstrike-falcon-false-positives
copyright,https://demo.cyotek.com/html/elements/object.php
copyright,https://www.cyotek.com/cyotek-sitemap-creator
copyright,https://www.cyotek.com/sitemap
copyright,https://www.cyotek.com/contact
copyright,https://demo.cyotek.com/html/attributes/custom.php
copyright,https://demo.cyotek.com/changelog.php
copyright,https://www.cyotek.com/blog/products/introducing-webview2-support-part-1
copyright,https://www.cyotek.com/cyotek-palette-editor
copyright,https://www.cyotek.com/jewel-rush
copyright,https://demo.cyotek.com/html/elements/picture.php
copyright,https://www.cyotek.com/blog/tools-we-use-2024-edition
copyright,https://demo.cyotek.com/html/elements/style.php
copyright,https://www.cyotek.com/search
copyright,https://support.cyotek.com
copyright,https://demo.cyotek.com/javascript/index.php
copyright,https://www.cyotek.com/terms-of-use
copyright,https://www.cyotek.com/cyotek-nbt-editor
copyright,https://www.cyotek.com/blog
copyright,https://www.cyotek.com/cyotek-gif-animator
copyright,https://www.cyotek.com/donate
copyright,https://demo.cyotek.com/
copyright,https://www.cyotek.com/blog/tools-we-use-2023-edition
copyright,https://www.cyotek.com/blog/rss
copyright,https://www.cyotek.com/about
copyright,https://www.cyotek.com/cyotek-webcopy
copyright,https://www.cyotek.com/rss
©,https://www.cyotek.com/cyotek-copytools
©,https://demo.cyotek.com/css/index.php
©,https://www.cyotek.com/cyotek-slicr
©,https://www.cyotek.com/
©,https://www.cyotek.com
©,https://demo.cyotek.com/about.php
©,https://www.cyotek.com/products
©,https://www.cyotek.com/blog/products
©,https://demo.cyotek.com/html/index.php
©,https://www.cyotek.com/cyotek-spriter
©,https://www.cyotek.com/open-source
©,https://www.cyotek.com/blog/resolving-svn-error-could-not-open-the-requested-svn-filesystem
©,https://www.cyotek.com/downloads
©,https://www.cyotek.com/privacy-policy
©,https://demo.cyotek.com/statuscodes/index.php
©,https://www.cyotek.com/source-code
©,https://demo.cyotek.com/features/index.php
©,https://www.cyotek.com/blog/products/introducing-64bit-builds
©,https://www.cyotek.com/copyright-and-trademarks
©,https://www.cyotek.com/blog/products/crowdstrike-falcon-false-positives
©,https://demo.cyotek.com/html/elements/object.php
©,https://www.cyotek.com/cyotek-sitemap-creator
©,https://www.cyotek.com/sitemap
©,https://www.cyotek.com/contact
©,https://demo.cyotek.com/html/attributes/custom.php
©,https://demo.cyotek.com/changelog.php
©,https://www.cyotek.com/blog/products/introducing-webview2-support-part-1
©,https://www.cyotek.com/cyotek-palette-editor
©,https://www.cyotek.com/jewel-rush
©,https://demo.cyotek.com/html/elements/picture.php
©,https://www.cyotek.com/blog/tools-we-use-2024-edition
©,https://demo.cyotek.com/html/elements/style.php
©,https://www.cyotek.com/search
©,https://support.cyotek.com
©,https://demo.cyotek.com/javascript/index.php
©,https://docs.cyotek.com/
©,https://www.cyotek.com/terms-of-use
©,https://www.cyotek.com/cyotek-nbt-editor
©,https://www.cyotek.com/blog
©,https://www.cyotek.com/cyotek-gif-animator
©,https://www.cyotek.com/donate
©,https://demo.cyotek.com/
©,https://www.cyotek.com/blog/tools-we-use-2023-edition
©,https://www.cyotek.com/blog/rss
©,https://www.cyotek.com/about
©,https://www.cyotek.com/cyotek-webcopy
©,https://www.cyotek.com/rss
2015-2025,https://demo.cyotek.com/javascript/index.php
2015-2025,https://demo.cyotek.com/html/elements/object.php
2015-2025,https://demo.cyotek.com/css/index.php
2015-2025,https://demo.cyotek.com/statuscodes/index.php
2015-2025,https://demo.cyotek.com/html/attributes/custom.php
2015-2025,https://demo.cyotek.com/changelog.php
2015-2025,https://demo.cyotek.com/about.php
2015-2025,https://demo.cyotek.com/
2015-2025,https://demo.cyotek.com/features/index.php
2015-2025,https://demo.cyotek.com/html/elements/picture.php
2015-2025,https://demo.cyotek.com/html/elements/style.php
2015-2025,https://demo.cyotek.com/html/index.php
ltd.,https://www.cyotek.com/cyotek-copytools
ltd.,https://demo.cyotek.com/css/index.php
ltd.,https://www.cyotek.com/cyotek-slicr
ltd.,https://www.cyotek.com/
ltd.,https://www.cyotek.com
ltd.,https://demo.cyotek.com/about.php
ltd.,https://www.cyotek.com/products
ltd.,https://www.cyotek.com/blog/products
ltd.,https://demo.cyotek.com/html/index.php
ltd.,https://www.cyotek.com/cyotek-spriter
ltd.,https://www.cyotek.com/open-source
ltd.,https://www.cyotek.com/blog/resolving-svn-error-could-not-open-the-requested-svn-filesystem
ltd.,https://www.cyotek.com/downloads
ltd.,https://www.cyotek.com/privacy-policy
ltd.,https://demo.cyotek.com/statuscodes/index.php
ltd.,https://www.cyotek.com/source-code
ltd.,https://demo.cyotek.com/features/index.php
ltd.,https://www.cyotek.com/blog/products/introducing-64bit-builds
ltd.,https://www.cyotek.com/copyright-and-trademarks
ltd.,https://www.cyotek.com/blog/products/crowdstrike-falcon-false-positives
ltd.,https://demo.cyotek.com/html/elements/object.php
ltd.,https://www.cyotek.com/cyotek-sitemap-creator
ltd.,https://www.cyotek.com/sitemap
ltd.,https://www.cyotek.com/contact
ltd.,https://demo.cyotek.com/html/attributes/custom.php
ltd.,https://demo.cyotek.com/changelog.php
ltd.,https://www.cyotek.com/blog/products/introducing-webview2-support-part-1
ltd.,https://www.cyotek.com/cyotek-palette-editor
ltd.,https://www.cyotek.com/jewel-rush
ltd.,https://demo.cyotek.com/html/elements/picture.php
ltd.,https://www.cyotek.com/blog/tools-we-use-2024-edition
ltd.,https://demo.cyotek.com/html/elements/style.php
ltd.,https://www.cyotek.com/search
ltd.,https://support.cyotek.com
ltd.,https://demo.cyotek.com/javascript/index.php
ltd.,https://docs.cyotek.com/
ltd.,https://www.cyotek.com/terms-of-use
ltd.,https://www.cyotek.com/cyotek-nbt-editor
ltd.,https://www.cyotek.com/blog
ltd.,https://www.cyotek.com/cyotek-gif-animator
ltd.,https://www.cyotek.com/donate
ltd.,https://demo.cyotek.com/
ltd.,https://www.cyotek.com/blog/tools-we-use-2023-edition
ltd.,https://www.cyotek.com/blog/rss
ltd.,https://www.cyotek.com/about
ltd.,https://www.cyotek.com/cyotek-webcopy
ltd.,https://www.cyotek.com/rss
all,https://www.cyotek.com/cyotek-copytools
all,https://demo.cyotek.com/css/index.php
all,https://www.cyotek.com/cyotek-slicr
all,https://www.cyotek.com/
all,https://www.cyotek.com
all,https://demo.cyotek.com/about.php
all,https://www.cyotek.com/products
all,https://www.cyotek.com/blog/products
all,https://demo.cyotek.com/html/index.php
all,https://www.cyotek.com/cyotek-spriter
all,https://www.cyotek.com/open-source
all,https://www.cyotek.com/blog/resolving-svn-error-could-not-open-the-requested-svn-filesystem
all,https://www.cyotek.com/downloads
all,https://www.cyotek.com/privacy-policy
all,https://demo.cyotek.com/statuscodes/index.php
all,https://www.cyotek.com/source-code
all,https://demo.cyotek.com/features/index.php
all,https://www.cyotek.com/blog/products/introducing-64bit-builds
all,https://www.cyotek.com/copyright-and-trademarks
all,https://www.cyotek.com/blog/products/crowdstrike-falcon-false-positives
all,https://demo.cyotek.com/html/elements/object.php
all,https://www.cyotek.com/cyotek-sitemap-creator
all,https://www.cyotek.com/sitemap
all,https://www.cyotek.com/contact
all,https://demo.cyotek.com/html/attributes/custom.php
all,https://demo.cyotek.com/changelog.php
all,https://www.cyotek.com/blog/products/introducing-webview2-support-part-1
all,https://www.cyotek.com/cyotek-palette-editor
all,https://www.cyotek.com/jewel-rush
all,https://demo.cyotek.com/html/elements/picture.php
all,https://www.cyotek.com/blog/tools-we-use-2024-edition
all,https://demo.cyotek.com/html/elements/style.php
all,https://www.cyotek.com/search
all,https://support.cyotek.com
all,https://demo.cyotek.com/javascript/index.php
all,https://docs.cyotek.com/
all,https://www.cyotek.com/terms-of-use
all,https://www.cyotek.com/cyotek-nbt-editor
all,https://www.cyotek.com/blog
all,https://www.cyotek.com/cyotek-gif-animator
all,https://www.cyotek.com/donate
all,https://demo.cyotek.com/
all,https://www.cyotek.com/blog/tools-we-use-2023-edition
all,https://www.cyotek.com/blog/rss
all,https://www.cyotek.com/about
all,https://www.cyotek.com/cyotek-webcopy
all,https://www.cyotek.com/rss
rights,https://www.cyotek.com/cyotek-copytools
rights,https://demo.cyotek.com/css/index.php
rights,https://www.cyotek.com/cyotek-slicr
rights,https://www.cyotek.com/
rights,https://www.cyotek.com
rights,https://demo.cyotek.com/about.php
rights,https://www.cyotek.com/products
rights,https://www.cyotek.com/blog/products
rights,https://demo.cyotek.com/html/index.php
rights,https://www.cyotek.com/cyotek-spriter
rights,https://www.cyotek.com/open-source
rights,https://www.cyotek.com/blog/resolving-svn-error-could-not-open-the-requested-svn-filesystem
rights,https://www.cyotek.com/downloads
rights,https://www.cyotek.com/privacy-policy
rights,https://demo.cyotek.com/statuscodes/index.php
rights,https://www.cyotek.com/source-code
rights,https://demo.cyotek.com/features/index.php
rights,https://www.cyotek.com/blog/products/introducing-64bit-builds
rights,https://www.cyotek.com/copyright-and-trademarks
rights,https://www.cyotek.com/blog/products/crowdstrike-falcon-false-positives
rights,https://demo.cyotek.com/html/elements/object.php
rights,https://www.cyotek.com/cyotek-sitemap-creator
rights,https://www.cyotek.com/sitemap
rights,https://www.cyotek.com/contact
rights,https://demo.cyotek.com/html/attributes/custom.php
rights,https://demo.cyotek.com/changelog.php
rights,https://www.cyotek.com/blog/products/introducing-webview2-support-part-1
rights,https://www.cyotek.com/cyotek-palette-editor
rights,https://www.cyotek.com/jewel-rush
rights,https://demo.cyotek.com/html/elements/picture.php
rights,https://www.cyotek.com/blog/tools-we-use-2024-edition
rights,https://demo.cyotek.com/html/elements/style.php
rights,https://www.cyotek.com/search
rights,https://support.cyotek.com
rights,https://demo.cyotek.com/javascript/index.php
rights,https://docs.cyotek.com/
rights,https://www.cyotek.com/terms-of-use
rights,https://www.cyotek.com/cyotek-nbt-editor
rights,https://www.cyotek.com/blog
rights,https://www.cyotek.com/cyotek-gif-animator
rights,https://www.cyotek.com/donate
rights,https://demo.cyotek.com/
rights,https://www.cyotek.com/blog/tools-we-use-2023-edition
rights,https://www.cyotek.com/blog/rss
rights,https://www.cyotek.com/about
rights,https://www.cyotek.com/cyotek-webcopy
rights,https://www.cyotek.com/rss
reserved.,https://www.cyotek.com/cyotek-copytools
reserved.,https://demo.cyotek.com/css/index.php
reserved.,https://www.cyotek.com/cyotek-slicr
reserved.,https://www.cyotek.com/
reserved.,https://www.cyotek.com
reserved.,https://demo.cyotek.com/about.php
reserved.,https://www.cyotek.com/products
reserved.,https://www.cyotek.com/blog/products
reserved.,https://demo.cyotek.com/html/index.php
reserved.,https://www.cyotek.com/cyotek-spriter
reserved.,https://www.cyotek.com/open-source
reserved.,https://www.cyotek.com/blog/resolving-svn-error-could-not-open-the-requested-svn-filesystem
reserved.,https://www.cyotek.com/downloads
reserved.,https://www.cyotek.com/privacy-policy
reserved.,https://demo.cyotek.com/statuscodes/index.php
reserved.,https://www.cyotek.com/source-code
reserved.,https://demo.cyotek.com/features/index.php
reserved.,https://www.cyotek.com/blog/products/introducing-64bit-builds
reserved.,https://www.cyotek.com/copyright-and-trademarks
reserved.,https://www.cyotek.com/blog/products/crowdstrike-falcon-false-positives
reserved.,https://demo.cyotek.com/html/elements/object.php
reserved.,https://www.cyotek.com/cyotek-sitemap-creator
reserved.,https://www.cyotek.com/sitemap
reserved.,https://www.cyotek.com/contact
reserved.,https://demo.cyotek.com/html/attributes/custom.php
reserved.,https://demo.cyotek.com/changelog.php
reserved.,https://www.cyotek.com/blog/products/introducing-webview2-support-part-1
reserved.,https://www.cyotek.com/cyotek-palette-editor
reserved.,https://www.cyotek.com/jewel-rush
reserved.,https://demo.cyotek.com/html/elements/picture.php
reserved.,https://www.cyotek.com/blog/tools-we-use-2024-edition
reserved.,https://demo.cyotek.com/html/elements/style.php
reserved.,https://www.cyotek.com/search
reserved.,https://support.cyotek.com
reserved.,https://demo.cyotek.com/javascript/index.php
reserved.,https://docs.cyotek.com/
reserved.,https://www.cyotek.com/terms-of-use
reserved.,https://www.cyotek.com/cyotek-nbt-editor
reserved.,https://www.cyotek.com/blog
reserved.,https://www.cyotek.com/cyotek-gif-animator
reserved.,https://www.cyotek.com/donate
reserved.,https://demo.cyotek.com/
reserved.,https://www.cyotek.com/blog/tools-we-use-2023-edition
reserved.,https://www.cyotek.com/blog/rss
reserved.,https://www.cyotek.com/about
reserved.,https://www.cyotek.com/cyotek-webcopy
reserved.,https://www.cyotek.com/rss
version,https://demo.cyotek.com/css/index.php
version,https://demo.cyotek.com/about.php
version,https://demo.cyotek.com/html/index.php
version,https://www.cyotek.com/blog/resolving-svn-error-could-not-open-the-requested-svn-filesystem
version,https://www.cyotek.com/downloads
version,https://demo.cyotek.com/statuscodes/index.php
version,https://www.cyotek.com/source-code
version,https://demo.cyotek.com/features/index.php
version,https://demo.cyotek.com/html/elements/object.php
version,https://demo.cyotek.com/html/attributes/custom.php
version,https://demo.cyotek.com/changelog.php
version,https://www.cyotek.com/blog/products/introducing-webview2-support-part-1
version,https://demo.cyotek.com/html/elements/picture.php
version,https://demo.cyotek.com/html/elements/style.php
version,https://www.cyotek.com/blog/tools-we-use-2024-edition
version,https://demo.cyotek.com/javascript/index.php
version,https://demo.cyotek.com/
version,https://www.cyotek.com/blog/tools-we-use-2023-edition
version,https://www.cyotek.com/blog/rss
version,https://www.cyotek.com/rss
1.30.0,https://demo.cyotek.com/javascript/index.php
1.30.0,https://demo.cyotek.com/html/elements/object.php
1.30.0,https://demo.cyotek.com/css/index.php
1.30.0,https://demo.cyotek.com/statuscodes/index.php
1.30.0,https://demo.cyotek.com/html/attributes/custom.php
1.30.0,https://demo.cyotek.com/changelog.php
1.30.0,https://demo.cyotek.com/about.php
1.30.0,https://demo.cyotek.com/
1.30.0,https://demo.cyotek.com/features/index.php
1.30.0,https://demo.cyotek.com/html/elements/picture.php
1.30.0,https://demo.cyotek.com/html/elements/style.php
1.30.0,https://demo.cyotek.com/html/index.php
about,https://www.cyotek.com/cyotek-copytools
about,https://demo.cyotek.com/css/index.php
about,https://www.cyotek.com/cyotek-slicr
about,https://www.cyotek.com/
about,https://www.cyotek.com
about,https://demo.cyotek.com/about.php
about,https://www.cyotek.com/products
about,https://www.cyotek.com/blog/products
about,https://demo.cyotek.com/html/index.php
about,https://www.cyotek.com/cyotek-spriter
about,https://www.cyotek.com/open-source
about,https://www.cyotek.com/blog/resolving-svn-error-could-not-open-the-requested-svn-filesystem
about,https://www.cyotek.com/downloads
about,https://www.cyotek.com/privacy-policy
about,https://demo.cyotek.com/statuscodes/index.php
about,https://www.cyotek.com/source-code
about,https://demo.cyotek.com/features/index.php
about,https://www.cyotek.com/blog/products/introducing-64bit-builds
about,https://www.cyotek.com/copyright-and-trademarks
about,https://www.cyotek.com/blog/products/crowdstrike-falcon-false-positives
about,https://demo.cyotek.com/html/elements/object.php
about,https://www.cyotek.com/cyotek-sitemap-creator
about,https://www.cyotek.com/sitemap
about,https://www.cyotek.com/contact
about,https://demo.cyotek.com/html/attributes/custom.php
about,https://demo.cyotek.com/changelog.php
about,https://www.cyotek.com/blog/products/introducing-webview2-support-part-1
about,https://www.cyotek.com/cyotek-palette-editor
about,https://www.cyotek.com/jewel-rush
about,https://demo.cyotek.com/html/elements/picture.php
about,https://www.cyotek.com/blog/tools-we-use-2024-edition
about,https://demo.cyotek.com/html/elements/style.php
about,https://www.cyotek.com/search
about,https://support.cyotek.com
about,https://demo.cyotek.com/javascript/index.php
about,https://www.cyotek.com/terms-of-use
about,https://www.cyotek.com/cyotek-nbt-editor
about,https://www.cyotek.com/blog
about,https://www.cyotek.com/cyotek-gif-animator
about,https://www.cyotek.com/donate
about,https://demo.cyotek.com/
about,https://www.cyotek.com/blog/tools-we-use-2023-edition
about,https://www.cyotek.com/blog/rss
about,https://www.cyotek.com/about
about,https://www.cyotek.com/cyotek-webcopy
about,https://www.cyotek.com/rss
change,https://www.cyotek.com/cyotek-copytools
change,https://demo.cyotek.com/css/index.php
change,https://www.cyotek.com/cyotek-slicr
change,https://demo.cyotek.com/about.php
change,https://www.cyotek.com/blog/products
change,https://demo.cyotek.com/html/index.php
change,https://www.cyotek.com/cyotek-spriter
change,https://www.cyotek.com/privacy-policy
change,https://demo.cyotek.com/statuscodes/index.php
change,https://demo.cyotek.com/features/index.php
change,https://demo.cyotek.com/html/elements/object.php
change,https://www.cyotek.com/cyotek-sitemap-creator
change,https://demo.cyotek.com/html/attributes/custom.php
change,https://demo.cyotek.com/changelog.php
change,https://www.cyotek.com/cyotek-palette-editor
change,https://www.cyotek.com/jewel-rush
change,https://demo.cyotek.com/html/elements/picture.php
change,https://demo.cyotek.com/html/elements/style.php
change,https://demo.cyotek.com/javascript/index.php
change,https://www.cyotek.com/terms-of-use
change,https://www.cyotek.com/cyotek-nbt-editor
change,https://www.cyotek.com/cyotek-gif-animator
change,https://demo.cyotek.com/
change,https://www.cyotek.com/blog/tools-we-use-2023-edition
change,https://www.cyotek.com/blog/rss
change,https://www.cyotek.com/cyotek-webcopy
change,https://www.cyotek.com/rss
log,https://www.cyotek.com/cyotek-copytools
log,https://demo.cyotek.com/css/index.php
log,https://www.cyotek.com/cyotek-slicr
log,https://demo.cyotek.com/about.php
log,https://demo.cyotek.com/html/index.php
log,https://www.cyotek.com/cyotek-spriter
log,https://www.cyotek.com/privacy-policy
log,https://demo.cyotek.com/statuscodes/index.php
log,https://demo.cyotek.com/features/index.php
log,https://demo.cyotek.com/html/elements/object.php
log,https://www.cyotek.com/cyotek-sitemap-creator
log,https://demo.cyotek.com/html/attributes/custom.php
log,https://demo.cyotek.com/changelog.php
log,https://www.cyotek.com/blog/products/introducing-webview2-support-part-1
log,https://www.cyotek.com/cyotek-palette-editor
log,https://www.cyotek.com/jewel-rush
log,https://demo.cyotek.com/html/elements/picture.php
log,https://demo.cyotek.com/html/elements/style.php
log,https://demo.cyotek.com/javascript/index.php
log,https://www.cyotek.com/cyotek-nbt-editor
log,https://www.cyotek.com/cyotek-gif-animator
log,https://demo.cyotek.com/
log,https://www.cyotek.com/blog/rss
log,https://www.cyotek.com/cyotek-webcopy
log,https://www.cyotek.com/rss
comments,https://demo.cyotek.com/css/index.php
comments,https://demo.cyotek.com/about.php
comments,https://www.cyotek.com/blog/products
comments,https://demo.cyotek.com/html/index.php
comments,https://www.cyotek.com/blog/resolving-svn-error-could-not-open-the-requested-svn-filesystem
comments,https://demo.cyotek.com/statuscodes/index.php
comments,https://demo.cyotek.com/features/index.php
comments,https://www.cyotek.com/blog/products/introducing-64bit-builds
comments,https://www.cyotek.com/blog/products/crowdstrike-falcon-false-positives
comments,https://demo.cyotek.com/html/elements/object.php
comments,https://demo.cyotek.com/html/attributes/custom.php
comments,https://demo.cyotek.com/changelog.php
comments,https://www.cyotek.com/blog/products/introducing-webview2-support-part-1
comments,https://demo.cyotek.com/html/elements/picture.php
comments,https://demo.cyotek.com/html/elements/style.php
comments,https://www.cyotek.com/blog/tools-we-use-2024-edition
comments,https://demo.cyotek.com/javascript/index.php
comments,https://www.cyotek.com/terms-of-use
comments,https://www.cyotek.com/blog
comments,https://demo.cyotek.com/
comments,https://www.cyotek.com/blog/tools-we-use-2023-edition
comments,https://www.cyotek.com/blog/rss
comments,https://www.cyotek.com/rss
suggestions?,https://demo.cyotek.com/javascript/index.php
suggestions?,https://demo.cyotek.com/html/elements/object.php
suggestions?,https://demo.cyotek.com/css/index.php
suggestions?,https://demo.cyotek.com/statuscodes/index.php
suggestions?,https://demo.cyotek.com/html/attributes/custom.php
suggestions?,https://demo.cyotek.com/changelog.php
suggestions?,https://demo.cyotek.com/about.php
suggestions?,https://demo.cyotek.com/
suggestions?,https://demo.cyotek.com/features/index.php
suggestions?,https://demo.cyotek.com/html/elements/picture.php
suggestions?,https://demo.cyotek.com/html/elements/style.php
suggestions?,https://demo.cyotek.com/html/index.php
•,https://www.cyotek.com/cyotek-copytools
•,https://demo.cyotek.com/css/index.php
•,https://www.cyotek.com/cyotek-slicr
•,https://www.cyotek.com/
•,https://www.cyotek.com
•,https://demo.cyotek.com/about.php
•,https://www.cyotek.com/products
•,https://www.cyotek.com/blog/products
•,https://demo.cyotek.com/html/index.php
•,https://www.cyotek.com/cyotek-spriter
•,https://www.cyotek.com/open-source
•,https://www.cyotek.com/blog/resolving-svn-error-could-not-open-the-requested-svn-filesystem
•,https://www.cyotek.com/downloads
•,https://www.cyotek.com/privacy-policy
•,https://demo.cyotek.com/statuscodes/index.php
•,https://www.cyotek.com/source-code
•,https://demo.cyotek.com/features/index.php
•,https://www.cyotek.com/blog/products/introducing-64bit-builds
•,https://www.cyotek.com/copyright-and-trademarks
•,https://www.cyotek.com/blog/products/crowdstrike-falcon-false-positives
•,https://demo.cyotek.com/html/elements/object.php
•,https://www.cyotek.com/cyotek-sitemap-creator
•,https://www.cyotek.com/sitemap
•,https://www.cyotek.com/contact
•,https://demo.cyotek.com/html/attributes/custom.php
•,https://demo.cyotek.com/changelog.php
•,https://www.cyotek.com/blog/products/introducing-webview2-support-part-1
•,https://www.cyotek.com/cyotek-palette-editor
•,https://www.cyotek.com/jewel-rush
•,https://demo.cyotek.com/html/elements/picture.php
•,https://www.cyotek.com/blog/tools-we-use-2024-edition
•,https://demo.cyotek.com/html/elements/style.php
•,https://www.cyotek.com/search
•,https://demo.cyotek.com/javascript/index.php
•,https://www.cyotek.com/terms-of-use
•,https://www.cyotek.com/cyotek-nbt-editor
•,https://www.cyotek.com/blog
•,https://www.cyotek.com/cyotek-gif-animator
•,https://www.cyotek.com/donate
•,https://www.cyotek.com/blog/tools-we-use-2023-edition
•,https://www.cyotek.com/blog/rss
•,https://www.cyotek.com/about
•,https://www.cyotek.com/cyotek-webcopy
•,https://www.cyotek.com/rss
home,https://www.cyotek.com/cyotek-copytools
home,https://www.cyotek.com/cyotek-slicr
home,https://www.cyotek.com/
home,https://www.cyotek.com
home,https://www.cyotek.com/products
home,https://www.cyotek.com/blog/products
home,https://www.cyotek.com/cyotek-spriter
home,https://www.cyotek.com/open-source
home,https://www.cyotek.com/blog/resolving-svn-error-could-not-open-the-requested-svn-filesystem
home,https://www.cyotek.com/downloads
home,https://www.cyotek.com/privacy-policy
home,https://www.cyotek.com/source-code
home,https://www.cyotek.com/blog/products/introducing-64bit-builds
home,https://www.cyotek.com/copyright-and-trademarks
home,https://www.cyotek.com/blog/products/crowdstrike-falcon-false-positives
home,https://www.cyotek.com/cyotek-sitemap-creator
home,https://www.cyotek.com/sitemap
home,https://www.cyotek.com/contact
home,https://demo.cyotek.com/changelog.php
home,https://www.cyotek.com/blog/products/introducing-webview2-support-part-1
home,https://www.cyotek.com/cyotek-palette-editor
home,https://www.cyotek.com/jewel-rush
home,https://www.cyotek.com/blog/tools-we-use-2024-edition
home,https://www.cyotek.com/search
home,https://docs.cyotek.com/
home,https://www.cyotek.com/terms-of-use
home,https://www.cyotek.com/cyotek-nbt-editor
home,https://www.cyotek.com/blog
home,https://www.cyotek.com/cyotek-gif-animator
home,https://www.cyotek.com/donate
home,https://www.cyotek.com/blog/tools-we-use-2023-edition
home,https://www.cyotek.com/blog/rss
home,https://www.cyotek.com/about
home,https://www.cyotek.com/cyotek-webcopy
home,https://www.cyotek.com/rss
"webcopy,",https://www.cyotek.com/
"webcopy,",https://www.cyotek.com
"webcopy,",https://www.cyotek.com/blog/products/introducing-64bit-builds
"webcopy,",https://www.cyotek.com/about
"webcopy,",https://www.cyotek.com/rss
copytools,https://www.cyotek.com/cyotek-copytools
copytools,https://www.cyotek.com/cyotek-slicr
copytools,https://www.cyotek.com/
copytools,https://www.cyotek.com
copytools,https://www.cyotek.com/products
copytools,https://www.cyotek.com/blog/products
copytools,https://www.cyotek.com/cyotek-spriter
copytools,https://www.cyotek.com/open-source
copytools,https://www.cyotek.com/blog/resolving-svn-error-could-not-open-the-requested-svn-filesystem
copytools,https://www.cyotek.com/downloads
copytools,https://www.cyotek.com/privacy-policy
copytools,https://www.cyotek.com/source-code
copytools,https://www.cyotek.com/blog/products/introducing-64bit-builds
copytools,https://www.cyotek.com/copyright-and-trademarks
copytools,https://www.cyotek.com/blog/products/crowdstrike-falcon-false-positives
copytools,https://www.cyotek.com/cyotek-sitemap-creator
copytools,https://www.cyotek.com/sitemap
copytools,https://www.cyotek.com/contact
copytools,https://www.cyotek.com/blog/products/introducing-webview2-support-part-1
copytools,https://www.cyotek.com/cyotek-palette-editor
copytools,https://www.cyotek.com/jewel-rush
copytools,https://www.cyotek.com/blog/tools-we-use-2024-edition
copytools,https://www.cyotek.com/search
copytools,https://support.cyotek.com
copytools,https://docs.cyotek.com/
copytools,https://www.cyotek.com/terms-of-use
copytools,https://www.cyotek.com/cyotek-nbt-editor
copytools,https://www.cyotek.com/blog
copytools,https://www.cyotek.com/cyotek-gif-animator
copytools,https://www.cyotek.com/donate
copytools,https://www.cyotek.com/blog/tools-we-use-2023-edition
copytools,https://www.cyotek.com/blog/rss
copytools,https://www.cyotek.com/about
copytools,https://www.cyotek.com/cyotek-webcopy
copytools,https://www.cyotek.com/rss
gif,https://www.cyotek.com/cyotek-copytools
gif,https://www.cyotek.com/cyotek-slicr
gif,https://www.cyotek.com/
gif,https://www.cyotek.com
gif,https://www.cyotek.com/products
gif,https://www.cyotek.com/blog/products
gif,https://www.cyotek.com/cyotek-spriter
gif,https://www.cyotek.com/open-source
gif,https://www.cyotek.com/blog/resolving-svn-error-could-not-open-the-requested-svn-filesystem
gif,https://www.cyotek.com/downloads
gif,https://www.cyotek.com/privacy-policy
gif,https://www.cyotek.com/source-code
gif,https://www.cyotek.com/blog/products/introducing-64bit-builds
gif,https://www.cyotek.com/copyright-and-trademarks
gif,https://www.cyotek.com/blog/products/crowdstrike-falcon-false-positives
gif,https://www.cyotek.com/cyotek-sitemap-creator
gif,https://www.cyotek.com/sitemap
gif,https://www.cyotek.com/contact
gif,https://www.cyotek.com/blog/products/introducing-webview2-support-part-1
gif,https://www.cyotek.com/cyotek-palette-editor
gif,https://www.cyotek.com/jewel-rush
gif,https://www.cyotek.com/blog/tools-we-use-2024-edition
gif,https://www.cyotek.com/search
gif,https://support.cyotek.com
gif,https://docs.cyotek.com/
gif,https://www.cyotek.com/terms-of-use
gif,https://www.cyotek.com/cyotek-nbt-editor
gif,https://www.cyotek.com/blog
gif,https://www.cyotek.com/cyotek-gif-animator
gif,https://www.cyotek.com/donate
gif,https://www.cyotek.com/blog/tools-we-use-2023-edition
gif,https://www.cyotek.com/blog/rss
gif,https://www.cyotek.com/about
gif,https://www.cyotek.com/cyotek-webcopy
gif,https://www.cyotek.com/rss
animator,https://www.cyotek.com/cyotek-copytools
animator,https://www.cyotek.com/cyotek-slicr
animator,https://www.cyotek.com/
animator,https://www.cyotek.com
animator,https://www.cyotek.com/products
animator,https://www.cyotek.com/blog/products
animator,https://www.cyotek.com/cyotek-spriter
animator,https://www.cyotek.com/open-source
animator,https://www.cyotek.com/blog/resolving-svn-error-could-not-open-the-requested-svn-filesystem
animator,https://www.cyotek.com/downloads
animator,https://www.cyotek.com/privacy-policy
animator,https://www.cyotek.com/source-code
animator,https://www.cyotek.com/blog/products/introducing-64bit-builds
animator,https://www.cyotek.com/copyright-and-trademarks
animator,https://www.cyotek.com/blog/products/crowdstrike-falcon-false-positives
animator,https://www.cyotek.com/cyotek-sitemap-creator
animator,https://www.cyotek.com/sitemap
animator,https://www.cyotek.com/contact
animator,https://www.cyotek.com/blog/products/introducing-webview2-support-part-1
animator,https://www.cyotek.com/cyotek-palette-editor
animator,https://www.cyotek.com/jewel-rush
animator,https://www.cyotek.com/blog/tools-we-use-2024-edition
animator,https://www.cyotek.com/search
animator,https://support.cyotek.com
animator,https://docs.cyotek.com/
animator,https://www.cyotek.com/terms-of-use
animator,https://www.cyotek.com/cyotek-nbt-editor
animator,https://www.cyotek.com/blog
animator,https://www.cyotek.com/cyotek-gif-animator
animator,https://www.cyotek.com/donate
animator,https://www.cyotek.com/blog/tools-we-use-2023-edition
animator,https://www.cyotek.com/blog/rss
animator,https://www.cyotek.com/about
animator,https://www.cyotek.com/cyotek-webcopy
animator,https://www.cyotek.com/rss
color,https://www.cyotek.com/cyotek-copytools
color,https://www.cyotek.com/cyotek-slicr
color,https://www.cyotek.com/
color,https://www.cyotek.com
color,https://www.cyotek.com/products
color,https://www.cyotek.com/blog/products
color,https://www.cyotek.com/cyotek-spriter
color,https://www.cyotek.com/open-source
color,https://www.cyotek.com/blog/resolving-svn-error-could-not-open-the-requested-svn-filesystem
color,https://www.cyotek.com/downloads
color,https://www.cyotek.com/privacy-policy
color,https://www.cyotek.com/source-code
color,https://www.cyotek.com/blog/products/introducing-64bit-builds
color,https://www.cyotek.com/copyright-and-trademarks
color,https://www.cyotek.com/blog/products/crowdstrike-falcon-false-positives
color,https://www.cyotek.com/cyotek-sitemap-creator
color,https://www.cyotek.com/sitemap
color,https://www.cyotek.com/contact
color,https://www.cyotek.com/blog/products/introducing-webview2-support-part-1
color,https://www.cyotek.com/cyotek-palette-editor
color,https://www.cyotek.com/jewel-rush
color,https://www.cyotek.com/blog/tools-we-use-2024-edition
color,https://www.cyotek.com/search
color,https://www.cyotek.com/terms-of-use
color,https://www.cyotek.com/cyotek-nbt-editor
color,https://www.cyotek.com/blog
color,https://www.cyotek.com/cyotek-gif-animator
color,https://www.cyotek.com/donate
color,https://www.cyotek.com/blog/tools-we-use-2023-edition
color,https://www.cyotek.com/blog/rss
color,https://www.cyotek.com/about
color,https://www.cyotek.com/cyotek-webcopy
color,https://www.cyotek.com/rss
palette,https://www.cyotek.com/cyotek-copytools
palette,https://www.cyotek.com/cyotek-slicr
palette,https://www.cyotek.com/
palette,https://www.cyotek.com
palette,https://www.cyotek.com/products
palette,https://www.cyotek.com/blog/products
palette,https://www.cyotek.com/cyotek-spriter
palette,https://www.cyotek.com/open-source
palette,https://www.cyotek.com/blog/resolving-svn-error-could-not-open-the-requested-svn-filesystem
palette,https://www.cyotek.com/downloads
palette,https://www.cyotek.com/privacy-policy
palette,https://www.cyotek.com/source-code
palette,https://www.cyotek.com/blog/products/introducing-64bit-builds
palette,https://www.cyotek.com/copyright-and-trademarks
palette,https://www.cyotek.com/blog/products/crowdstrike-falcon-false-positives
palette,https://www.cyotek.com/cyotek-sitemap-creator
palette,https://www.cyotek.com/sitemap
palette,https://www.cyotek.com/contact
palette,https://www.cyotek.com/blog/products/introducing-webview2-support-part-1
palette,https://www.cyotek.com/cyotek-palette-editor
palette,https://www.cyotek.com/jewel-rush
palette,https://www.cyotek.com/blog/tools-we-use-2024-edition
palette,https://www.cyotek.com/search
palette,https://support.cyotek.com
palette,https://docs.cyotek.com/
palette,https://www.cyotek.com/terms-of-use
palette,https://www.cyotek.com/cyotek-nbt-editor
palette,https://www.cyotek.com/blog
palette,https://www.cyotek.com/cyotek-gif-animator
palette,https://www.cyotek.com/donate
palette,https://www.cyotek.com/blog/tools-we-use-2023-edition
palette,https://www.cyotek.com/blog/rss
palette,https://www.cyotek.com/about
palette,https://www.cyotek.com/cyotek-webcopy
palette,https://www.cyotek.com/rss
editor,https://www.cyotek.com/cyotek-copytools
editor,https://www.cyotek.com/cyotek-slicr
editor,https://www.cyotek.com/
editor,https://www.cyotek.com
editor,https://www.cyotek.com/products
editor,https://www.cyotek.com/blog/products
editor,https://www.cyotek.com/cyotek-spriter
editor,https://www.cyotek.com/open-source
editor,https://www.cyotek.com/blog/resolving-svn-error-could-not-open-the-requested-svn-filesystem
editor,https://www.cyotek.com/downloads
editor,https://www.cyotek.com/privacy-policy
editor,https://www.cyotek.com/source-code
editor,https://www.cyotek.com/blog/products/introducing-64bit-builds
editor,https://www.cyotek.com/copyright-and-trademarks
editor,https://www.cyotek.com/blog/products/crowdstrike-falcon-false-positives
editor,https://www.cyotek.com/cyotek-sitemap-creator
editor,https://www.cyotek.com/sitemap
editor,https://www.cyotek.com/contact
editor,https://www.cyotek.com/blog/products/introducing-webview2-support-part-1
editor,https://www.cyotek.com/cyotek-palette-editor
editor,https://www.cyotek.com/jewel-rush
editor,https://www.cyotek.com/blog/tools-we-use-2024-edition
editor,https://www.cyotek.com/search
editor,https://support.cyotek.com
editor,https://docs.cyotek.com/
editor,https://www.cyotek.com/terms-of-use
editor,https://www.cyotek.com/cyotek-nbt-editor
editor,https://www.cyotek.com/blog
editor,https://www.cyotek.com/cyotek-gif-animator
editor,https://www.cyotek.com/donate
editor,https://www.cyotek.com/blog/tools-we-use-2023-edition
editor,https://www.cyotek.com/blog/rss
editor,https://www.cyotek.com/about
editor,https://www.cyotek.com/cyotek-webcopy
editor,https://www.cyotek.com/rss
jewel,https://www.cyotek.com/cyotek-copytools
jewel,https://www.cyotek.com/cyotek-slicr
jewel,https://www.cyotek.com/
jewel,https://www.cyotek.com
jewel,https://www.cyotek.com/products
jewel,https://www.cyotek.com/blog/products
jewel,https://www.cyotek.com/cyotek-spriter
jewel,https://www.cyotek.com/open-source
jewel,https://www.cyotek.com/blog/resolving-svn-error-could-not-open-the-requested-svn-filesystem
jewel,https://www.cyotek.com/downloads
jewel,https://www.cyotek.com/privacy-policy
jewel,https://www.cyotek.com/source-code
jewel,https://www.cyotek.com/blog/products/introducing-64bit-builds
jewel,https://www.cyotek.com/copyright-and-trademarks
jewel,https://www.cyotek.com/blog/products/crowdstrike-falcon-false-positives
jewel,https://www.cyotek.com/cyotek-sitemap-creator
jewel,https://www.cyotek.com/sitemap
jewel,https://www.cyotek.com/contact
jewel,https://www.cyotek.com/blog/products/introducing-webview2-support-part-1
jewel,https://www.cyotek.com/cyotek-palette-editor
jewel,https://www.cyotek.com/jewel-rush
jewel,https://www.cyotek.com/blog/tools-we-use-2024-edition
jewel,https://www.cyotek.com/search
jewel,https://www.cyotek.com/terms-of-use
jewel,https://www.cyotek.com/cyotek-nbt-editor
jewel,https://www.cyotek.com/blog
jewel,https://www.cyotek.com/cyotek-gif-animator
jewel,https://www.cyotek.com/donate
jewel,https://www.cyotek.com/blog/tools-we-use-2023-edition
jewel,https://www.cyotek.com/about
jewel,https://www.cyotek.com/cyotek-webcopy
rush,https://www.cyotek.com/cyotek-copytools
rush,https://www.cyotek.com/cyotek-slicr
rush,https://www.cyotek.com/
rush,https://www.cyotek.com
rush,https://www.cyotek.com/products
rush,https://www.cyotek.com/blog/products
rush,https://www.cyotek.com/cyotek-spriter
rush,https://www.cyotek.com/open-source
rush,https://www.cyotek.com/blog/resolving-svn-error-could-not-open-the-requested-svn-filesystem
rush,https://www.cyotek.com/downloads
rush,https://www.cyotek.com/privacy-policy
rush,https://www.cyotek.com/source-code
rush,https://www.cyotek.com/blog/products/introducing-64bit-builds
rush,https://www.cyotek.com/copyright-and-trademarks
rush,https://www.cyotek.com/blog/products/crowdstrike-falcon-false-positives
rush,https://www.cyotek.com/cyotek-sitemap-creator
rush,https://www.cyotek.com/sitemap
rush,https://www.cyotek.com/contact
rush,https://www.cyotek.com/blog/products/introducing-webview2-support-part-1
rush,https://www.cyotek.com/cyotek-palette-editor
rush,https://www.cyotek.com/jewel-rush
rush,https://www.cyotek.com/blog/tools-we-use-2024-edition
rush,https://www.cyotek.com/search
rush,https://www.cyotek.com/terms-of-use
rush,https://www.cyotek.com/cyotek-nbt-editor
rush,https://www.cyotek.com/blog
rush,https://www.cyotek.com/cyotek-gif-animator
rush,https://www.cyotek.com/donate
rush,https://www.cyotek.com/blog/tools-we-use-2023-edition
rush,https://www.cyotek.com/about
rush,https://www.cyotek.com/cyotek-webcopy
nbt,https://www.cyotek.com/cyotek-copytools
nbt,https://www.cyotek.com/cyotek-slicr
nbt,https://www.cyotek.com/
nbt,https://www.cyotek.com
nbt,https://www.cyotek.com/products
nbt,https://www.cyotek.com/blog/products
nbt,https://www.cyotek.com/cyotek-spriter
nbt,https://www.cyotek.com/open-source
nbt,https://www.cyotek.com/blog/resolving-svn-error-could-not-open-the-requested-svn-filesystem
nbt,https://www.cyotek.com/downloads
nbt,https://www.cyotek.com/privacy-policy
nbt,https://www.cyotek.com/source-code
nbt,https://www.cyotek.com/blog/products/introducing-64bit-builds
nbt,https://www.cyotek.com/copyright-and-trademarks
nbt,https://www.cyotek.com/blog/products/crowdstrike-falcon-false-positives
nbt,https://www.cyotek.com/cyotek-sitemap-creator
nbt,https://www.cyotek.com/sitemap
nbt,https://www.cyotek.com/contact
nbt,https://www.cyotek.com/blog/products/introducing-webview2-support-part-1
nbt,https://www.cyotek.com/cyotek-palette-editor
nbt,https://www.cyotek.com/jewel-rush
nbt,https://www.cyotek.com/blog/tools-we-use-2024-edition
nbt,https://www.cyotek.com/search
nbt,https://www.cyotek.com/terms-of-use
nbt,https://www.cyotek.com/cyotek-nbt-editor
nbt,https://www.cyotek.com/blog
nbt,https://www.cyotek.com/cyotek-gif-animator
nbt,https://www.cyotek.com/donate
nbt,https://www.cyotek.com/blog/tools-we-use-2023-edition
nbt,https://www.cyotek.com/about
nbt,https://www.cyotek.com/cyotek-webcopy
sitemap,https://www.cyotek.com/cyotek-copytools
sitemap,https://www.cyotek.com/cyotek-slicr
sitemap,https://www.cyotek.com/
sitemap,https://www.cyotek.com
sitemap,https://www.cyotek.com/products
sitemap,https://www.cyotek.com/blog/products
sitemap,https://www.cyotek.com/cyotek-spriter
sitemap,https://www.cyotek.com/open-source
sitemap,https://www.cyotek.com/blog/resolving-svn-error-could-not-open-the-requested-svn-filesystem
sitemap,https://www.cyotek.com/downloads
sitemap,https://www.cyotek.com/privacy-policy
sitemap,https://www.cyotek.com/source-code
sitemap,https://www.cyotek.com/blog/products/introducing-64bit-builds
sitemap,https://www.cyotek.com/copyright-and-trademarks
sitemap,https://www.cyotek.com/blog/products/crowdstrike-falcon-false-positives
sitemap,https://www.cyotek.com/cyotek-sitemap-creator
sitemap,https://www.cyotek.com/sitemap
sitemap,https://www.cyotek.com/contact
sitemap,https://www.cyotek.com/blog/products/introducing-webview2-support-part-1
sitemap,https://www.cyotek.com/cyotek-palette-editor
sitemap,https://www.cyotek.com/jewel-rush
sitemap,https://www.cyotek.com/blog/tools-we-use-2024-edition
sitemap,https://www.cyotek.com/search
sitemap,https://support.cyotek.com
sitemap,https://docs.cyotek.com/
sitemap,https://www.cyotek.com/terms-of-use
sitemap,https://www.cyotek.com/cyotek-nbt-editor
sitemap,https://www.cyotek.com/blog
sitemap,https://www.cyotek.com/cyotek-gif-animator
sitemap,https://www.cyotek.com/donate
sitemap,https://www.cyotek.com/blog/tools-we-use-2023-edition
sitemap,https://www.cyotek.com/blog/rss
sitemap,https://www.cyotek.com/about
sitemap,https://www.cyotek.com/cyotek-webcopy
sitemap,https://www.cyotek.com/rss
creator,https://www.cyotek.com/cyotek-copytools
creator,https://www.cyotek.com/cyotek-slicr
creator,https://www.cyotek.com/
creator,https://www.cyotek.com
creator,https://www.cyotek.com/products
creator,https://www.cyotek.com/blog/products
creator,https://www.cyotek.com/cyotek-spriter
creator,https://www.cyotek.com/open-source
creator,https://www.cyotek.com/blog/resolving-svn-error-could-not-open-the-requested-svn-filesystem
creator,https://www.cyotek.com/downloads
creator,https://www.cyotek.com/privacy-policy
creator,https://www.cyotek.com/source-code
creator,https://www.cyotek.com/blog/products/introducing-64bit-builds
creator,https://www.cyotek.com/copyright-and-trademarks
creator,https://www.cyotek.com/blog/products/crowdstrike-falcon-false-positives
creator,https://www.cyotek.com/cyotek-sitemap-creator
creator,https://www.cyotek.com/sitemap
creator,https://www.cyotek.com/contact
creator,https://www.cyotek.com/blog/products/introducing-webview2-support-part-1
creator,https://www.cyotek.com/cyotek-palette-editor
creator,https://www.cyotek.com/jewel-rush
creator,https://www.cyotek.com/blog/tools-we-use-2024-edition
creator,https://www.cyotek.com/search
creator,https://support.cyotek.com
creator,https://docs.cyotek.com/
creator,https://www.cyotek.com/terms-of-use
creator,https://www.cyotek.com/cyotek-nbt-editor
creator,https://www.cyotek.com/blog
creator,https://www.cyotek.com/cyotek-gif-animator
creator,https://www.cyotek.com/donate
creator,https://www.cyotek.com/blog/tools-we-use-2023-edition
creator,https://www.cyotek.com/blog/rss
creator,https://www.cyotek.com/about
creator,https://www.cyotek.com/cyotek-webcopy
creator,https://www.cyotek.com/rss
slicr,https://www.cyotek.com/cyotek-copytools
slicr,https://www.cyotek.com/cyotek-slicr
slicr,https://www.cyotek.com/
slicr,https://www.cyotek.com
slicr,https://www.cyotek.com/products
slicr,https://www.cyotek.com/blog/products
slicr,https://www.cyotek.com/cyotek-spriter
slicr,https://www.cyotek.com/open-source
slicr,https://www.cyotek.com/blog/resolving-svn-error-could-not-open-the-requested-svn-filesystem
slicr,https://www.cyotek.com/downloads
slicr,https://www.cyotek.com/privacy-policy
slicr,https://www.cyotek.com/source-code
slicr,https://www.cyotek.com/blog/products/introducing-64bit-builds
slicr,https://www.cyotek.com/copyright-and-trademarks
slicr,https://www.cyotek.com/blog/products/crowdstrike-falcon-false-positives
slicr,https://www.cyotek.com/cyotek-sitemap-creator
slicr,https://www.cyotek.com/sitemap
slicr,https://www.cyotek.com/contact
slicr,https://www.cyotek.com/blog/products/introducing-webview2-support-part-1
slicr,https://www.cyotek.com/cyotek-palette-editor
slicr,https://www.cyotek.com/jewel-rush
slicr,https://www.cyotek.com/blog/tools-we-use-2024-edition
slicr,https://www.cyotek.com/search
slicr,https://support.cyotek.com
slicr,https://docs.cyotek.com/
slicr,https://www.cyotek.com/terms-of-use
slicr,https://www.cyotek.com/cyotek-nbt-editor
slicr,https://www.cyotek.com/blog
slicr,https://www.cyotek.com/cyotek-gif-animator
slicr,https://www.cyotek.com/donate
slicr,https://www.cyotek.com/blog/tools-we-use-2023-edition
slicr,https://www.cyotek.com/about
slicr,https://www.cyotek.com/cyotek-webcopy
slicr,https://www.cyotek.com/rss
spriter,https://www.cyotek.com/cyotek-copytools
spriter,https://www.cyotek.com/cyotek-slicr
spriter,https://www.cyotek.com/
spriter,https://www.cyotek.com
spriter,https://www.cyotek.com/products
spriter,https://www.cyotek.com/blog/products
spriter,https://www.cyotek.com/cyotek-spriter
spriter,https://www.cyotek.com/open-source
spriter,https://www.cyotek.com/blog/resolving-svn-error-could-not-open-the-requested-svn-filesystem
spriter,https://www.cyotek.com/downloads
spriter,https://www.cyotek.com/privacy-policy
spriter,https://www.cyotek.com/source-code
spriter,https://www.cyotek.com/blog/products/introducing-64bit-builds
spriter,https://www.cyotek.com/copyright-and-trademarks
spriter,https://www.cyotek.com/blog/products/crowdstrike-falcon-false-positives
spriter,https://www.cyotek.com/cyotek-sitemap-creator
spriter,https://www.cyotek.com/sitemap
spriter,https://www.cyotek.com/contact
spriter,https://www.cyotek.com/blog/products/introducing-webview2-support-part-1
spriter,https://www.cyotek.com/cyotek-palette-editor
spriter,https://www.cyotek.com/jewel-rush
spriter,https://www.cyotek.com/blog/tools-we-use-2024-edition
spriter,https://www.cyotek.com/search
spriter,https://support.cyotek.com
spriter,https://docs.cyotek.com/
spriter,https://www.cyotek.com/terms-of-use
spriter,https://www.cyotek.com/cyotek-nbt-editor
spriter,https://www.cyotek.com/blog
spriter,https://www.cyotek.com/cyotek-gif-animator
spriter,https://www.cyotek.com/donate
spriter,https://www.cyotek.com/blog/tools-we-use-2023-edition
spriter,https://www.cyotek.com/about
spriter,https://www.cyotek.com/cyotek-webcopy
spriter,https://www.cyotek.com/rss
downloads,https://www.cyotek.com/cyotek-copytools
downloads,https://www.cyotek.com/cyotek-slicr
downloads,https://www.cyotek.com/
downloads,https://www.cyotek.com
downloads,https://www.cyotek.com/products
downloads,https://www.cyotek.com/blog/products
downloads,https://www.cyotek.com/cyotek-spriter
downloads,https://www.cyotek.com/open-source
downloads,https://www.cyotek.com/blog/resolving-svn-error-could-not-open-the-requested-svn-filesystem
downloads,https://www.cyotek.com/downloads
downloads,https://www.cyotek.com/privacy-policy
downloads,https://www.cyotek.com/source-code
downloads,https://demo.cyotek.com/features/index.php
downloads,https://www.cyotek.com/blog/products/introducing-64bit-builds
downloads,https://www.cyotek.com/copyright-and-trademarks
downloads,https://www.cyotek.com/blog/products/crowdstrike-falcon-false-positives
downloads,https://www.cyotek.com/cyotek-sitemap-creator
downloads,https://www.cyotek.com/sitemap
downloads,https://www.cyotek.com/contact
downloads,https://www.cyotek.com/blog/products/introducing-webview2-support-part-1
downloads,https://www.cyotek.com/cyotek-palette-editor
downloads,https://www.cyotek.com/jewel-rush
downloads,https://www.cyotek.com/blog/tools-we-use-2024-edition
downloads,https://www.cyotek.com/search
downloads,https://support.cyotek.com
downloads,https://www.cyotek.com/terms-of-use
downloads,https://www.cyotek.com/cyotek-nbt-editor
downloads,https://www.cyotek.com/blog
downloads,https://www.cyotek.com/cyotek-gif-animator
downloads,https://www.cyotek.com/donate
downloads,https://www.cyotek.com/blog/tools-we-use-2023-edition
downloads,https://www.cyotek.com/about
downloads,https://www.cyotek.com/cyotek-webcopy
downloads,https://www.cyotek.com/rss
files,https://www.cyotek.com/cyotek-copytools
files,https://www.cyotek.com/cyotek-slicr
files,https://www.cyotek.com/
files,https://www.cyotek.com
files,https://demo.cyotek.com/about.php
files,https://www.cyotek.com/products
files,https://www.cyotek.com/blog/products
files,https://www.cyotek.com/cyotek-spriter
files,https://www.cyotek.com/open-source
files,https://www.cyotek.com/blog/resolving-svn-error-could-not-open-the-requested-svn-filesystem
files,https://www.cyotek.com/downloads
files,https://www.cyotek.com/privacy-policy
files,https://www.cyotek.com/source-code
files,https://www.cyotek.com/blog/products/introducing-64bit-builds
files,https://www.cyotek.com/copyright-and-trademarks
files,https://www.cyotek.com/blog/products/crowdstrike-falcon-false-positives
files,https://www.cyotek.com/cyotek-sitemap-creator
files,https://www.cyotek.com/sitemap
files,https://www.cyotek.com/contact
files,https://www.cyotek.com/blog/products/introducing-webview2-support-part-1
files,https://www.cyotek.com/cyotek-palette-editor
files,https://www.cyotek.com/jewel-rush
files,https://www.cyotek.com/blog/tools-we-use-2024-edition
files,https://www.cyotek.com/search
files,https://www.cyotek.com/terms-of-use
files,https://www.cyotek.com/cyotek-nbt-editor
files,https://www.cyotek.com/blog
files,https://www.cyotek.com/cyotek-gif-animator
files,https://www.cyotek.com/donate
files,https://www.cyotek.com/blog/tools-we-use-2023-edition
files,https://www.cyotek.com/blog/rss
files,https://www.cyotek.com/about
files,https://www.cyotek.com/cyotek-webcopy
files,https://www.cyotek.com/rss
source,https://www.cyotek.com/cyotek-copytools
source,https://www.cyotek.com/cyotek-slicr
source,https://www.cyotek.com/
source,https://www.cyotek.com
source,https://demo.cyotek.com/about.php
source,https://www.cyotek.com/products
source,https://www.cyotek.com/blog/products
source,https://www.cyotek.com/cyotek-spriter
source,https://www.cyotek.com/open-source
source,https://www.cyotek.com/blog/resolving-svn-error-could-not-open-the-requested-svn-filesystem
source,https://www.cyotek.com/downloads
source,https://www.cyotek.com/privacy-policy
source,https://www.cyotek.com/source-code
source,https://www.cyotek.com/blog/products/introducing-64bit-builds
source,https://www.cyotek.com/copyright-and-trademarks
source,https://www.cyotek.com/blog/products/crowdstrike-falcon-false-positives
source,https://www.cyotek.com/cyotek-sitemap-creator
source,https://www.cyotek.com/sitemap
source,https://www.cyotek.com/contact
source,https://demo.cyotek.com/changelog.php
source,https://www.cyotek.com/blog/products/introducing-webview2-support-part-1
source,https://www.cyotek.com/cyotek-palette-editor
source,https://www.cyotek.com/jewel-rush
source,https://demo.cyotek.com/html/elements/picture.php
source,https://www.cyotek.com/blog/tools-we-use-2024-edition
source,https://www.cyotek.com/search
source,https://support.cyotek.com
source,https://www.cyotek.com/terms-of-use
source,https://www.cyotek.com/cyotek-nbt-editor
source,https://www.cyotek.com/blog
source,https://www.cyotek.com/cyotek-gif-animator
source,https://www.cyotek.com/donate
source,https://www.cyotek.com/blog/tools-we-use-2023-edition
source,https://www.cyotek.com/blog/rss
source,https://www.cyotek.com/about
source,https://www.cyotek.com/cyotek-webcopy
source,https://www.cyotek.com/rss
code,https://www.cyotek.com/cyotek-copytools
code,https://www.cyotek.com/cyotek-slicr
code,https://www.cyotek.com/
code,https://www.cyotek.com
code,https://demo.cyotek.com/about.php
code,https://www.cyotek.com/products
code,https://www.cyotek.com/blog/products
code,https://www.cyotek.com/cyotek-spriter
code,https://www.cyotek.com/open-source
code,https://www.cyotek.com/blog/resolving-svn-error-could-not-open-the-requested-svn-filesystem
code,https://www.cyotek.com/downloads
code,https://www.cyotek.com/privacy-policy
code,https://www.cyotek.com/source-code
code,https://www.cyotek.com/blog/products/introducing-64bit-builds
code,https://www.cyotek.com/copyright-and-trademarks
code,https://www.cyotek.com/blog/products/crowdstrike-falcon-false-positives
code,https://www.cyotek.com/cyotek-sitemap-creator
code,https://www.cyotek.com/sitemap
code,https://www.cyotek.com/contact
code,https://www.cyotek.com/blog/products/introducing-webview2-support-part-1
code,https://www.cyotek.com/cyotek-palette-editor
code,https://www.cyotek.com/jewel-rush
code,https://www.cyotek.com/blog/tools-we-use-2024-edition
code,https://www.cyotek.com/search
code,https://support.cyotek.com
code,https://www.cyotek.com/terms-of-use
code,https://www.cyotek.com/cyotek-nbt-editor
code,https://www.cyotek.com/blog
code,https://www.cyotek.com/cyotek-gif-animator
code,https://www.cyotek.com/donate
code,https://www.cyotek.com/blog/tools-we-use-2023-edition
code,https://www.cyotek.com/blog/rss
code,https://www.cyotek.com/about
code,https://www.cyotek.com/cyotek-webcopy
code,https://www.cyotek.com/rss
open,https://www.cyotek.com/cyotek-copytools
open,https://www.cyotek.com/cyotek-slicr
open,https://www.cyotek.com/
open,https://www.cyotek.com
open,https://www.cyotek.com/products
open,https://www.cyotek.com/blog/products
open,https://www.cyotek.com/cyotek-spriter
open,https://www.cyotek.com/open-source
open,https://www.cyotek.com/blog/resolving-svn-error-could-not-open-the-requested-svn-filesystem
open,https://www.cyotek.com/downloads
open,https://www.cyotek.com/privacy-policy
open,https://www.cyotek.com/source-code
open,https://www.cyotek.com/blog/products/introducing-64bit-builds
open,https://www.cyotek.com/copyright-and-trademarks
open,https://www.cyotek.com/blog/products/crowdstrike-falcon-false-positives
open,https://www.cyotek.com/cyotek-sitemap-creator
open,https://www.cyotek.com/sitemap
open,https://www.cyotek.com/contact
open,https://www.cyotek.com/blog/products/introducing-webview2-support-part-1
open,https://www.cyotek.com/cyotek-palette-editor
open,https://www.cyotek.com/jewel-rush
open,https://www.cyotek.com/blog/tools-we-use-2024-edition
open,https://www.cyotek.com/search
open,https://www.cyotek.com/terms-of-use
open,https://www.cyotek.com/cyotek-nbt-editor
open,https://www.cyotek.com/blog
open,https://www.cyotek.com/cyotek-gif-animator
open,https://www.cyotek.com/donate
open,https://www.cyotek.com/blog/tools-we-use-2023-edition
open,https://www.cyotek.com/blog/rss
open,https://www.cyotek.com/about
open,https://www.cyotek.com/cyotek-webcopy
open,https://www.cyotek.com/rss
blog,https://www.cyotek.com/cyotek-copytools
blog,https://www.cyotek.com/cyotek-slicr
blog,https://www.cyotek.com/
blog,https://www.cyotek.com
blog,https://www.cyotek.com/products
blog,https://www.cyotek.com/blog/products
blog,https://www.cyotek.com/cyotek-spriter
blog,https://www.cyotek.com/open-source
blog,https://www.cyotek.com/blog/resolving-svn-error-could-not-open-the-requested-svn-filesystem
blog,https://www.cyotek.com/downloads
blog,https://www.cyotek.com/privacy-policy
blog,https://www.cyotek.com/source-code
blog,https://www.cyotek.com/blog/products/introducing-64bit-builds
blog,https://www.cyotek.com/copyright-and-trademarks
blog,https://www.cyotek.com/blog/products/crowdstrike-falcon-false-positives
blog,https://www.cyotek.com/cyotek-sitemap-creator
blog,https://www.cyotek.com/sitemap
blog,https://www.cyotek.com/contact
blog,https://www.cyotek.com/blog/products/introducing-webview2-support-part-1
blog,https://www.cyotek.com/cyotek-palette-editor
blog,https://www.cyotek.com/jewel-rush
blog,https://www.cyotek.com/blog/tools-we-use-2024-edition
blog,https://www.cyotek.com/search
blog,https://support.cyotek.com
blog,https://www.cyotek.com/terms-of-use
blog,https://www.cyotek.com/cyotek-nbt-editor
blog,https://www.cyotek.com/blog
blog,https://www.cyotek.com/cyotek-gif-animator
blog,https://www.cyotek.com/donate
blog,https://www.cyotek.com/blog/tools-we-use-2023-edition
blog,https://www.cyotek.com/blog/rss
blog,https://www.cyotek.com/about
blog,https://www.cyotek.com/cyotek-webcopy
blog,https://www.cyotek.com/rss
.net,https://www.cyotek.com/cyotek-copytools
.net,https://www.cyotek.com/cyotek-slicr
.net,https://www.cyotek.com/
.net,https://www.cyotek.com
.net,https://demo.cyotek.com/about.php
.net,https://www.cyotek.com/products
.net,https://www.cyotek.com/blog/products
.net,https://www.cyotek.com/cyotek-spriter
.net,https://www.cyotek.com/open-source
.net,https://www.cyotek.com/blog/resolving-svn-error-could-not-open-the-requested-svn-filesystem
.net,https://www.cyotek.com/downloads
.net,https://www.cyotek.com/privacy-policy
.net,https://www.cyotek.com/source-code
.net,https://www.cyotek.com/blog/products/introducing-64bit-builds
.net,https://www.cyotek.com/copyright-and-trademarks
.net,https://www.cyotek.com/blog/products/crowdstrike-falcon-false-positives
.net,https://www.cyotek.com/cyotek-sitemap-creator
.net,https://www.cyotek.com/sitemap
.net,https://www.cyotek.com/contact
.net,https://www.cyotek.com/blog/products/introducing-webview2-support-part-1
.net,https://www.cyotek.com/cyotek-palette-editor
.net,https://www.cyotek.com/jewel-rush
.net,https://www.cyotek.com/blog/tools-we-use-2024-edition
.net,https://www.cyotek.com/search
.net,https://support.cyotek.com
.net,https://www.cyotek.com/terms-of-use
.net,https://www.cyotek.com/cyotek-nbt-editor
.net,https://www.cyotek.com/blog
.net,https://www.cyotek.com/cyotek-gif-animator
.net,https://www.cyotek.com/donate
.net,https://www.cyotek.com/blog/tools-we-use-2023-edition
.net,https://www.cyotek.com/blog/rss
.net,https://www.cyotek.com/about
.net,https://www.cyotek.com/cyotek-webcopy
.net,https://www.cyotek.com/rss
product,https://www.cyotek.com/cyotek-copytools
product,https://www.cyotek.com/cyotek-slicr
product,https://www.cyotek.com/
product,https://www.cyotek.com
product,https://www.cyotek.com/products
product,https://www.cyotek.com/blog/products
product,https://www.cyotek.com/cyotek-spriter
product,https://www.cyotek.com/open-source
product,https://www.cyotek.com/blog/resolving-svn-error-could-not-open-the-requested-svn-filesystem
product,https://www.cyotek.com/downloads
product,https://www.cyotek.com/privacy-policy
product,https://www.cyotek.com/source-code
product,https://www.cyotek.com/blog/products/introducing-64bit-builds
product,https://www.cyotek.com/copyright-and-trademarks
product,https://www.cyotek.com/blog/products/crowdstrike-falcon-false-positives
product,https://www.cyotek.com/cyotek-sitemap-creator
product,https://www.cyotek.com/sitemap
product,https://www.cyotek.com/contact
product,https://www.cyotek.com/blog/products/introducing-webview2-support-part-1
product,https://www.cyotek.com/cyotek-palette-editor
product,https://www.cyotek.com/jewel-rush
product,https://www.cyotek.com/blog/tools-we-use-2024-edition
product,https://www.cyotek.com/search
product,https://support.cyotek.com
product,https://www.cyotek.com/terms-of-use
product,https://www.cyotek.com/cyotek-nbt-editor
product,https://www.cyotek.com/blog
product,https://www.cyotek.com/cyotek-gif-animator
product,https://www.cyotek.com/donate
product,https://www.cyotek.com/blog/tools-we-use-2023-edition
product,https://www.cyotek.com/blog/rss
product,https://www.cyotek.com/about
product,https://www.cyotek.com/cyotek-webcopy
product,https://www.cyotek.com/rss
forums,https://www.cyotek.com/cyotek-copytools
forums,https://www.cyotek.com/cyotek-slicr
forums,https://www.cyotek.com/
forums,https://www.cyotek.com
forums,https://www.cyotek.com/products
forums,https://www.cyotek.com/blog/products
forums,https://www.cyotek.com/cyotek-spriter
forums,https://www.cyotek.com/open-source
forums,https://www.cyotek.com/blog/resolving-svn-error-could-not-open-the-requested-svn-filesystem
forums,https://www.cyotek.com/downloads
forums,https://www.cyotek.com/privacy-policy
forums,https://www.cyotek.com/source-code
forums,https://www.cyotek.com/blog/products/introducing-64bit-builds
forums,https://www.cyotek.com/copyright-and-trademarks
forums,https://www.cyotek.com/blog/products/crowdstrike-falcon-false-positives
forums,https://www.cyotek.com/cyotek-sitemap-creator
forums,https://www.cyotek.com/sitemap
forums,https://www.cyotek.com/contact
forums,https://www.cyotek.com/blog/products/introducing-webview2-support-part-1
forums,https://www.cyotek.com/cyotek-palette-editor
forums,https://www.cyotek.com/jewel-rush
forums,https://www.cyotek.com/blog/tools-we-use-2024-edition
forums,https://www.cyotek.com/search
forums,https://support.cyotek.com
forums,https://www.cyotek.com/terms-of-use
forums,https://www.cyotek.com/cyotek-nbt-editor
forums,https://www.cyotek.com/blog
forums,https://www.cyotek.com/cyotek-gif-animator
forums,https://www.cyotek.com/donate
forums,https://www.cyotek.com/blog/tools-we-use-2023-edition
forums,https://www.cyotek.com/blog/rss
forums,https://www.cyotek.com/about
forums,https://www.cyotek.com/cyotek-webcopy
forums,https://www.cyotek.com/rss
support,https://www.cyotek.com/cyotek-copytools
support,https://www.cyotek.com/cyotek-slicr
support,https://www.cyotek.com/
support,https://www.cyotek.com
support,https://www.cyotek.com/products
support,https://www.cyotek.com/blog/products
support,https://www.cyotek.com/cyotek-spriter
support,https://www.cyotek.com/open-source
support,https://www.cyotek.com/blog/resolving-svn-error-could-not-open-the-requested-svn-filesystem
support,https://www.cyotek.com/downloads
support,https://www.cyotek.com/privacy-policy
support,https://www.cyotek.com/source-code
support,https://www.cyotek.com/blog/products/introducing-64bit-builds
support,https://www.cyotek.com/copyright-and-trademarks
support,https://www.cyotek.com/blog/products/crowdstrike-falcon-false-positives
support,https://www.cyotek.com/cyotek-sitemap-creator
support,https://www.cyotek.com/sitemap
support,https://www.cyotek.com/contact
support,https://www.cyotek.com/blog/products/introducing-webview2-support-part-1
support,https://www.cyotek.com/cyotek-palette-editor
support,https://www.cyotek.com/jewel-rush
support,https://demo.cyotek.com/html/elements/picture.php
support,https://www.cyotek.com/blog/tools-we-use-2024-edition
support,https://www.cyotek.com/search
support,https://support.cyotek.com
support,https://demo.cyotek.com/javascript/index.php
support,https://www.cyotek.com/terms-of-use
support,https://www.cyotek.com/cyotek-nbt-editor
support,https://www.cyotek.com/blog
support,https://www.cyotek.com/cyotek-gif-animator
support,https://www.cyotek.com/donate
support,https://www.cyotek.com/blog/tools-we-use-2023-edition
support,https://www.cyotek.com/blog/rss
support,https://www.cyotek.com/about
support,https://www.cyotek.com/cyotek-webcopy
support,https://www.cyotek.com/rss
we,https://www.cyotek.com/cyotek-copytools
we,https://www.cyotek.com/cyotek-slicr
we,https://www.cyotek.com/
we,https://www.cyotek.com
we,https://demo.cyotek.com/about.php
we,https://www.cyotek.com/products
we,https://www.cyotek.com/blog/products
we,https://www.cyotek.com/cyotek-spriter
we,https://www.cyotek.com/open-source
we,https://www.cyotek.com/blog/resolving-svn-error-could-not-open-the-requested-svn-filesystem
we,https://www.cyotek.com/downloads
we,https://www.cyotek.com/privacy-policy
we,https://www.cyotek.com/source-code
we,https://www.cyotek.com/blog/products/introducing-64bit-builds
we,https://www.cyotek.com/copyright-and-trademarks
we,https://www.cyotek.com/blog/products/crowdstrike-falcon-false-positives
we,https://www.cyotek.com/cyotek-sitemap-creator
we,https://www.cyotek.com/sitemap
we,https://www.cyotek.com/contact
we,https://www.cyotek.com/blog/products/introducing-webview2-support-part-1
we,https://www.cyotek.com/cyotek-palette-editor
we,https://www.cyotek.com/jewel-rush
we,https://www.cyotek.com/blog/tools-we-use-2024-edition
we,https://www.cyotek.com/search
we,https://support.cyotek.com
we,https://www.cyotek.com/terms-of-use
we,https://www.cyotek.com/cyotek-nbt-editor
we,https://www.cyotek.com/blog
we,https://www.cyotek.com/cyotek-gif-animator
we,https://www.cyotek.com/donate
we,https://www.cyotek.com/blog/tools-we-use-2023-edition
we,https://www.cyotek.com/blog/rss
we,https://www.cyotek.com/about
we,https://www.cyotek.com/cyotek-webcopy
we,https://www.cyotek.com/rss
offer,https://www.cyotek.com/
offer,https://www.cyotek.com
offer,https://www.cyotek.com/blog/rss
offer,https://www.cyotek.com/rss
number,https://www.cyotek.com/open-source
number,https://www.cyotek.com/
number,https://www.cyotek.com
number,https://demo.cyotek.com/html/attributes/custom.php
number,https://www.cyotek.com/blog/rss
number,https://www.cyotek.com/blog/tools-we-use-2023-edition
number,https://www.cyotek.com/about
number,https://www.cyotek.com/blog/tools-we-use-2024-edition
number,https://www.cyotek.com/rss
innovative,https://www.cyotek.com/
innovative,https://www.cyotek.com
"products,",https://www.cyotek.com/terms-of-use
"products,",https://www.cyotek.com/rss
"products,",https://www.cyotek.com/
"products,",https://www.cyotek.com
"products,",https://www.cyotek.com/blog/rss
"products,",https://support.cyotek.com
including,https://www.cyotek.com/cyotek-spriter
including,https://www.cyotek.com/terms-of-use
including,https://www.cyotek.com/privacy-policy
including,https://www.cyotek.com/source-code
including,https://www.cyotek.com/
including,https://www.cyotek.com
including,https://www.cyotek.com/blog/tools-we-use-2023-edition
including,https://www.cyotek.com/blog/rss
including,https://www.cyotek.com/products
including,https://www.cyotek.com/jewel-rush
including,https://www.cyotek.com/blog/tools-we-use-2024-edition
including,https://www.cyotek.com/rss
"spriter,",https://www.cyotek.com/
"spriter,",https://www.cyotek.com
"spriter,",https://www.cyotek.com/rss
sprite,https://www.cyotek.com/cyotek-spriter
sprite,https://www.cyotek.com/open-source
sprite,https://www.cyotek.com/blog/resolving-svn-error-could-not-open-the-requested-svn-filesystem
sprite,https://www.cyotek.com/
sprite,https://www.cyotek.com
sprite,https://www.cyotek.com/blog
sprite,https://www.cyotek.com/blog/tools-we-use-2023-edition
sprite,https://www.cyotek.com/blog/rss
sprite,https://www.cyotek.com/products
sprite,https://www.cyotek.com/blog/tools-we-use-2024-edition
sprite,https://www.cyotek.com/rss
sheet,https://www.cyotek.com/cyotek-spriter
sheet,https://www.cyotek.com/open-source
sheet,https://www.cyotek.com/blog/resolving-svn-error-could-not-open-the-requested-svn-filesystem
sheet,https://www.cyotek.com/
sheet,https://www.cyotek.com
sheet,https://www.cyotek.com/blog
sheet,https://www.cyotek.com/blog/tools-we-use-2023-edition
sheet,https://www.cyotek.com/blog/rss
sheet,https://www.cyotek.com/products
sheet,https://www.cyotek.com/blog/tools-we-use-2024-edition
sheet,https://www.cyotek.com/rss
"generator,",https://www.cyotek.com/
"generator,",https://www.cyotek.com
"generator,",https://www.cyotek.com/blog/rss
"generator,",https://www.cyotek.com/rss
copy,https://www.cyotek.com/cyotek-copytools
copy,https://www.cyotek.com/rss
copy,https://www.cyotek.com/
copy,https://www.cyotek.com
copy,https://www.cyotek.com/blog/rss
copy,https://www.cyotek.com/products
copy,https://www.cyotek.com/cyotek-webcopy
copy,https://www.cyotek.com/copyright-and-trademarks
websites,https://demo.cyotek.com/javascript/index.php
websites,https://www.cyotek.com/terms-of-use
websites,https://www.cyotek.com/cyotek-sitemap-creator
websites,https://www.cyotek.com/privacy-policy
websites,https://www.cyotek.com/
websites,https://www.cyotek.com
websites,https://www.cyotek.com/blog/products/introducing-webview2-support-part-1
websites,https://www.cyotek.com/blog/rss
websites,https://www.cyotek.com/products
websites,https://www.cyotek.com/blog/products
websites,https://www.cyotek.com/cyotek-webcopy
websites,https://www.cyotek.com/rss
offline,https://www.cyotek.com/
offline,https://www.cyotek.com
offline,https://www.cyotek.com/blog/rss
offline,https://www.cyotek.com/blog/tools-we-use-2023-edition
offline,https://www.cyotek.com/products
offline,https://www.cyotek.com/blog/tools-we-use-2024-edition
offline,https://www.cyotek.com/cyotek-webcopy
offline,https://www.cyotek.com/rss
"use,",https://www.cyotek.com/terms-of-use
"use,",https://www.cyotek.com/
"use,",https://www.cyotek.com
"use,",https://www.cyotek.com/blog/rss
"use,",https://www.cyotek.com/copyright-and-trademarks
"use,",https://www.cyotek.com/rss
backing,https://www.cyotek.com/
backing,https://www.cyotek.com
backing,https://www.cyotek.com/blog/rss
backing,https://www.cyotek.com/blog/tools-we-use-2023-edition
backing,https://www.cyotek.com/blog/tools-we-use-2024-edition
backing,https://www.cyotek.com/rss
up,https://www.cyotek.com/terms-of-use
up,https://www.cyotek.com/blog/resolving-svn-error-could-not-open-the-requested-svn-filesystem
up,https://www.cyotek.com/cyotek-slicr
up,https://www.cyotek.com/
up,https://www.cyotek.com
up,https://www.cyotek.com/blog
up,https://www.cyotek.com/blog/tools-we-use-2023-edition
up,https://www.cyotek.com/blog/products/introducing-webview2-support-part-1
up,https://www.cyotek.com/products
up,https://www.cyotek.com/blog/rss
up,https://www.cyotek.com/blog/tools-we-use-2024-edition
up,https://www.cyotek.com/rss
your,https://www.cyotek.com/cyotek-copytools
your,https://www.cyotek.com/
your,https://www.cyotek.com
your,https://www.cyotek.com/products
your,https://www.cyotek.com/open-source
your,https://www.cyotek.com/blog/resolving-svn-error-could-not-open-the-requested-svn-filesystem
your,https://www.cyotek.com/privacy-policy
your,https://www.cyotek.com/source-code
your,https://www.cyotek.com/blog/products/introducing-64bit-builds
your,https://www.cyotek.com/copyright-and-trademarks
your,https://www.cyotek.com/blog/products/crowdstrike-falcon-false-positives
your,https://www.cyotek.com/cyotek-sitemap-creator
your,https://demo.cyotek.com/html/attributes/custom.php
your,https://www.cyotek.com/blog/products/introducing-webview2-support-part-1
your,https://www.cyotek.com/jewel-rush
your,https://demo.cyotek.com/html/elements/picture.php
your,https://www.cyotek.com/blog/tools-we-use-2024-edition
your,https://www.cyotek.com/search
your,https://www.cyotek.com/terms-of-use
your,https://www.cyotek.com/donate
your,https://www.cyotek.com/blog/tools-we-use-2023-edition
your,https://www.cyotek.com/blog/rss
your,https://www.cyotek.com/cyotek-webcopy
your,https://www.cyotek.com/rss
"files,",https://www.cyotek.com/cyotek-nbt-editor
"files,",https://www.cyotek.com/
"files,",https://www.cyotek.com
"files,",https://www.cyotek.com/blog/rss
"files,",https://www.cyotek.com/rss
creating,https://www.cyotek.com/cyotek-copytools
creating,https://www.cyotek.com/cyotek-slicr
creating,https://www.cyotek.com/
creating,https://www.cyotek.com
creating,https://www.cyotek.com/products
creating,https://www.cyotek.com/blog/products
creating,https://www.cyotek.com/cyotek-spriter
creating,https://www.cyotek.com/open-source
creating,https://www.cyotek.com/blog/resolving-svn-error-could-not-open-the-requested-svn-filesystem
creating,https://www.cyotek.com/downloads
creating,https://www.cyotek.com/privacy-policy
creating,https://www.cyotek.com/source-code
creating,https://www.cyotek.com/blog/products/introducing-64bit-builds
creating,https://www.cyotek.com/copyright-and-trademarks
creating,https://www.cyotek.com/blog/products/crowdstrike-falcon-false-positives
creating,https://www.cyotek.com/cyotek-sitemap-creator
creating,https://www.cyotek.com/sitemap
creating,https://www.cyotek.com/contact
creating,https://www.cyotek.com/blog/products/introducing-webview2-support-part-1
creating,https://www.cyotek.com/cyotek-palette-editor
creating,https://www.cyotek.com/jewel-rush
creating,https://www.cyotek.com/blog/tools-we-use-2024-edition
creating,https://www.cyotek.com/search
creating,https://www.cyotek.com/terms-of-use
creating,https://www.cyotek.com/cyotek-nbt-editor
creating,https://www.cyotek.com/blog
creating,https://www.cyotek.com/cyotek-gif-animator
creating,https://www.cyotek.com/donate
creating,https://www.cyotek.com/blog/tools-we-use-2023-edition
creating,https://www.cyotek.com/blog/rss
creating,https://www.cyotek.com/about
creating,https://www.cyotek.com/cyotek-webcopy
creating,https://www.cyotek.com/rss
"animations,",https://www.cyotek.com/
"animations,",https://www.cyotek.com
"animations,",https://www.cyotek.com/cyotek-gif-animator
"animations,",https://www.cyotek.com/products
"animations,",https://www.cyotek.com/rss
more.,https://www.cyotek.com/
more.,https://www.cyotek.com
more.,https://www.cyotek.com/cyotek-gif-animator
more.,https://www.cyotek.com/blog/rss
more.,https://www.cyotek.com/products
more.,https://www.cyotek.com/cyotek-webcopy
more.,https://www.cyotek.com/rss
view,https://docs.cyotek.com/
view,https://www.cyotek.com/blog/products/crowdstrike-falcon-false-positives
view,https://www.cyotek.com/open-source
view,https://www.cyotek.com/blog/resolving-svn-error-could-not-open-the-requested-svn-filesystem
view,https://www.cyotek.com/sitemap
view,https://www.cyotek.com/downloads
view,https://www.cyotek.com/source-code
view,https://www.cyotek.com/
view,https://www.cyotek.com
view,https://www.cyotek.com/blog
view,https://demo.cyotek.com/about.php
view,https://www.cyotek.com/blog/tools-we-use-2023-edition
view,https://www.cyotek.com/blog/rss
view,https://www.cyotek.com/blog/tools-we-use-2024-edition
view,https://www.cyotek.com/rss
contains,https://www.cyotek.com/terms-of-use
contains,https://www.cyotek.com/open-source
contains,https://www.cyotek.com/
contains,https://www.cyotek.com
contains,https://www.cyotek.com/blog/rss
contains,https://www.cyotek.com/rss
variety,https://www.cyotek.com/cyotek-spriter
variety,https://www.cyotek.com/
variety,https://www.cyotek.com
variety,https://www.cyotek.com/blog/tools-we-use-2023-edition
variety,https://www.cyotek.com/cyotek-palette-editor
variety,https://www.cyotek.com/products
variety,https://www.cyotek.com/blog/rss
variety,https://www.cyotek.com/blog/tools-we-use-2024-edition
variety,https://www.cyotek.com/rss
range,https://www.cyotek.com/
range,https://www.cyotek.com
range,https://www.cyotek.com/blog/rss
range,https://www.cyotek.com/rss
development,https://www.cyotek.com/cyotek-copytools
development,https://www.cyotek.com/cyotek-slicr
development,https://www.cyotek.com/
development,https://www.cyotek.com
development,https://www.cyotek.com/products
development,https://www.cyotek.com/blog/products
development,https://www.cyotek.com/cyotek-spriter
development,https://www.cyotek.com/open-source
development,https://www.cyotek.com/blog/resolving-svn-error-could-not-open-the-requested-svn-filesystem
development,https://www.cyotek.com/downloads
development,https://www.cyotek.com/privacy-policy
development,https://www.cyotek.com/source-code
development,https://www.cyotek.com/blog/products/introducing-64bit-builds
development,https://www.cyotek.com/copyright-and-trademarks
development,https://www.cyotek.com/blog/products/crowdstrike-falcon-false-positives
development,https://www.cyotek.com/cyotek-sitemap-creator
development,https://www.cyotek.com/sitemap
development,https://www.cyotek.com/contact
development,https://www.cyotek.com/blog/products/introducing-webview2-support-part-1
development,https://www.cyotek.com/cyotek-palette-editor
development,https://www.cyotek.com/jewel-rush
development,https://www.cyotek.com/blog/tools-we-use-2024-edition
development,https://www.cyotek.com/search
development,https://www.cyotek.com/terms-of-use
development,https://www.cyotek.com/cyotek-nbt-editor
development,https://www.cyotek.com/blog
development,https://www.cyotek.com/cyotek-gif-animator
development,https://www.cyotek.com/donate
development,https://www.cyotek.com/blog/tools-we-use-2023-edition
development,https://www.cyotek.com/blog/rss
development,https://www.cyotek.com/about
development,https://www.cyotek.com/cyotek-webcopy
development,https://www.cyotek.com/rss
topics,https://www.cyotek.com/blog/resolving-svn-error-could-not-open-the-requested-svn-filesystem
topics,https://www.cyotek.com/
topics,https://www.cyotek.com
topics,https://www.cyotek.com/blog
topics,https://www.cyotek.com/blog/rss
topics,https://www.cyotek.com/blog/tools-we-use-2023-edition
topics,https://www.cyotek.com/blog/tools-we-use-2024-edition
topics,https://www.cyotek.com/rss
as,https://www.cyotek.com/cyotek-copytools
as,https://www.cyotek.com/cyotek-slicr
as,https://www.cyotek.com/
as,https://www.cyotek.com
as,https://demo.cyotek.com/about.php
as,https://www.cyotek.com/products
as,https://www.cyotek.com/blog/products
as,https://www.cyotek.com/cyotek-spriter
as,https://www.cyotek.com/open-source
as,https://www.cyotek.com/blog/resolving-svn-error-could-not-open-the-requested-svn-filesystem
as,https://www.cyotek.com/downloads
as,https://www.cyotek.com/privacy-policy
as,https://demo.cyotek.com/statuscodes/index.php
as,https://www.cyotek.com/source-code
as,https://www.cyotek.com/blog/products/introducing-64bit-builds
as,https://www.cyotek.com/copyright-and-trademarks
as,https://www.cyotek.com/blog/products/crowdstrike-falcon-false-positives
as,https://www.cyotek.com/cyotek-sitemap-creator
as,https://demo.cyotek.com/changelog.php
as,https://www.cyotek.com/blog/products/introducing-webview2-support-part-1
as,https://www.cyotek.com/cyotek-palette-editor
as,https://www.cyotek.com/jewel-rush
as,https://www.cyotek.com/blog/tools-we-use-2024-edition
as,https://demo.cyotek.com/javascript/index.php
as,https://www.cyotek.com/terms-of-use
as,https://www.cyotek.com/cyotek-nbt-editor
as,https://www.cyotek.com/blog
as,https://www.cyotek.com/cyotek-gif-animator
as,https://www.cyotek.com/blog/tools-we-use-2023-edition
as,https://www.cyotek.com/blog/rss
as,https://www.cyotek.com/about
as,https://www.cyotek.com/cyotek-webcopy
as,https://www.cyotek.com/rss
describe,https://www.cyotek.com/
describe,https://www.cyotek.com
describe,https://www.cyotek.com/blog/rss
describe,https://www.cyotek.com/rss
solutions,https://www.cyotek.com/
solutions,https://www.cyotek.com
solutions,https://www.cyotek.com/blog/rss
solutions,https://www.cyotek.com/rss
created,https://www.cyotek.com/blog/resolving-svn-error-could-not-open-the-requested-svn-filesystem
created,https://www.cyotek.com/cyotek-nbt-editor
created,https://www.cyotek.com/source-code
created,https://www.cyotek.com/
created,https://www.cyotek.com
created,https://demo.cyotek.com/about.php
created,https://www.cyotek.com/blog/products/introducing-webview2-support-part-1
created,https://www.cyotek.com/cyotek-palette-editor
created,https://www.cyotek.com/products
created,https://www.cyotek.com/blog/tools-we-use-2023-edition
created,https://www.cyotek.com/blog/rss
created,https://www.cyotek.com/blog/tools-we-use-2024-edition
created,https://support.cyotek.com
created,https://www.cyotek.com/rss
using,https://www.cyotek.com/cyotek-copytools
using,https://www.cyotek.com/cyotek-slicr
using,https://www.cyotek.com/
using,https://www.cyotek.com
using,https://demo.cyotek.com/about.php
using,https://www.cyotek.com/products
using,https://www.cyotek.com/blog/products
using,https://www.cyotek.com/cyotek-spriter
using,https://www.cyotek.com/open-source
using,https://www.cyotek.com/blog/resolving-svn-error-could-not-open-the-requested-svn-filesystem
using,https://www.cyotek.com/downloads
using,https://www.cyotek.com/privacy-policy
using,https://demo.cyotek.com/statuscodes/index.php
using,https://www.cyotek.com/source-code
using,https://www.cyotek.com/blog/products/introducing-64bit-builds
using,https://www.cyotek.com/copyright-and-trademarks
using,https://www.cyotek.com/blog/products/crowdstrike-falcon-false-positives
using,https://www.cyotek.com/cyotek-sitemap-creator
using,https://www.cyotek.com/sitemap
using,https://www.cyotek.com/contact
using,https://demo.cyotek.com/changelog.php
using,https://www.cyotek.com/blog/products/introducing-webview2-support-part-1
using,https://www.cyotek.com/cyotek-palette-editor
using,https://www.cyotek.com/jewel-rush
using,https://www.cyotek.com/blog/tools-we-use-2024-edition
using,https://www.cyotek.com/search
using,https://www.cyotek.com/terms-of-use
using,https://www.cyotek.com/cyotek-nbt-editor
using,https://www.cyotek.com/blog
using,https://www.cyotek.com/cyotek-gif-animator
using,https://www.cyotek.com/donate
using,https://www.cyotek.com/blog/tools-we-use-2023-edition
using,https://www.cyotek.com/blog/rss
using,https://www.cyotek.com/about
using,https://www.cyotek.com/cyotek-webcopy
using,https://www.cyotek.com/rss
c#,https://www.cyotek.com/cyotek-copytools
c#,https://www.cyotek.com/cyotek-slicr
c#,https://www.cyotek.com/
c#,https://www.cyotek.com
c#,https://demo.cyotek.com/about.php
c#,https://www.cyotek.com/products
c#,https://www.cyotek.com/blog/products
c#,https://www.cyotek.com/cyotek-spriter
c#,https://www.cyotek.com/open-source
c#,https://www.cyotek.com/blog/resolving-svn-error-could-not-open-the-requested-svn-filesystem
c#,https://www.cyotek.com/downloads
c#,https://www.cyotek.com/privacy-policy
c#,https://www.cyotek.com/source-code
c#,https://www.cyotek.com/blog/products/introducing-64bit-builds
c#,https://www.cyotek.com/copyright-and-trademarks
c#,https://www.cyotek.com/blog/products/crowdstrike-falcon-false-positives
c#,https://www.cyotek.com/cyotek-sitemap-creator
c#,https://www.cyotek.com/sitemap
c#,https://www.cyotek.com/contact
c#,https://www.cyotek.com/blog/products/introducing-webview2-support-part-1
c#,https://www.cyotek.com/cyotek-palette-editor
c#,https://www.cyotek.com/jewel-rush
c#,https://www.cyotek.com/blog/tools-we-use-2024-edition
c#,https://www.cyotek.com/search
c#,https://www.cyotek.com/terms-of-use
c#,https://www.cyotek.com/cyotek-nbt-editor
c#,https://www.cyotek.com/blog
c#,https://www.cyotek.com/cyotek-gif-animator
c#,https://www.cyotek.com/donate
c#,https://www.cyotek.com/blog/tools-we-use-2023-edition
c#,https://www.cyotek.com/blog/rss
c#,https://www.cyotek.com/about
c#,https://www.cyotek.com/cyotek-webcopy
c#,https://www.cyotek.com/rss
framework,https://www.cyotek.com/cyotek-spriter
framework,https://www.cyotek.com/cyotek-copytools
framework,https://www.cyotek.com/cyotek-sitemap-creator
framework,https://www.cyotek.com/cyotek-nbt-editor
framework,https://www.cyotek.com/cyotek-slicr
framework,https://www.cyotek.com/
framework,https://www.cyotek.com
framework,https://www.cyotek.com/cyotek-gif-animator
framework,https://www.cyotek.com/blog/products/introducing-webview2-support-part-1
framework,https://www.cyotek.com/cyotek-palette-editor
framework,https://www.cyotek.com/blog/tools-we-use-2023-edition
framework,https://www.cyotek.com/jewel-rush
framework,https://www.cyotek.com/blog/rss
framework,https://www.cyotek.com/blog/products
framework,https://www.cyotek.com/blog/tools-we-use-2024-edition
framework,https://www.cyotek.com/cyotek-webcopy
framework,https://www.cyotek.com/rss
along,https://www.cyotek.com/source-code
along,https://www.cyotek.com/
along,https://www.cyotek.com
along,https://www.cyotek.com/blog/rss
along,https://www.cyotek.com/blog/products/introducing-webview2-support-part-1
along,https://www.cyotek.com/rss
adventures,https://www.cyotek.com/
adventures,https://www.cyotek.com
adventures,https://www.cyotek.com/blog/rss
adventures,https://www.cyotek.com/rss
in,https://www.cyotek.com/cyotek-slicr
in,https://www.cyotek.com/
in,https://www.cyotek.com
in,https://demo.cyotek.com/about.php
in,https://www.cyotek.com/products
in,https://www.cyotek.com/blog/products
in,https://www.cyotek.com/cyotek-spriter
in,https://www.cyotek.com/open-source
in,https://www.cyotek.com/blog/resolving-svn-error-could-not-open-the-requested-svn-filesystem
in,https://www.cyotek.com/privacy-policy
in,https://demo.cyotek.com/statuscodes/index.php
in,https://www.cyotek.com/source-code
in,https://demo.cyotek.com/features/index.php
in,https://www.cyotek.com/blog/products/introducing-64bit-builds
in,https://www.cyotek.com/copyright-and-trademarks
in,https://www.cyotek.com/blog/products/crowdstrike-falcon-false-positives
in,https://demo.cyotek.com/html/attributes/custom.php
in,https://demo.cyotek.com/changelog.php
in,https://www.cyotek.com/blog/products/introducing-webview2-support-part-1
in,https://www.cyotek.com/cyotek-palette-editor
in,https://www.cyotek.com/jewel-rush
in,https://demo.cyotek.com/html/elements/picture.php
in,https://www.cyotek.com/blog/tools-we-use-2024-edition
in,https://demo.cyotek.com/html/elements/style.php
in,https://support.cyotek.com
in,https://www.cyotek.com/terms-of-use
in,https://www.cyotek.com/cyotek-nbt-editor
in,https://www.cyotek.com/blog
in,https://www.cyotek.com/cyotek-gif-animator
in,https://www.cyotek.com/blog/tools-we-use-2023-edition
in,https://www.cyotek.com/blog/rss
in,https://www.cyotek.com/about
in,https://www.cyotek.com/cyotek-webcopy
in,https://www.cyotek.com/rss
world,https://demo.cyotek.com/javascript/index.php
world,https://www.cyotek.com/
world,https://www.cyotek.com
world,https://www.cyotek.com/blog/rss
world,https://www.cyotek.com/blog/tools-we-use-2023-edition
world,https://www.cyotek.com/rss
software,https://www.cyotek.com/cyotek-copytools
software,https://www.cyotek.com/cyotek-slicr
software,https://www.cyotek.com/
software,https://www.cyotek.com
software,https://www.cyotek.com/blog/products
software,https://www.cyotek.com/cyotek-spriter
software,https://www.cyotek.com/open-source
software,https://www.cyotek.com/blog/resolving-svn-error-could-not-open-the-requested-svn-filesystem
software,https://www.cyotek.com/downloads
software,https://www.cyotek.com/source-code
software,https://www.cyotek.com/blog/products/crowdstrike-falcon-false-positives
software,https://www.cyotek.com/cyotek-sitemap-creator
software,https://www.cyotek.com/contact
software,https://www.cyotek.com/blog/products/introducing-webview2-support-part-1
software,https://www.cyotek.com/cyotek-palette-editor
software,https://www.cyotek.com/jewel-rush
software,https://www.cyotek.com/blog/tools-we-use-2024-edition
software,https://www.cyotek.com/cyotek-nbt-editor
software,https://www.cyotek.com/blog
software,https://www.cyotek.com/cyotek-gif-animator
software,https://www.cyotek.com/blog/tools-we-use-2023-edition
software,https://www.cyotek.com/blog/rss
software,https://www.cyotek.com/about
software,https://www.cyotek.com/cyotek-webcopy
software,https://www.cyotek.com/rss
development.,https://www.cyotek.com/
development.,https://www.cyotek.com
development.,https://www.cyotek.com/blog/rss
development.,https://www.cyotek.com/rss
several,https://www.cyotek.com/blog/products/crowdstrike-falcon-false-positives
several,https://www.cyotek.com/
several,https://www.cyotek.com
several,https://www.cyotek.com/blog/rss
several,https://www.cyotek.com/blog/tools-we-use-2023-edition
several,https://www.cyotek.com/blog/tools-we-use-2024-edition
several,https://www.cyotek.com/rss
examples,https://www.cyotek.com/
examples,https://www.cyotek.com
examples,https://www.cyotek.com/blog/rss
examples,https://www.cyotek.com/rss
developed,https://www.cyotek.com/cyotek-nbt-editor
developed,https://www.cyotek.com/source-code
developed,https://www.cyotek.com/
developed,https://www.cyotek.com
developed,https://www.cyotek.com/blog/rss
developed,https://www.cyotek.com/about
developed,https://support.cyotek.com
developed,https://www.cyotek.com/rss
"c#,",https://www.cyotek.com/
"c#,",https://www.cyotek.com
"c#,",https://www.cyotek.com/blog/rss
"c#,",https://www.cyotek.com/rss
few,https://www.cyotek.com/blog/products/crowdstrike-falcon-false-positives
few,https://www.cyotek.com/open-source
few,https://www.cyotek.com/
few,https://www.cyotek.com
few,https://www.cyotek.com/blog/rss
few,https://www.cyotek.com/blog/tools-we-use-2023-edition
few,https://www.cyotek.com/rss
legacy,https://www.cyotek.com/blog/resolving-svn-error-could-not-open-the-requested-svn-filesystem
legacy,https://www.cyotek.com/
legacy,https://www.cyotek.com
legacy,https://www.cyotek.com/blog/rss
legacy,https://www.cyotek.com/blog/tools-we-use-2023-edition
legacy,https://www.cyotek.com/rss
visual,https://www.cyotek.com/cyotek-copytools
visual,https://www.cyotek.com/cyotek-slicr
visual,https://www.cyotek.com/
visual,https://www.cyotek.com
visual,https://demo.cyotek.com/about.php
visual,https://www.cyotek.com/products
visual,https://www.cyotek.com/blog/products
visual,https://www.cyotek.com/cyotek-spriter
visual,https://www.cyotek.com/open-source
visual,https://www.cyotek.com/blog/resolving-svn-error-could-not-open-the-requested-svn-filesystem
visual,https://www.cyotek.com/downloads
visual,https://www.cyotek.com/privacy-policy
visual,https://www.cyotek.com/source-code
visual,https://www.cyotek.com/blog/products/introducing-64bit-builds
visual,https://www.cyotek.com/copyright-and-trademarks
visual,https://www.cyotek.com/blog/products/crowdstrike-falcon-false-positives
visual,https://www.cyotek.com/cyotek-sitemap-creator
visual,https://www.cyotek.com/sitemap
visual,https://www.cyotek.com/contact
visual,https://www.cyotek.com/blog/products/introducing-webview2-support-part-1
visual,https://www.cyotek.com/cyotek-palette-editor
visual,https://www.cyotek.com/jewel-rush
visual,https://www.cyotek.com/blog/tools-we-use-2024-edition
visual,https://www.cyotek.com/search
visual,https://support.cyotek.com
visual,https://www.cyotek.com/terms-of-use
visual,https://www.cyotek.com/cyotek-nbt-editor
visual,https://www.cyotek.com/blog
visual,https://www.cyotek.com/cyotek-gif-animator
visual,https://www.cyotek.com/donate
visual,https://www.cyotek.com/blog/tools-we-use-2023-edition
visual,https://www.cyotek.com/blog/rss
visual,https://www.cyotek.com/about
visual,https://www.cyotek.com/cyotek-webcopy
visual,https://www.cyotek.com/rss
basic,https://www.cyotek.com/source-code
basic,https://www.cyotek.com/
basic,https://www.cyotek.com
basic,https://demo.cyotek.com/changelog.php
basic,https://www.cyotek.com/blog/tools-we-use-2023-edition
basic,https://www.cyotek.com/blog/rss
basic,https://www.cyotek.com/about
basic,https://www.cyotek.com/blog/tools-we-use-2024-edition
basic,https://support.cyotek.com
basic,https://www.cyotek.com/rss
samples.,https://www.cyotek.com/
samples.,https://www.cyotek.com
among,https://www.cyotek.com/
among,https://www.cyotek.com
among,https://www.cyotek.com/rss
available,https://www.cyotek.com/cyotek-copytools
available,https://www.cyotek.com/cyotek-slicr
available,https://www.cyotek.com/
available,https://www.cyotek.com
available,https://demo.cyotek.com/about.php
available,https://www.cyotek.com/blog/products
available,https://www.cyotek.com/cyotek-spriter
available,https://www.cyotek.com/downloads
available,https://www.cyotek.com/source-code
available,https://www.cyotek.com/blog/products/crowdstrike-falcon-false-positives
available,https://www.cyotek.com/cyotek-sitemap-creator
available,https://demo.cyotek.com/changelog.php
available,https://www.cyotek.com/blog/products/introducing-webview2-support-part-1
available,https://www.cyotek.com/cyotek-palette-editor
available,https://www.cyotek.com/jewel-rush
available,https://www.cyotek.com/blog/tools-we-use-2024-edition
available,https://support.cyotek.com
available,https://www.cyotek.com/terms-of-use
available,https://www.cyotek.com/cyotek-nbt-editor
available,https://www.cyotek.com/cyotek-gif-animator
available,https://www.cyotek.com/blog/tools-we-use-2023-edition
available,https://www.cyotek.com/blog/rss
available,https://www.cyotek.com/cyotek-webcopy
available,https://www.cyotek.com/rss
imagebox,https://www.cyotek.com/open-source
imagebox,https://www.cyotek.com/blog/resolving-svn-error-could-not-open-the-requested-svn-filesystem
imagebox,https://www.cyotek.com/source-code
imagebox,https://www.cyotek.com/
imagebox,https://www.cyotek.com
imagebox,https://www.cyotek.com/blog
imagebox,https://www.cyotek.com/blog/tools-we-use-2023-edition
imagebox,https://www.cyotek.com/blog/rss
imagebox,https://www.cyotek.com/blog/tools-we-use-2024-edition
imagebox,https://www.cyotek.com/rss
"control,",https://www.cyotek.com/source-code
"control,",https://www.cyotek.com/
"control,",https://www.cyotek.com
"control,",https://www.cyotek.com/blog/rss
"control,",https://www.cyotek.com/rss
windows,https://www.cyotek.com/cyotek-copytools
windows,https://www.cyotek.com/cyotek-slicr
windows,https://www.cyotek.com/
windows,https://www.cyotek.com
windows,https://www.cyotek.com/products
windows,https://www.cyotek.com/blog/products
windows,https://www.cyotek.com/cyotek-spriter
windows,https://www.cyotek.com/open-source
windows,https://www.cyotek.com/blog/resolving-svn-error-could-not-open-the-requested-svn-filesystem
windows,https://www.cyotek.com/downloads
windows,https://www.cyotek.com/privacy-policy
windows,https://www.cyotek.com/source-code
windows,https://www.cyotek.com/blog/products/introducing-64bit-builds
windows,https://www.cyotek.com/copyright-and-trademarks
windows,https://www.cyotek.com/blog/products/crowdstrike-falcon-false-positives
windows,https://www.cyotek.com/cyotek-sitemap-creator
windows,https://www.cyotek.com/sitemap
windows,https://www.cyotek.com/contact
windows,https://www.cyotek.com/blog/products/introducing-webview2-support-part-1
windows,https://www.cyotek.com/cyotek-palette-editor
windows,https://www.cyotek.com/jewel-rush
windows,https://www.cyotek.com/blog/tools-we-use-2024-edition
windows,https://www.cyotek.com/search
windows,https://www.cyotek.com/terms-of-use
windows,https://www.cyotek.com/cyotek-nbt-editor
windows,https://www.cyotek.com/blog
windows,https://www.cyotek.com/cyotek-gif-animator
windows,https://www.cyotek.com/donate
windows,https://www.cyotek.com/blog/tools-we-use-2023-edition
windows,https://www.cyotek.com/blog/rss
windows,https://www.cyotek.com/about
windows,https://www.cyotek.com/cyotek-webcopy
windows,https://www.cyotek.com/rss
forms,https://www.cyotek.com/terms-of-use
forms,https://www.cyotek.com/open-source
forms,https://www.cyotek.com/privacy-policy
forms,https://www.cyotek.com/source-code
forms,https://www.cyotek.com/
forms,https://www.cyotek.com
forms,https://demo.cyotek.com/changelog.php
forms,https://www.cyotek.com/blog/rss
forms,https://www.cyotek.com/rss
image,https://www.cyotek.com/cyotek-slicr
image,https://www.cyotek.com/
image,https://www.cyotek.com
image,https://www.cyotek.com/products
image,https://demo.cyotek.com/html/index.php
image,https://www.cyotek.com/cyotek-spriter
image,https://www.cyotek.com/open-source
image,https://www.cyotek.com/blog/resolving-svn-error-could-not-open-the-requested-svn-filesystem
image,https://www.cyotek.com/downloads
image,https://www.cyotek.com/source-code
image,https://demo.cyotek.com/features/index.php
image,https://demo.cyotek.com/html/elements/object.php
image,https://demo.cyotek.com/html/attributes/custom.php
image,https://demo.cyotek.com/changelog.php
image,https://demo.cyotek.com/html/elements/picture.php
image,https://demo.cyotek.com/html/elements/style.php
image,https://www.cyotek.com/blog/tools-we-use-2024-edition
image,https://www.cyotek.com/blog
image,https://www.cyotek.com/blog/tools-we-use-2023-edition
image,https://www.cyotek.com/blog/rss
image,https://www.cyotek.com/rss
viewer,https://www.cyotek.com/terms-of-use
viewer,https://www.cyotek.com/source-code
viewer,https://www.cyotek.com/
viewer,https://www.cyotek.com
viewer,https://www.cyotek.com/blog/rss
viewer,https://www.cyotek.com/rss
replete,https://www.cyotek.com/
replete,https://www.cyotek.com
useful,https://www.cyotek.com/privacy-policy
useful,https://www.cyotek.com/
useful,https://www.cyotek.com
useful,https://www.cyotek.com/blog/rss
useful,https://www.cyotek.com/blog/tools-we-use-2023-edition
useful,https://www.cyotek.com/blog/tools-we-use-2024-edition
useful,https://www.cyotek.com/rss
functionality.,https://www.cyotek.com/
functionality.,https://www.cyotek.com
functionality.,https://www.cyotek.com/blog/tools-we-use-2023-edition
functionality.,https://www.cyotek.com/blog/rss
functionality.,https://www.cyotek.com/blog/products/introducing-webview2-support-part-1
functionality.,https://www.cyotek.com/blog/tools-we-use-2024-edition
functionality.,https://www.cyotek.com/rss
latest,https://docs.cyotek.com/
latest,https://www.cyotek.com/downloads
latest,https://www.cyotek.com/
latest,https://www.cyotek.com
latest,https://www.cyotek.com/blog/rss
latest,https://www.cyotek.com/rss
posts,https://www.cyotek.com/cyotek-copytools
posts,https://www.cyotek.com/cyotek-slicr
posts,https://www.cyotek.com/
posts,https://www.cyotek.com
posts,https://www.cyotek.com/products
posts,https://www.cyotek.com/blog/products
posts,https://www.cyotek.com/cyotek-spriter
posts,https://www.cyotek.com/open-source
posts,https://www.cyotek.com/blog/resolving-svn-error-could-not-open-the-requested-svn-filesystem
posts,https://www.cyotek.com/downloads
posts,https://www.cyotek.com/privacy-policy
posts,https://www.cyotek.com/source-code
posts,https://www.cyotek.com/blog/products/introducing-64bit-builds
posts,https://www.cyotek.com/copyright-and-trademarks
posts,https://www.cyotek.com/blog/products/crowdstrike-falcon-false-positives
posts,https://www.cyotek.com/cyotek-sitemap-creator
posts,https://www.cyotek.com/sitemap
posts,https://www.cyotek.com/contact
posts,https://www.cyotek.com/blog/products/introducing-webview2-support-part-1
posts,https://www.cyotek.com/cyotek-palette-editor
posts,https://www.cyotek.com/jewel-rush
posts,https://www.cyotek.com/blog/tools-we-use-2024-edition
posts,https://www.cyotek.com/search
posts,https://www.cyotek.com/terms-of-use
posts,https://www.cyotek.com/cyotek-nbt-editor
posts,https://www.cyotek.com/blog
posts,https://www.cyotek.com/cyotek-gif-animator
posts,https://www.cyotek.com/donate
posts,https://www.cyotek.com/blog/tools-we-use-2023-edition
posts,https://www.cyotek.com/blog/rss
posts,https://www.cyotek.com/about
posts,https://www.cyotek.com/cyotek-webcopy
posts,https://www.cyotek.com/rss
tools,https://www.cyotek.com/cyotek-copytools
tools,https://www.cyotek.com/cyotek-slicr
tools,https://www.cyotek.com/
tools,https://www.cyotek.com
tools,https://www.cyotek.com/products
tools,https://www.cyotek.com/blog/products
tools,https://www.cyotek.com/cyotek-spriter
tools,https://www.cyotek.com/open-source
tools,https://www.cyotek.com/blog/resolving-svn-error-could-not-open-the-requested-svn-filesystem
tools,https://www.cyotek.com/downloads
tools,https://www.cyotek.com/privacy-policy
tools,https://www.cyotek.com/source-code
tools,https://www.cyotek.com/blog/products/introducing-64bit-builds
tools,https://www.cyotek.com/copyright-and-trademarks
tools,https://www.cyotek.com/blog/products/crowdstrike-falcon-false-positives
tools,https://www.cyotek.com/cyotek-sitemap-creator
tools,https://www.cyotek.com/sitemap
tools,https://www.cyotek.com/contact
tools,https://www.cyotek.com/blog/products/introducing-webview2-support-part-1
tools,https://www.cyotek.com/cyotek-palette-editor
tools,https://www.cyotek.com/jewel-rush
tools,https://www.cyotek.com/blog/tools-we-use-2024-edition
tools,https://www.cyotek.com/search
tools,https://www.cyotek.com/terms-of-use
tools,https://www.cyotek.com/cyotek-nbt-editor
tools,https://www.cyotek.com/blog
tools,https://www.cyotek.com/cyotek-gif-animator
tools,https://www.cyotek.com/donate
tools,https://www.cyotek.com/blog/tools-we-use-2023-edition
tools,https://www.cyotek.com/blog/rss
tools,https://www.cyotek.com/about
tools,https://www.cyotek.com/cyotek-webcopy
tools,https://www.cyotek.com/rss
use,https://www.cyotek.com/cyotek-copytools
use,https://www.cyotek.com/cyotek-slicr
use,https://www.cyotek.com/
use,https://www.cyotek.com
use,https://www.cyotek.com/products
use,https://www.cyotek.com/blog/products
use,https://www.cyotek.com/cyotek-spriter
use,https://www.cyotek.com/open-source
use,https://www.cyotek.com/blog/resolving-svn-error-could-not-open-the-requested-svn-filesystem
use,https://www.cyotek.com/downloads
use,https://www.cyotek.com/privacy-policy
use,https://www.cyotek.com/source-code
use,https://www.cyotek.com/blog/products/introducing-64bit-builds
use,https://www.cyotek.com/copyright-and-trademarks
use,https://www.cyotek.com/blog/products/crowdstrike-falcon-false-positives
use,https://www.cyotek.com/cyotek-sitemap-creator
use,https://www.cyotek.com/sitemap
use,https://www.cyotek.com/contact
use,https://demo.cyotek.com/html/attributes/custom.php
use,https://demo.cyotek.com/changelog.php
use,https://www.cyotek.com/blog/products/introducing-webview2-support-part-1
use,https://www.cyotek.com/cyotek-palette-editor
use,https://www.cyotek.com/jewel-rush
use,https://www.cyotek.com/blog/tools-we-use-2024-edition
use,https://www.cyotek.com/search
use,https://support.cyotek.com
use,https://www.cyotek.com/terms-of-use
use,https://www.cyotek.com/cyotek-nbt-editor
use,https://www.cyotek.com/blog
use,https://www.cyotek.com/cyotek-gif-animator
use,https://www.cyotek.com/donate
use,https://www.cyotek.com/blog/tools-we-use-2023-edition
use,https://www.cyotek.com/blog/rss
use,https://www.cyotek.com/about
use,https://www.cyotek.com/cyotek-webcopy
use,https://www.cyotek.com/rss
-,https://www.cyotek.com/cyotek-copytools
-,https://www.cyotek.com/cyotek-slicr
-,https://www.cyotek.com/
-,https://www.cyotek.com
-,https://www.cyotek.com/products
-,https://www.cyotek.com/blog/products
-,https://www.cyotek.com/cyotek-spriter
-,https://www.cyotek.com/open-source
-,https://www.cyotek.com/blog/resolving-svn-error-could-not-open-the-requested-svn-filesystem
-,https://www.cyotek.com/downloads
-,https://www.cyotek.com/privacy-policy
-,https://www.cyotek.com/source-code
-,https://www.cyotek.com/blog/products/introducing-64bit-builds
-,https://www.cyotek.com/copyright-and-trademarks
-,https://www.cyotek.com/blog/products/crowdstrike-falcon-false-positives
-,https://www.cyotek.com/cyotek-sitemap-creator
-,https://www.cyotek.com/sitemap
-,https://www.cyotek.com/contact
-,https://www.cyotek.com/blog/products/introducing-webview2-support-part-1
-,https://www.cyotek.com/cyotek-palette-editor
-,https://www.cyotek.com/jewel-rush
-,https://www.cyotek.com/blog/tools-we-use-2024-edition
-,https://www.cyotek.com/search
-,https://www.cyotek.com/terms-of-use
-,https://www.cyotek.com/cyotek-nbt-editor
-,https://www.cyotek.com/blog
-,https://www.cyotek.com/cyotek-gif-animator
-,https://www.cyotek.com/donate
-,https://www.cyotek.com/blog/tools-we-use-2023-edition
-,https://www.cyotek.com/blog/rss
-,https://www.cyotek.com/about
-,https://www.cyotek.com/cyotek-webcopy
-,https://www.cyotek.com/rss
2024,https://www.cyotek.com/cyotek-copytools
2024,https://www.cyotek.com/cyotek-slicr
2024,https://www.cyotek.com/
2024,https://www.cyotek.com
2024,https://www.cyotek.com/products
2024,https://www.cyotek.com/blog/products
2024,https://www.cyotek.com/cyotek-spriter
2024,https://www.cyotek.com/open-source
2024,https://www.cyotek.com/blog/resolving-svn-error-could-not-open-the-requested-svn-filesystem
2024,https://www.cyotek.com/downloads
2024,https://www.cyotek.com/privacy-policy
2024,https://www.cyotek.com/source-code
2024,https://www.cyotek.com/blog/products/introducing-64bit-builds
2024,https://www.cyotek.com/copyright-and-trademarks
2024,https://www.cyotek.com/blog/products/crowdstrike-falcon-false-positives
2024,https://www.cyotek.com/cyotek-sitemap-creator
2024,https://www.cyotek.com/sitemap
2024,https://www.cyotek.com/contact
2024,https://www.cyotek.com/blog/products/introducing-webview2-support-part-1
2024,https://www.cyotek.com/cyotek-palette-editor
2024,https://www.cyotek.com/jewel-rush
2024,https://www.cyotek.com/blog/tools-we-use-2024-edition
2024,https://www.cyotek.com/search
2024,https://www.cyotek.com/terms-of-use
2024,https://www.cyotek.com/cyotek-nbt-editor
2024,https://www.cyotek.com/blog
2024,https://www.cyotek.com/cyotek-gif-animator
2024,https://www.cyotek.com/donate
2024,https://www.cyotek.com/blog/tools-we-use-2023-edition
2024,https://www.cyotek.com/blog/rss
2024,https://www.cyotek.com/about
2024,https://www.cyotek.com/cyotek-webcopy
2024,https://www.cyotek.com/rss
edition,https://www.cyotek.com/cyotek-copytools
edition,https://www.cyotek.com/cyotek-slicr
edition,https://www.cyotek.com/
edition,https://www.cyotek.com
edition,https://www.cyotek.com/products
edition,https://www.cyotek.com/blog/products
edition,https://www.cyotek.com/cyotek-spriter
edition,https://www.cyotek.com/open-source
edition,https://www.cyotek.com/blog/resolving-svn-error-could-not-open-the-requested-svn-filesystem
edition,https://www.cyotek.com/downloads
edition,https://www.cyotek.com/privacy-policy
edition,https://www.cyotek.com/source-code
edition,https://www.cyotek.com/blog/products/introducing-64bit-builds
edition,https://www.cyotek.com/copyright-and-trademarks
edition,https://www.cyotek.com/blog/products/crowdstrike-falcon-false-positives
edition,https://www.cyotek.com/cyotek-sitemap-creator
edition,https://www.cyotek.com/sitemap
edition,https://www.cyotek.com/contact
edition,https://www.cyotek.com/blog/products/introducing-webview2-support-part-1
edition,https://www.cyotek.com/cyotek-palette-editor
edition,https://www.cyotek.com/jewel-rush
edition,https://www.cyotek.com/blog/tools-we-use-2024-edition
edition,https://www.cyotek.com/search
edition,https://www.cyotek.com/terms-of-use
edition,https://www.cyotek.com/cyotek-nbt-editor
edition,https://www.cyotek.com/blog
edition,https://www.cyotek.com/cyotek-gif-animator
edition,https://www.cyotek.com/donate
edition,https://www.cyotek.com/blog/tools-we-use-2023-edition
edition,https://www.cyotek.com/blog/rss
edition,https://www.cyotek.com/about
edition,https://www.cyotek.com/cyotek-webcopy
edition,https://www.cyotek.com/rss
02,https://www.cyotek.com/cyotek-copytools
02,https://www.cyotek.com/cyotek-slicr
02,https://www.cyotek.com/
02,https://www.cyotek.com
02,https://www.cyotek.com/products
02,https://www.cyotek.com/blog/products
02,https://www.cyotek.com/cyotek-spriter
02,https://www.cyotek.com/open-source
02,https://www.cyotek.com/blog/resolving-svn-error-could-not-open-the-requested-svn-filesystem
02,https://www.cyotek.com/downloads
02,https://www.cyotek.com/privacy-policy
02,https://www.cyotek.com/source-code
02,https://www.cyotek.com/blog/products/introducing-64bit-builds
02,https://www.cyotek.com/copyright-and-trademarks
02,https://www.cyotek.com/blog/products/crowdstrike-falcon-false-positives
02,https://www.cyotek.com/cyotek-sitemap-creator
02,https://www.cyotek.com/sitemap
02,https://www.cyotek.com/contact
02,https://www.cyotek.com/blog/products/introducing-webview2-support-part-1
02,https://www.cyotek.com/cyotek-palette-editor
02,https://www.cyotek.com/jewel-rush
02,https://www.cyotek.com/blog/tools-we-use-2024-edition
02,https://www.cyotek.com/search
02,https://www.cyotek.com/terms-of-use
02,https://www.cyotek.com/cyotek-nbt-editor
02,https://www.cyotek.com/blog
02,https://www.cyotek.com/cyotek-gif-animator
02,https://www.cyotek.com/donate
02,https://www.cyotek.com/blog/tools-we-use-2023-edition
02,https://www.cyotek.com/blog/rss
02,https://www.cyotek.com/about
02,https://www.cyotek.com/cyotek-webcopy
02,https://www.cyotek.com/rss
january,https://www.cyotek.com/cyotek-copytools
january,https://www.cyotek.com/cyotek-slicr
january,https://www.cyotek.com/
january,https://www.cyotek.com
january,https://www.cyotek.com/products
january,https://www.cyotek.com/blog/products
january,https://www.cyotek.com/cyotek-spriter
january,https://www.cyotek.com/open-source
january,https://www.cyotek.com/blog/resolving-svn-error-could-not-open-the-requested-svn-filesystem
january,https://www.cyotek.com/downloads
january,https://www.cyotek.com/privacy-policy
january,https://www.cyotek.com/source-code
january,https://www.cyotek.com/blog/products/introducing-64bit-builds
january,https://www.cyotek.com/copyright-and-trademarks
january,https://www.cyotek.com/blog/products/crowdstrike-falcon-false-positives
january,https://www.cyotek.com/cyotek-sitemap-creator
january,https://www.cyotek.com/sitemap
january,https://www.cyotek.com/contact
january,https://www.cyotek.com/blog/products/introducing-webview2-support-part-1
january,https://www.cyotek.com/cyotek-palette-editor
january,https://www.cyotek.com/jewel-rush
january,https://www.cyotek.com/blog/tools-we-use-2024-edition
january,https://www.cyotek.com/search
january,https://www.cyotek.com/terms-of-use
january,https://www.cyotek.com/cyotek-nbt-editor
january,https://www.cyotek.com/blog
january,https://www.cyotek.com/cyotek-gif-animator
january,https://www.cyotek.com/donate
january,https://www.cyotek.com/blog/tools-we-use-2023-edition
january,https://www.cyotek.com/blog/rss
january,https://www.cyotek.com/about
january,https://www.cyotek.com/cyotek-webcopy
january,https://www.cyotek.com/rss
2025,https://www.cyotek.com/cyotek-copytools
2025,https://www.cyotek.com/cyotek-slicr
2025,https://www.cyotek.com/
2025,https://www.cyotek.com
2025,https://www.cyotek.com/products
2025,https://www.cyotek.com/blog/products
2025,https://www.cyotek.com/cyotek-spriter
2025,https://www.cyotek.com/open-source
2025,https://www.cyotek.com/blog/resolving-svn-error-could-not-open-the-requested-svn-filesystem
2025,https://www.cyotek.com/downloads
2025,https://www.cyotek.com/privacy-policy
2025,https://www.cyotek.com/source-code
2025,https://www.cyotek.com/blog/products/introducing-64bit-builds
2025,https://www.cyotek.com/copyright-and-trademarks
2025,https://www.cyotek.com/blog/products/crowdstrike-falcon-false-positives
2025,https://www.cyotek.com/cyotek-sitemap-creator
2025,https://www.cyotek.com/sitemap
2025,https://www.cyotek.com/contact
2025,https://www.cyotek.com/blog/products/introducing-webview2-support-part-1
2025,https://www.cyotek.com/cyotek-palette-editor
2025,https://www.cyotek.com/jewel-rush
2025,https://www.cyotek.com/blog/tools-we-use-2024-edition
2025,https://www.cyotek.com/search
2025,https://www.cyotek.com/terms-of-use
2025,https://www.cyotek.com/cyotek-nbt-editor
2025,https://www.cyotek.com/blog
2025,https://www.cyotek.com/cyotek-gif-animator
2025,https://www.cyotek.com/donate
2025,https://www.cyotek.com/blog/tools-we-use-2023-edition
2025,https://www.cyotek.com/blog/rss
2025,https://www.cyotek.com/about
2025,https://www.cyotek.com/cyotek-webcopy
2025,https://www.cyotek.com/rss
2023,https://www.cyotek.com/cyotek-copytools
2023,https://www.cyotek.com/cyotek-slicr
2023,https://www.cyotek.com/
2023,https://www.cyotek.com
2023,https://www.cyotek.com/products
2023,https://www.cyotek.com/blog/products
2023,https://www.cyotek.com/cyotek-spriter
2023,https://www.cyotek.com/open-source
2023,https://www.cyotek.com/blog/resolving-svn-error-could-not-open-the-requested-svn-filesystem
2023,https://www.cyotek.com/downloads
2023,https://www.cyotek.com/privacy-policy
2023,https://www.cyotek.com/source-code
2023,https://www.cyotek.com/blog/products/introducing-64bit-builds
2023,https://www.cyotek.com/copyright-and-trademarks
2023,https://www.cyotek.com/blog/products/crowdstrike-falcon-false-positives
2023,https://www.cyotek.com/cyotek-sitemap-creator
2023,https://www.cyotek.com/sitemap
2023,https://www.cyotek.com/contact
2023,https://www.cyotek.com/blog/products/introducing-webview2-support-part-1
2023,https://www.cyotek.com/cyotek-palette-editor
2023,https://www.cyotek.com/jewel-rush
2023,https://www.cyotek.com/blog/tools-we-use-2024-edition
2023,https://www.cyotek.com/search
2023,https://www.cyotek.com/terms-of-use
2023,https://www.cyotek.com/cyotek-nbt-editor
2023,https://www.cyotek.com/blog
2023,https://www.cyotek.com/cyotek-gif-animator
2023,https://www.cyotek.com/donate
2023,https://www.cyotek.com/blog/tools-we-use-2023-edition
2023,https://www.cyotek.com/blog/rss
2023,https://www.cyotek.com/about
2023,https://www.cyotek.com/cyotek-webcopy
2023,https://www.cyotek.com/rss
february,https://www.cyotek.com/cyotek-copytools
february,https://www.cyotek.com/cyotek-slicr
february,https://www.cyotek.com/
february,https://www.cyotek.com
february,https://www.cyotek.com/products
february,https://www.cyotek.com/blog/products
february,https://www.cyotek.com/cyotek-spriter
february,https://www.cyotek.com/open-source
february,https://www.cyotek.com/blog/resolving-svn-error-could-not-open-the-requested-svn-filesystem
february,https://www.cyotek.com/downloads
february,https://www.cyotek.com/privacy-policy
february,https://www.cyotek.com/source-code
february,https://www.cyotek.com/blog/products/introducing-64bit-builds
february,https://www.cyotek.com/copyright-and-trademarks
february,https://www.cyotek.com/blog/products/crowdstrike-falcon-false-positives
february,https://www.cyotek.com/cyotek-sitemap-creator
february,https://www.cyotek.com/sitemap
february,https://www.cyotek.com/contact
february,https://www.cyotek.com/blog/products/introducing-webview2-support-part-1
february,https://www.cyotek.com/cyotek-palette-editor
february,https://www.cyotek.com/jewel-rush
february,https://www.cyotek.com/blog/tools-we-use-2024-edition
february,https://www.cyotek.com/search
february,https://www.cyotek.com/terms-of-use
february,https://www.cyotek.com/cyotek-nbt-editor
february,https://www.cyotek.com/blog
february,https://www.cyotek.com/cyotek-gif-animator
february,https://www.cyotek.com/donate
february,https://www.cyotek.com/blog/tools-we-use-2023-edition
february,https://www.cyotek.com/about
february,https://www.cyotek.com/cyotek-webcopy
february,https://www.cyotek.com/rss
resolving,https://www.cyotek.com/cyotek-copytools
resolving,https://www.cyotek.com/cyotek-slicr
resolving,https://www.cyotek.com/
resolving,https://www.cyotek.com
resolving,https://www.cyotek.com/products
resolving,https://www.cyotek.com/blog/products
resolving,https://www.cyotek.com/cyotek-spriter
resolving,https://www.cyotek.com/open-source
resolving,https://www.cyotek.com/blog/resolving-svn-error-could-not-open-the-requested-svn-filesystem
resolving,https://www.cyotek.com/downloads
resolving,https://www.cyotek.com/privacy-policy
resolving,https://www.cyotek.com/source-code
resolving,https://www.cyotek.com/blog/products/introducing-64bit-builds
resolving,https://www.cyotek.com/copyright-and-trademarks
resolving,https://www.cyotek.com/blog/products/crowdstrike-falcon-false-positives
resolving,https://www.cyotek.com/cyotek-sitemap-creator
resolving,https://www.cyotek.com/sitemap
resolving,https://www.cyotek.com/contact
resolving,https://www.cyotek.com/blog/products/introducing-webview2-support-part-1
resolving,https://www.cyotek.com/cyotek-palette-editor
resolving,https://www.cyotek.com/jewel-rush
resolving,https://www.cyotek.com/blog/tools-we-use-2024-edition
resolving,https://www.cyotek.com/search
resolving,https://support.cyotek.com
resolving,https://www.cyotek.com/terms-of-use
resolving,https://www.cyotek.com/cyotek-nbt-editor
resolving,https://www.cyotek.com/blog
resolving,https://www.cyotek.com/cyotek-gif-animator
resolving,https://www.cyotek.com/donate
resolving,https://www.cyotek.com/blog/tools-we-use-2023-edition
resolving,https://www.cyotek.com/blog/rss
resolving,https://www.cyotek.com/about
resolving,https://www.cyotek.com/cyotek-webcopy
resolving,https://www.cyotek.com/rss
svn,https://www.cyotek.com/cyotek-copytools
svn,https://www.cyotek.com/cyotek-slicr
svn,https://www.cyotek.com/
svn,https://www.cyotek.com
svn,https://www.cyotek.com/products
svn,https://www.cyotek.com/blog/products
svn,https://www.cyotek.com/cyotek-spriter
svn,https://www.cyotek.com/open-source
svn,https://www.cyotek.com/blog/resolving-svn-error-could-not-open-the-requested-svn-filesystem
svn,https://www.cyotek.com/downloads
svn,https://www.cyotek.com/privacy-policy
svn,https://www.cyotek.com/source-code
svn,https://www.cyotek.com/blog/products/introducing-64bit-builds
svn,https://www.cyotek.com/copyright-and-trademarks
svn,https://www.cyotek.com/blog/products/crowdstrike-falcon-false-positives
svn,https://www.cyotek.com/cyotek-sitemap-creator
svn,https://www.cyotek.com/sitemap
svn,https://www.cyotek.com/contact
svn,https://www.cyotek.com/blog/products/introducing-webview2-support-part-1
svn,https://www.cyotek.com/cyotek-palette-editor
svn,https://www.cyotek.com/jewel-rush
svn,https://www.cyotek.com/blog/tools-we-use-2024-edition
svn,https://www.cyotek.com/search
svn,https://www.cyotek.com/terms-of-use
svn,https://www.cyotek.com/cyotek-nbt-editor
svn,https://www.cyotek.com/blog
svn,https://www.cyotek.com/cyotek-gif-animator
svn,https://www.cyotek.com/donate
svn,https://www.cyotek.com/blog/tools-we-use-2023-edition
svn,https://www.cyotek.com/blog/rss
svn,https://www.cyotek.com/about
svn,https://www.cyotek.com/cyotek-webcopy
svn,https://www.cyotek.com/rss
error,https://www.cyotek.com/cyotek-copytools
error,https://www.cyotek.com/cyotek-slicr
error,https://www.cyotek.com/
error,https://www.cyotek.com
error,https://www.cyotek.com/products
error,https://www.cyotek.com/blog/products
error,https://www.cyotek.com/cyotek-spriter
error,https://www.cyotek.com/open-source
error,https://www.cyotek.com/blog/resolving-svn-error-could-not-open-the-requested-svn-filesystem
error,https://www.cyotek.com/downloads
error,https://www.cyotek.com/privacy-policy
error,https://demo.cyotek.com/statuscodes/index.php
error,https://www.cyotek.com/source-code
error,https://www.cyotek.com/blog/products/introducing-64bit-builds
error,https://www.cyotek.com/copyright-and-trademarks
error,https://www.cyotek.com/blog/products/crowdstrike-falcon-false-positives
error,https://www.cyotek.com/cyotek-sitemap-creator
error,https://www.cyotek.com/sitemap
error,https://www.cyotek.com/contact
error,https://www.cyotek.com/blog/products/introducing-webview2-support-part-1
error,https://www.cyotek.com/cyotek-palette-editor
error,https://www.cyotek.com/jewel-rush
error,https://www.cyotek.com/blog/tools-we-use-2024-edition
error,https://www.cyotek.com/search
error,https://www.cyotek.com/terms-of-use
error,https://www.cyotek.com/cyotek-nbt-editor
error,https://www.cyotek.com/blog
error,https://www.cyotek.com/cyotek-gif-animator
error,https://www.cyotek.com/donate
error,https://www.cyotek.com/blog/tools-we-use-2023-edition
error,https://www.cyotek.com/blog/rss
error,https://www.cyotek.com/about
error,https://www.cyotek.com/cyotek-webcopy
error,https://www.cyotek.com/rss
"""could",https://www.cyotek.com/cyotek-copytools
"""could",https://www.cyotek.com/cyotek-slicr
"""could",https://www.cyotek.com/
"""could",https://www.cyotek.com
"""could",https://www.cyotek.com/products
"""could",https://www.cyotek.com/blog/products
"""could",https://www.cyotek.com/cyotek-spriter
"""could",https://www.cyotek.com/open-source
"""could",https://www.cyotek.com/blog/resolving-svn-error-could-not-open-the-requested-svn-filesystem
"""could",https://www.cyotek.com/downloads
"""could",https://www.cyotek.com/privacy-policy
"""could",https://www.cyotek.com/source-code
"""could",https://www.cyotek.com/blog/products/introducing-64bit-builds
"""could",https://www.cyotek.com/copyright-and-trademarks
"""could",https://www.cyotek.com/blog/products/crowdstrike-falcon-false-positives
"""could",https://www.cyotek.com/cyotek-sitemap-creator
"""could",https://www.cyotek.com/sitemap
"""could",https://www.cyotek.com/contact
"""could",https://www.cyotek.com/blog/products/introducing-webview2-support-part-1
"""could",https://www.cyotek.com/cyotek-palette-editor
"""could",https://www.cyotek.com/jewel-rush
"""could",https://www.cyotek.com/blog/tools-we-use-2024-edition
"""could",https://www.cyotek.com/search
"""could",https://www.cyotek.com/terms-of-use
"""could",https://www.cyotek.com/cyotek-nbt-editor
"""could",https://www.cyotek.com/blog
"""could",https://www.cyotek.com/cyotek-gif-animator
"""could",https://www.cyotek.com/donate
"""could",https://www.cyotek.com/blog/tools-we-use-2023-edition
"""could",https://www.cyotek.com/blog/rss
"""could",https://www.cyotek.com/about
"""could",https://www.cyotek.com/cyotek-webcopy
"""could",https://www.cyotek.com/rss
not,https://www.cyotek.com/cyotek-copytools
not,https://www.cyotek.com/cyotek-slicr
not,https://www.cyotek.com/
not,https://www.cyotek.com
not,https://www.cyotek.com/products
not,https://www.cyotek.com/blog/products
not,https://www.cyotek.com/cyotek-spriter
not,https://www.cyotek.com/open-source
not,https://www.cyotek.com/blog/resolving-svn-error-could-not-open-the-requested-svn-filesystem
not,https://www.cyotek.com/downloads
not,https://www.cyotek.com/privacy-policy
not,https://demo.cyotek.com/statuscodes/index.php
not,https://www.cyotek.com/source-code
not,https://www.cyotek.com/blog/products/introducing-64bit-builds
not,https://www.cyotek.com/copyright-and-trademarks
not,https://www.cyotek.com/blog/products/crowdstrike-falcon-false-positives
not,https://www.cyotek.com/cyotek-sitemap-creator
not,https://www.cyotek.com/sitemap
not,https://www.cyotek.com/contact
not,https://demo.cyotek.com/changelog.php
not,https://www.cyotek.com/blog/products/introducing-webview2-support-part-1
not,https://www.cyotek.com/cyotek-palette-editor
not,https://www.cyotek.com/jewel-rush
not,https://demo.cyotek.com/html/elements/picture.php
not,https://www.cyotek.com/blog/tools-we-use-2024-edition
not,https://www.cyotek.com/search
not,https://support.cyotek.com
not,https://demo.cyotek.com/javascript/index.php
not,https://www.cyotek.com/terms-of-use
not,https://www.cyotek.com/cyotek-nbt-editor
not,https://www.cyotek.com/blog
not,https://www.cyotek.com/cyotek-gif-animator
not,https://www.cyotek.com/donate
not,https://www.cyotek.com/blog/tools-we-use-2023-edition
not,https://www.cyotek.com/blog/rss
not,https://www.cyotek.com/about
not,https://www.cyotek.com/cyotek-webcopy
not,https://www.cyotek.com/rss
requested,https://www.cyotek.com/cyotek-copytools
requested,https://www.cyotek.com/cyotek-slicr
requested,https://www.cyotek.com/
requested,https://www.cyotek.com
requested,https://www.cyotek.com/products
requested,https://www.cyotek.com/blog/products
requested,https://www.cyotek.com/cyotek-spriter
requested,https://www.cyotek.com/open-source
requested,https://www.cyotek.com/blog/resolving-svn-error-could-not-open-the-requested-svn-filesystem
requested,https://www.cyotek.com/downloads
requested,https://www.cyotek.com/privacy-policy
requested,https://www.cyotek.com/source-code
requested,https://www.cyotek.com/blog/products/introducing-64bit-builds
requested,https://www.cyotek.com/copyright-and-trademarks
requested,https://www.cyotek.com/blog/products/crowdstrike-falcon-false-positives
requested,https://www.cyotek.com/cyotek-sitemap-creator
requested,https://www.cyotek.com/sitemap
requested,https://www.cyotek.com/contact
requested,https://www.cyotek.com/blog/products/introducing-webview2-support-part-1
requested,https://www.cyotek.com/cyotek-palette-editor
requested,https://www.cyotek.com/jewel-rush
requested,https://www.cyotek.com/blog/tools-we-use-2024-edition
requested,https://www.cyotek.com/search
requested,https://www.cyotek.com/terms-of-use
requested,https://www.cyotek.com/cyotek-nbt-editor
requested,https://www.cyotek.com/blog
requested,https://www.cyotek.com/cyotek-gif-animator
requested,https://www.cyotek.com/donate
requested,https://www.cyotek.com/blog/tools-we-use-2023-edition
requested,https://www.cyotek.com/blog/rss
requested,https://www.cyotek.com/about
requested,https://www.cyotek.com/cyotek-webcopy
requested,https://www.cyotek.com/rss
"filesystem""",https://www.cyotek.com/cyotek-copytools
"filesystem""",https://www.cyotek.com/cyotek-slicr
"filesystem""",https://www.cyotek.com/
"filesystem""",https://www.cyotek.com
"filesystem""",https://www.cyotek.com/products
"filesystem""",https://www.cyotek.com/blog/products
"filesystem""",https://www.cyotek.com/cyotek-spriter
"filesystem""",https://www.cyotek.com/open-source
"filesystem""",https://www.cyotek.com/blog/resolving-svn-error-could-not-open-the-requested-svn-filesystem
"filesystem""",https://www.cyotek.com/downloads
"filesystem""",https://www.cyotek.com/privacy-policy
"filesystem""",https://www.cyotek.com/source-code
"filesystem""",https://www.cyotek.com/blog/products/introducing-64bit-builds
"filesystem""",https://www.cyotek.com/copyright-and-trademarks
"filesystem""",https://www.cyotek.com/blog/products/crowdstrike-falcon-false-positives
"filesystem""",https://www.cyotek.com/cyotek-sitemap-creator
"filesystem""",https://www.cyotek.com/sitemap
"filesystem""",https://www.cyotek.com/contact
"filesystem""",https://www.cyotek.com/blog/products/introducing-webview2-support-part-1
"filesystem""",https://www.cyotek.com/cyotek-palette-editor
"filesystem""",https://www.cyotek.com/jewel-rush
"filesystem""",https://www.cyotek.com/blog/tools-we-use-2024-edition
"filesystem""",https://www.cyotek.com/search
"filesystem""",https://www.cyotek.com/terms-of-use
"filesystem""",https://www.cyotek.com/cyotek-nbt-editor
"filesystem""",https://www.cyotek.com/blog
"filesystem""",https://www.cyotek.com/cyotek-gif-animator
"filesystem""",https://www.cyotek.com/donate
"filesystem""",https://www.cyotek.com/blog/tools-we-use-2023-edition
"filesystem""",https://www.cyotek.com/blog/rss
"filesystem""",https://www.cyotek.com/about
"filesystem""",https://www.cyotek.com/cyotek-webcopy
"filesystem""",https://www.cyotek.com/rss
25,https://www.cyotek.com/cyotek-copytools
25,https://www.cyotek.com/cyotek-slicr
25,https://www.cyotek.com/
25,https://www.cyotek.com
25,https://www.cyotek.com/products
25,https://www.cyotek.com/blog/products
25,https://www.cyotek.com/cyotek-spriter
25,https://www.cyotek.com/open-source
25,https://www.cyotek.com/blog/resolving-svn-error-could-not-open-the-requested-svn-filesystem
25,https://www.cyotek.com/downloads
25,https://www.cyotek.com/privacy-policy
25,https://www.cyotek.com/source-code
25,https://www.cyotek.com/blog/products/introducing-64bit-builds
25,https://www.cyotek.com/copyright-and-trademarks
25,https://www.cyotek.com/blog/products/crowdstrike-falcon-false-positives
25,https://www.cyotek.com/cyotek-sitemap-creator
25,https://www.cyotek.com/sitemap
25,https://www.cyotek.com/contact
25,https://www.cyotek.com/blog/products/introducing-webview2-support-part-1
25,https://www.cyotek.com/cyotek-palette-editor
25,https://www.cyotek.com/jewel-rush
25,https://www.cyotek.com/blog/tools-we-use-2024-edition
25,https://www.cyotek.com/search
25,https://www.cyotek.com/terms-of-use
25,https://www.cyotek.com/cyotek-nbt-editor
25,https://www.cyotek.com/blog
25,https://www.cyotek.com/cyotek-gif-animator
25,https://www.cyotek.com/donate
25,https://www.cyotek.com/blog/tools-we-use-2023-edition
25,https://www.cyotek.com/blog/rss
25,https://www.cyotek.com/about
25,https://www.cyotek.com/cyotek-webcopy
25,https://www.cyotek.com/rss
april,https://www.cyotek.com/cyotek-copytools
april,https://www.cyotek.com/cyotek-slicr
april,https://www.cyotek.com/
april,https://www.cyotek.com
april,https://www.cyotek.com/products
april,https://www.cyotek.com/blog/products
april,https://www.cyotek.com/cyotek-spriter
april,https://www.cyotek.com/open-source
april,https://www.cyotek.com/blog/resolving-svn-error-could-not-open-the-requested-svn-filesystem
april,https://www.cyotek.com/downloads
april,https://www.cyotek.com/privacy-policy
april,https://www.cyotek.com/source-code
april,https://www.cyotek.com/blog/products/introducing-64bit-builds
april,https://www.cyotek.com/copyright-and-trademarks
april,https://www.cyotek.com/blog/products/crowdstrike-falcon-false-positives
april,https://www.cyotek.com/cyotek-sitemap-creator
april,https://www.cyotek.com/sitemap
april,https://www.cyotek.com/contact
april,https://www.cyotek.com/blog/products/introducing-webview2-support-part-1
april,https://www.cyotek.com/cyotek-palette-editor
april,https://www.cyotek.com/jewel-rush
april,https://www.cyotek.com/blog/tools-we-use-2024-edition
april,https://www.cyotek.com/search
april,https://www.cyotek.com/terms-of-use
april,https://www.cyotek.com/cyotek-nbt-editor
april,https://www.cyotek.com/blog
april,https://www.cyotek.com/cyotek-gif-animator
april,https://www.cyotek.com/donate
april,https://www.cyotek.com/blog/tools-we-use-2023-edition
april,https://www.cyotek.com/about
april,https://www.cyotek.com/cyotek-webcopy
introducing,https://www.cyotek.com/cyotek-copytools
introducing,https://www.cyotek.com/cyotek-slicr
introducing,https://www.cyotek.com/
introducing,https://www.cyotek.com
introducing,https://www.cyotek.com/products
introducing,https://www.cyotek.com/blog/products
introducing,https://www.cyotek.com/cyotek-spriter
introducing,https://www.cyotek.com/open-source
introducing,https://www.cyotek.com/blog/resolving-svn-error-could-not-open-the-requested-svn-filesystem
introducing,https://www.cyotek.com/downloads
introducing,https://www.cyotek.com/privacy-policy
introducing,https://www.cyotek.com/source-code
introducing,https://www.cyotek.com/blog/products/introducing-64bit-builds
introducing,https://www.cyotek.com/copyright-and-trademarks
introducing,https://www.cyotek.com/blog/products/crowdstrike-falcon-false-positives
introducing,https://www.cyotek.com/cyotek-sitemap-creator
introducing,https://www.cyotek.com/sitemap
introducing,https://www.cyotek.com/contact
introducing,https://www.cyotek.com/blog/products/introducing-webview2-support-part-1
introducing,https://www.cyotek.com/cyotek-palette-editor
introducing,https://www.cyotek.com/jewel-rush
introducing,https://www.cyotek.com/blog/tools-we-use-2024-edition
introducing,https://www.cyotek.com/search
introducing,https://www.cyotek.com/terms-of-use
introducing,https://www.cyotek.com/cyotek-nbt-editor
introducing,https://www.cyotek.com/blog
introducing,https://www.cyotek.com/cyotek-gif-animator
introducing,https://www.cyotek.com/donate
introducing,https://www.cyotek.com/blog/tools-we-use-2023-edition
introducing,https://www.cyotek.com/blog/rss
introducing,https://www.cyotek.com/about
introducing,https://www.cyotek.com/cyotek-webcopy
introducing,https://www.cyotek.com/rss
webview2,https://www.cyotek.com/cyotek-copytools
webview2,https://www.cyotek.com/cyotek-slicr
webview2,https://www.cyotek.com/
webview2,https://www.cyotek.com
webview2,https://www.cyotek.com/products
webview2,https://www.cyotek.com/blog/products
webview2,https://www.cyotek.com/cyotek-spriter
webview2,https://www.cyotek.com/open-source
webview2,https://www.cyotek.com/blog/resolving-svn-error-could-not-open-the-requested-svn-filesystem
webview2,https://www.cyotek.com/downloads
webview2,https://www.cyotek.com/privacy-policy
webview2,https://www.cyotek.com/source-code
webview2,https://www.cyotek.com/blog/products/introducing-64bit-builds
webview2,https://www.cyotek.com/copyright-and-trademarks
webview2,https://www.cyotek.com/blog/products/crowdstrike-falcon-false-positives
webview2,https://www.cyotek.com/cyotek-sitemap-creator
webview2,https://www.cyotek.com/sitemap
webview2,https://www.cyotek.com/contact
webview2,https://www.cyotek.com/blog/products/introducing-webview2-support-part-1
webview2,https://www.cyotek.com/cyotek-palette-editor
webview2,https://www.cyotek.com/jewel-rush
webview2,https://www.cyotek.com/blog/tools-we-use-2024-edition
webview2,https://www.cyotek.com/search
webview2,https://www.cyotek.com/terms-of-use
webview2,https://www.cyotek.com/cyotek-nbt-editor
webview2,https://www.cyotek.com/blog
webview2,https://www.cyotek.com/cyotek-gif-animator
webview2,https://www.cyotek.com/donate
webview2,https://www.cyotek.com/blog/tools-we-use-2023-edition
webview2,https://www.cyotek.com/about
webview2,https://www.cyotek.com/cyotek-webcopy
webview2,https://www.cyotek.com/rss
"support,",https://www.cyotek.com/cyotek-copytools
"support,",https://www.cyotek.com/cyotek-slicr
"support,",https://www.cyotek.com/
"support,",https://www.cyotek.com
"support,",https://www.cyotek.com/products
"support,",https://www.cyotek.com/blog/products
"support,",https://www.cyotek.com/cyotek-spriter
"support,",https://www.cyotek.com/open-source
"support,",https://www.cyotek.com/blog/resolving-svn-error-could-not-open-the-requested-svn-filesystem
"support,",https://www.cyotek.com/downloads
"support,",https://www.cyotek.com/privacy-policy
"support,",https://www.cyotek.com/source-code
"support,",https://www.cyotek.com/blog/products/introducing-64bit-builds
"support,",https://www.cyotek.com/copyright-and-trademarks
"support,",https://www.cyotek.com/blog/products/crowdstrike-falcon-false-positives
"support,",https://www.cyotek.com/cyotek-sitemap-creator
"support,",https://www.cyotek.com/sitemap
"support,",https://www.cyotek.com/contact
"support,",https://www.cyotek.com/blog/products/introducing-webview2-support-part-1
"support,",https://www.cyotek.com/cyotek-palette-editor
"support,",https://www.cyotek.com/jewel-rush
"support,",https://www.cyotek.com/blog/tools-we-use-2024-edition
"support,",https://www.cyotek.com/search
"support,",https://www.cyotek.com/terms-of-use
"support,",https://www.cyotek.com/cyotek-nbt-editor
"support,",https://www.cyotek.com/blog
"support,",https://www.cyotek.com/cyotek-gif-animator
"support,",https://www.cyotek.com/donate
"support,",https://www.cyotek.com/blog/tools-we-use-2023-edition
"support,",https://www.cyotek.com/blog/rss
"support,",https://www.cyotek.com/about
"support,",https://www.cyotek.com/cyotek-webcopy
"support,",https://www.cyotek.com/rss
part,https://www.cyotek.com/cyotek-copytools
part,https://www.cyotek.com/cyotek-slicr
part,https://www.cyotek.com/
part,https://www.cyotek.com
part,https://www.cyotek.com/products
part,https://www.cyotek.com/blog/products
part,https://www.cyotek.com/cyotek-spriter
part,https://www.cyotek.com/open-source
part,https://www.cyotek.com/blog/resolving-svn-error-could-not-open-the-requested-svn-filesystem
part,https://www.cyotek.com/downloads
part,https://www.cyotek.com/privacy-policy
part,https://www.cyotek.com/source-code
part,https://www.cyotek.com/blog/products/introducing-64bit-builds
part,https://www.cyotek.com/copyright-and-trademarks
part,https://www.cyotek.com/blog/products/crowdstrike-falcon-false-positives
part,https://www.cyotek.com/cyotek-sitemap-creator
part,https://www.cyotek.com/sitemap
part,https://www.cyotek.com/contact
part,https://www.cyotek.com/blog/products/introducing-webview2-support-part-1
part,https://www.cyotek.com/cyotek-palette-editor
part,https://www.cyotek.com/jewel-rush
part,https://www.cyotek.com/blog/tools-we-use-2024-edition
part,https://www.cyotek.com/search
part,https://www.cyotek.com/terms-of-use
part,https://www.cyotek.com/cyotek-nbt-editor
part,https://www.cyotek.com/blog
part,https://www.cyotek.com/cyotek-gif-animator
part,https://www.cyotek.com/donate
part,https://www.cyotek.com/blog/tools-we-use-2023-edition
part,https://www.cyotek.com/blog/rss
part,https://www.cyotek.com/about
part,https://www.cyotek.com/cyotek-webcopy
part,https://www.cyotek.com/rss
1,https://www.cyotek.com/cyotek-copytools
1,https://www.cyotek.com/cyotek-slicr
1,https://www.cyotek.com/
1,https://www.cyotek.com
1,https://www.cyotek.com/products
1,https://www.cyotek.com/blog/products
1,https://www.cyotek.com/cyotek-spriter
1,https://www.cyotek.com/open-source
1,https://www.cyotek.com/blog/resolving-svn-error-could-not-open-the-requested-svn-filesystem
1,https://www.cyotek.com/downloads
1,https://www.cyotek.com/privacy-policy
1,https://www.cyotek.com/source-code
1,https://www.cyotek.com/blog/products/introducing-64bit-builds
1,https://www.cyotek.com/copyright-and-trademarks
1,https://www.cyotek.com/blog/products/crowdstrike-falcon-false-positives
1,https://www.cyotek.com/cyotek-sitemap-creator
1,https://www.cyotek.com/sitemap
1,https://www.cyotek.com/contact
1,https://www.cyotek.com/blog/products/introducing-webview2-support-part-1
1,https://www.cyotek.com/cyotek-palette-editor
1,https://www.cyotek.com/jewel-rush
1,https://www.cyotek.com/blog/tools-we-use-2024-edition
1,https://www.cyotek.com/search
1,https://www.cyotek.com/terms-of-use
1,https://www.cyotek.com/cyotek-nbt-editor
1,https://www.cyotek.com/blog
1,https://www.cyotek.com/cyotek-gif-animator
1,https://www.cyotek.com/donate
1,https://www.cyotek.com/blog/tools-we-use-2023-edition
1,https://www.cyotek.com/blog/rss
1,https://www.cyotek.com/about
1,https://www.cyotek.com/cyotek-webcopy
1,https://www.cyotek.com/rss
31,https://www.cyotek.com/cyotek-copytools
31,https://www.cyotek.com/cyotek-slicr
31,https://www.cyotek.com/
31,https://www.cyotek.com
31,https://www.cyotek.com/products
31,https://www.cyotek.com/blog/products
31,https://www.cyotek.com/cyotek-spriter
31,https://www.cyotek.com/open-source
31,https://www.cyotek.com/blog/resolving-svn-error-could-not-open-the-requested-svn-filesystem
31,https://www.cyotek.com/downloads
31,https://www.cyotek.com/privacy-policy
31,https://www.cyotek.com/source-code
31,https://www.cyotek.com/blog/products/introducing-64bit-builds
31,https://www.cyotek.com/copyright-and-trademarks
31,https://www.cyotek.com/blog/products/crowdstrike-falcon-false-positives
31,https://www.cyotek.com/cyotek-sitemap-creator
31,https://www.cyotek.com/sitemap
31,https://www.cyotek.com/contact
31,https://www.cyotek.com/blog/products/introducing-webview2-support-part-1
31,https://www.cyotek.com/cyotek-palette-editor
31,https://www.cyotek.com/jewel-rush
31,https://www.cyotek.com/blog/tools-we-use-2024-edition
31,https://www.cyotek.com/search
31,https://www.cyotek.com/terms-of-use
31,https://www.cyotek.com/cyotek-nbt-editor
31,https://www.cyotek.com/blog
31,https://www.cyotek.com/cyotek-gif-animator
31,https://www.cyotek.com/donate
31,https://www.cyotek.com/blog/tools-we-use-2023-edition
31,https://www.cyotek.com/blog/rss
31,https://www.cyotek.com/about
31,https://www.cyotek.com/cyotek-webcopy
31,https://www.cyotek.com/rss
march,https://www.cyotek.com/cyotek-copytools
march,https://www.cyotek.com/cyotek-slicr
march,https://www.cyotek.com/
march,https://www.cyotek.com
march,https://www.cyotek.com/products
march,https://www.cyotek.com/blog/products
march,https://www.cyotek.com/cyotek-spriter
march,https://www.cyotek.com/open-source
march,https://www.cyotek.com/blog/resolving-svn-error-could-not-open-the-requested-svn-filesystem
march,https://www.cyotek.com/downloads
march,https://www.cyotek.com/privacy-policy
march,https://www.cyotek.com/source-code
march,https://www.cyotek.com/blog/products/introducing-64bit-builds
march,https://www.cyotek.com/copyright-and-trademarks
march,https://www.cyotek.com/blog/products/crowdstrike-falcon-false-positives
march,https://www.cyotek.com/cyotek-sitemap-creator
march,https://www.cyotek.com/sitemap
march,https://www.cyotek.com/contact
march,https://www.cyotek.com/blog/products/introducing-webview2-support-part-1
march,https://www.cyotek.com/cyotek-palette-editor
march,https://www.cyotek.com/jewel-rush
march,https://www.cyotek.com/blog/tools-we-use-2024-edition
march,https://www.cyotek.com/search
march,https://www.cyotek.com/terms-of-use
march,https://www.cyotek.com/cyotek-nbt-editor
march,https://www.cyotek.com/blog
march,https://www.cyotek.com/cyotek-gif-animator
march,https://www.cyotek.com/donate
march,https://www.cyotek.com/blog/tools-we-use-2023-edition
march,https://www.cyotek.com/blog/rss
march,https://www.cyotek.com/about
march,https://www.cyotek.com/cyotek-webcopy
march,https://www.cyotek.com/rss
crowdstrike,https://www.cyotek.com/cyotek-copytools
crowdstrike,https://www.cyotek.com/cyotek-slicr
crowdstrike,https://www.cyotek.com/
crowdstrike,https://www.cyotek.com
crowdstrike,https://www.cyotek.com/products
crowdstrike,https://www.cyotek.com/blog/products
crowdstrike,https://www.cyotek.com/cyotek-spriter
crowdstrike,https://www.cyotek.com/open-source
crowdstrike,https://www.cyotek.com/blog/resolving-svn-error-could-not-open-the-requested-svn-filesystem
crowdstrike,https://www.cyotek.com/downloads
crowdstrike,https://www.cyotek.com/privacy-policy
crowdstrike,https://www.cyotek.com/source-code
crowdstrike,https://www.cyotek.com/blog/products/introducing-64bit-builds
crowdstrike,https://www.cyotek.com/copyright-and-trademarks
crowdstrike,https://www.cyotek.com/blog/products/crowdstrike-falcon-false-positives
crowdstrike,https://www.cyotek.com/cyotek-sitemap-creator
crowdstrike,https://www.cyotek.com/sitemap
crowdstrike,https://www.cyotek.com/contact
crowdstrike,https://www.cyotek.com/blog/products/introducing-webview2-support-part-1
crowdstrike,https://www.cyotek.com/cyotek-palette-editor
crowdstrike,https://www.cyotek.com/jewel-rush
crowdstrike,https://www.cyotek.com/blog/tools-we-use-2024-edition
crowdstrike,https://www.cyotek.com/search
crowdstrike,https://www.cyotek.com/terms-of-use
crowdstrike,https://www.cyotek.com/cyotek-nbt-editor
crowdstrike,https://www.cyotek.com/blog
crowdstrike,https://www.cyotek.com/cyotek-gif-animator
crowdstrike,https://www.cyotek.com/donate
crowdstrike,https://www.cyotek.com/blog/tools-we-use-2023-edition
crowdstrike,https://www.cyotek.com/about
crowdstrike,https://www.cyotek.com/cyotek-webcopy
crowdstrike,https://www.cyotek.com/rss
falcon,https://www.cyotek.com/cyotek-copytools
falcon,https://www.cyotek.com/cyotek-slicr
falcon,https://www.cyotek.com/
falcon,https://www.cyotek.com
falcon,https://www.cyotek.com/products
falcon,https://www.cyotek.com/blog/products
falcon,https://www.cyotek.com/cyotek-spriter
falcon,https://www.cyotek.com/open-source
falcon,https://www.cyotek.com/blog/resolving-svn-error-could-not-open-the-requested-svn-filesystem
falcon,https://www.cyotek.com/downloads
falcon,https://www.cyotek.com/privacy-policy
falcon,https://www.cyotek.com/source-code
falcon,https://www.cyotek.com/blog/products/introducing-64bit-builds
falcon,https://www.cyotek.com/copyright-and-trademarks
falcon,https://www.cyotek.com/blog/products/crowdstrike-falcon-false-positives
falcon,https://www.cyotek.com/cyotek-sitemap-creator
falcon,https://www.cyotek.com/sitemap
falcon,https://www.cyotek.com/contact
falcon,https://www.cyotek.com/blog/products/introducing-webview2-support-part-1
falcon,https://www.cyotek.com/cyotek-palette-editor
falcon,https://www.cyotek.com/jewel-rush
falcon,https://www.cyotek.com/blog/tools-we-use-2024-edition
falcon,https://www.cyotek.com/search
falcon,https://www.cyotek.com/terms-of-use
falcon,https://www.cyotek.com/cyotek-nbt-editor
falcon,https://www.cyotek.com/blog
falcon,https://www.cyotek.com/cyotek-gif-animator
falcon,https://www.cyotek.com/donate
falcon,https://www.cyotek.com/blog/tools-we-use-2023-edition
falcon,https://www.cyotek.com/about
falcon,https://www.cyotek.com/cyotek-webcopy
falcon,https://www.cyotek.com/rss
false,https://www.cyotek.com/cyotek-copytools
false,https://www.cyotek.com/cyotek-slicr
false,https://www.cyotek.com/
false,https://www.cyotek.com
false,https://www.cyotek.com/products
false,https://www.cyotek.com/blog/products
false,https://www.cyotek.com/cyotek-spriter
false,https://www.cyotek.com/open-source
false,https://www.cyotek.com/blog/resolving-svn-error-could-not-open-the-requested-svn-filesystem
false,https://www.cyotek.com/downloads
false,https://www.cyotek.com/privacy-policy
false,https://www.cyotek.com/source-code
false,https://www.cyotek.com/blog/products/introducing-64bit-builds
false,https://www.cyotek.com/copyright-and-trademarks
false,https://www.cyotek.com/blog/products/crowdstrike-falcon-false-positives
false,https://www.cyotek.com/cyotek-sitemap-creator
false,https://www.cyotek.com/sitemap
false,https://www.cyotek.com/contact
false,https://www.cyotek.com/blog/products/introducing-webview2-support-part-1
false,https://www.cyotek.com/cyotek-palette-editor
false,https://www.cyotek.com/jewel-rush
false,https://www.cyotek.com/blog/tools-we-use-2024-edition
false,https://www.cyotek.com/search
false,https://www.cyotek.com/terms-of-use
false,https://www.cyotek.com/cyotek-nbt-editor
false,https://www.cyotek.com/blog
false,https://www.cyotek.com/cyotek-gif-animator
false,https://www.cyotek.com/donate
false,https://www.cyotek.com/blog/tools-we-use-2023-edition
false,https://www.cyotek.com/blog/rss
false,https://www.cyotek.com/about
false,https://www.cyotek.com/cyotek-webcopy
false,https://www.cyotek.com/rss
positives,https://www.cyotek.com/cyotek-copytools
positives,https://www.cyotek.com/cyotek-slicr
positives,https://www.cyotek.com/
positives,https://www.cyotek.com
positives,https://www.cyotek.com/products
positives,https://www.cyotek.com/blog/products
positives,https://www.cyotek.com/cyotek-spriter
positives,https://www.cyotek.com/open-source
positives,https://www.cyotek.com/blog/resolving-svn-error-could-not-open-the-requested-svn-filesystem
positives,https://www.cyotek.com/downloads
positives,https://www.cyotek.com/privacy-policy
positives,https://www.cyotek.com/source-code
positives,https://www.cyotek.com/blog/products/introducing-64bit-builds
positives,https://www.cyotek.com/copyright-and-trademarks
positives,https://www.cyotek.com/blog/products/crowdstrike-falcon-false-positives
positives,https://www.cyotek.com/cyotek-sitemap-creator
positives,https://www.cyotek.com/sitemap
positives,https://www.cyotek.com/contact
positives,https://www.cyotek.com/blog/products/introducing-webview2-support-part-1
positives,https://www.cyotek.com/cyotek-palette-editor
positives,https://www.cyotek.com/jewel-rush
positives,https://www.cyotek.com/blog/tools-we-use-2024-edition
positives,https://www.cyotek.com/search
positives,https://www.cyotek.com/terms-of-use
positives,https://www.cyotek.com/cyotek-nbt-editor
positives,https://www.cyotek.com/blog
positives,https://www.cyotek.com/cyotek-gif-animator
positives,https://www.cyotek.com/donate
positives,https://www.cyotek.com/blog/tools-we-use-2023-edition
positives,https://www.cyotek.com/about
positives,https://www.cyotek.com/cyotek-webcopy
positives,https://www.cyotek.com/rss
19,https://www.cyotek.com/cyotek-copytools
19,https://www.cyotek.com/cyotek-slicr
19,https://www.cyotek.com/
19,https://www.cyotek.com
19,https://www.cyotek.com/products
19,https://www.cyotek.com/blog/products
19,https://www.cyotek.com/cyotek-spriter
19,https://www.cyotek.com/open-source
19,https://www.cyotek.com/blog/resolving-svn-error-could-not-open-the-requested-svn-filesystem
19,https://www.cyotek.com/downloads
19,https://www.cyotek.com/privacy-policy
19,https://www.cyotek.com/source-code
19,https://www.cyotek.com/blog/products/introducing-64bit-builds
19,https://www.cyotek.com/copyright-and-trademarks
19,https://www.cyotek.com/blog/products/crowdstrike-falcon-false-positives
19,https://www.cyotek.com/cyotek-sitemap-creator
19,https://www.cyotek.com/sitemap
19,https://www.cyotek.com/contact
19,https://www.cyotek.com/blog/products/introducing-webview2-support-part-1
19,https://www.cyotek.com/cyotek-palette-editor
19,https://www.cyotek.com/jewel-rush
19,https://www.cyotek.com/blog/tools-we-use-2024-edition
19,https://www.cyotek.com/search
19,https://www.cyotek.com/terms-of-use
19,https://www.cyotek.com/cyotek-nbt-editor
19,https://www.cyotek.com/blog
19,https://www.cyotek.com/cyotek-gif-animator
19,https://www.cyotek.com/donate
19,https://www.cyotek.com/blog/tools-we-use-2023-edition
19,https://www.cyotek.com/blog/rss
19,https://www.cyotek.com/about
19,https://www.cyotek.com/cyotek-webcopy
19,https://www.cyotek.com/rss
may,https://www.cyotek.com/cyotek-copytools
may,https://www.cyotek.com/cyotek-slicr
may,https://www.cyotek.com/
may,https://www.cyotek.com
may,https://www.cyotek.com/products
may,https://www.cyotek.com/blog/products
may,https://www.cyotek.com/cyotek-spriter
may,https://www.cyotek.com/open-source
may,https://www.cyotek.com/blog/resolving-svn-error-could-not-open-the-requested-svn-filesystem
may,https://www.cyotek.com/downloads
may,https://www.cyotek.com/privacy-policy
may,https://www.cyotek.com/source-code
may,https://www.cyotek.com/blog/products/introducing-64bit-builds
may,https://www.cyotek.com/copyright-and-trademarks
may,https://www.cyotek.com/blog/products/crowdstrike-falcon-false-positives
may,https://www.cyotek.com/cyotek-sitemap-creator
may,https://www.cyotek.com/sitemap
may,https://www.cyotek.com/contact
may,https://www.cyotek.com/blog/products/introducing-webview2-support-part-1
may,https://www.cyotek.com/cyotek-palette-editor
may,https://www.cyotek.com/jewel-rush
may,https://www.cyotek.com/blog/tools-we-use-2024-edition
may,https://www.cyotek.com/search
may,https://www.cyotek.com/terms-of-use
may,https://www.cyotek.com/cyotek-nbt-editor
may,https://www.cyotek.com/blog
may,https://www.cyotek.com/cyotek-gif-animator
may,https://www.cyotek.com/donate
may,https://www.cyotek.com/blog/tools-we-use-2023-edition
may,https://www.cyotek.com/blog/rss
may,https://www.cyotek.com/about
may,https://www.cyotek.com/cyotek-webcopy
may,https://www.cyotek.com/rss
2021,https://www.cyotek.com/cyotek-copytools
2021,https://www.cyotek.com/cyotek-slicr
2021,https://www.cyotek.com/
2021,https://www.cyotek.com
2021,https://demo.cyotek.com/about.php
2021,https://www.cyotek.com/products
2021,https://www.cyotek.com/blog/products
2021,https://www.cyotek.com/cyotek-spriter
2021,https://www.cyotek.com/open-source
2021,https://www.cyotek.com/blog/resolving-svn-error-could-not-open-the-requested-svn-filesystem
2021,https://www.cyotek.com/downloads
2021,https://www.cyotek.com/privacy-policy
2021,https://www.cyotek.com/source-code
2021,https://www.cyotek.com/blog/products/introducing-64bit-builds
2021,https://www.cyotek.com/copyright-and-trademarks
2021,https://www.cyotek.com/blog/products/crowdstrike-falcon-false-positives
2021,https://www.cyotek.com/cyotek-sitemap-creator
2021,https://www.cyotek.com/sitemap
2021,https://www.cyotek.com/contact
2021,https://www.cyotek.com/blog/products/introducing-webview2-support-part-1
2021,https://www.cyotek.com/cyotek-palette-editor
2021,https://www.cyotek.com/jewel-rush
2021,https://www.cyotek.com/blog/tools-we-use-2024-edition
2021,https://www.cyotek.com/search
2021,https://www.cyotek.com/terms-of-use
2021,https://www.cyotek.com/cyotek-nbt-editor
2021,https://www.cyotek.com/blog
2021,https://www.cyotek.com/cyotek-gif-animator
2021,https://www.cyotek.com/donate
2021,https://www.cyotek.com/blog/tools-we-use-2023-edition
2021,https://www.cyotek.com/blog/rss
2021,https://www.cyotek.com/about
2021,https://www.cyotek.com/cyotek-webcopy
2021,https://www.cyotek.com/rss
64bit,https://www.cyotek.com/cyotek-copytools
64bit,https://www.cyotek.com/cyotek-slicr
64bit,https://www.cyotek.com/
64bit,https://www.cyotek.com
64bit,https://www.cyotek.com/products
64bit,https://www.cyotek.com/blog/products
64bit,https://www.cyotek.com/cyotek-spriter
64bit,https://www.cyotek.com/open-source
64bit,https://www.cyotek.com/blog/resolving-svn-error-could-not-open-the-requested-svn-filesystem
64bit,https://www.cyotek.com/downloads
64bit,https://www.cyotek.com/privacy-policy
64bit,https://www.cyotek.com/source-code
64bit,https://www.cyotek.com/blog/products/introducing-64bit-builds
64bit,https://www.cyotek.com/copyright-and-trademarks
64bit,https://www.cyotek.com/blog/products/crowdstrike-falcon-false-positives
64bit,https://www.cyotek.com/cyotek-sitemap-creator
64bit,https://www.cyotek.com/sitemap
64bit,https://www.cyotek.com/contact
64bit,https://www.cyotek.com/blog/products/introducing-webview2-support-part-1
64bit,https://www.cyotek.com/cyotek-palette-editor
64bit,https://www.cyotek.com/jewel-rush
64bit,https://www.cyotek.com/blog/tools-we-use-2024-edition
64bit,https://www.cyotek.com/search
64bit,https://www.cyotek.com/terms-of-use
64bit,https://www.cyotek.com/cyotek-nbt-editor
64bit,https://www.cyotek.com/blog
64bit,https://www.cyotek.com/cyotek-gif-animator
64bit,https://www.cyotek.com/donate
64bit,https://www.cyotek.com/blog/tools-we-use-2023-edition
64bit,https://www.cyotek.com/blog/rss
64bit,https://www.cyotek.com/about
64bit,https://www.cyotek.com/cyotek-webcopy
64bit,https://www.cyotek.com/rss
builds,https://www.cyotek.com/cyotek-copytools
builds,https://www.cyotek.com/cyotek-slicr
builds,https://www.cyotek.com/
builds,https://www.cyotek.com
builds,https://www.cyotek.com/products
builds,https://www.cyotek.com/blog/products
builds,https://www.cyotek.com/cyotek-spriter
builds,https://www.cyotek.com/open-source
builds,https://www.cyotek.com/blog/resolving-svn-error-could-not-open-the-requested-svn-filesystem
builds,https://www.cyotek.com/downloads
builds,https://www.cyotek.com/privacy-policy
builds,https://www.cyotek.com/source-code
builds,https://www.cyotek.com/blog/products/introducing-64bit-builds
builds,https://www.cyotek.com/copyright-and-trademarks
builds,https://www.cyotek.com/blog/products/crowdstrike-falcon-false-positives
builds,https://www.cyotek.com/cyotek-sitemap-creator
builds,https://www.cyotek.com/sitemap
builds,https://www.cyotek.com/contact
builds,https://www.cyotek.com/blog/products/introducing-webview2-support-part-1
builds,https://www.cyotek.com/cyotek-palette-editor
builds,https://www.cyotek.com/jewel-rush
builds,https://www.cyotek.com/blog/tools-we-use-2024-edition
builds,https://www.cyotek.com/search
builds,https://support.cyotek.com
builds,https://www.cyotek.com/terms-of-use
builds,https://www.cyotek.com/cyotek-nbt-editor
builds,https://www.cyotek.com/blog
builds,https://www.cyotek.com/cyotek-gif-animator
builds,https://www.cyotek.com/donate
builds,https://www.cyotek.com/blog/tools-we-use-2023-edition
builds,https://www.cyotek.com/blog/rss
builds,https://www.cyotek.com/about
builds,https://www.cyotek.com/cyotek-webcopy
builds,https://www.cyotek.com/rss
30,https://www.cyotek.com/cyotek-copytools
30,https://www.cyotek.com/cyotek-slicr
30,https://www.cyotek.com/
30,https://www.cyotek.com
30,https://www.cyotek.com/products
30,https://www.cyotek.com/blog/products
30,https://www.cyotek.com/cyotek-spriter
30,https://www.cyotek.com/open-source
30,https://www.cyotek.com/blog/resolving-svn-error-could-not-open-the-requested-svn-filesystem
30,https://www.cyotek.com/downloads
30,https://www.cyotek.com/privacy-policy
30,https://www.cyotek.com/source-code
30,https://www.cyotek.com/blog/products/introducing-64bit-builds
30,https://www.cyotek.com/copyright-and-trademarks
30,https://www.cyotek.com/blog/products/crowdstrike-falcon-false-positives
30,https://www.cyotek.com/cyotek-sitemap-creator
30,https://www.cyotek.com/sitemap
30,https://www.cyotek.com/contact
30,https://www.cyotek.com/blog/products/introducing-webview2-support-part-1
30,https://www.cyotek.com/cyotek-palette-editor
30,https://www.cyotek.com/jewel-rush
30,https://www.cyotek.com/blog/tools-we-use-2024-edition
30,https://www.cyotek.com/search
30,https://www.cyotek.com/terms-of-use
30,https://www.cyotek.com/cyotek-nbt-editor
30,https://www.cyotek.com/blog
30,https://www.cyotek.com/cyotek-gif-animator
30,https://www.cyotek.com/donate
30,https://www.cyotek.com/blog/tools-we-use-2023-edition
30,https://www.cyotek.com/blog/rss
30,https://www.cyotek.com/about
30,https://www.cyotek.com/cyotek-webcopy
30,https://www.cyotek.com/rss
updates,https://www.cyotek.com/
updates,https://www.cyotek.com
updates,https://www.cyotek.com/blog/rss
updates,https://www.cyotek.com/blog/tools-we-use-2023-edition
updates,https://www.cyotek.com/products
updates,https://www.cyotek.com/blog/tools-we-use-2024-edition
updates,https://www.cyotek.com/rss
1.9.1.872,https://www.cyotek.com/
1.9.1.872,https://www.cyotek.com
1.9.1.872,https://www.cyotek.com/downloads
1.9.1.872,https://www.cyotek.com/products
04,https://www.cyotek.com/cyotek-copytools
04,https://www.cyotek.com/cyotek-slicr
04,https://www.cyotek.com/
04,https://www.cyotek.com
04,https://www.cyotek.com/products
04,https://www.cyotek.com/blog/products
04,https://www.cyotek.com/cyotek-spriter
04,https://www.cyotek.com/open-source
04,https://www.cyotek.com/blog/resolving-svn-error-could-not-open-the-requested-svn-filesystem
04,https://www.cyotek.com/downloads
04,https://www.cyotek.com/privacy-policy
04,https://www.cyotek.com/source-code
04,https://www.cyotek.com/blog/products/introducing-64bit-builds
04,https://www.cyotek.com/copyright-and-trademarks
04,https://www.cyotek.com/blog/products/crowdstrike-falcon-false-positives
04,https://www.cyotek.com/cyotek-sitemap-creator
04,https://www.cyotek.com/sitemap
04,https://www.cyotek.com/contact
04,https://www.cyotek.com/blog/products/introducing-webview2-support-part-1
04,https://www.cyotek.com/cyotek-palette-editor
04,https://www.cyotek.com/jewel-rush
04,https://www.cyotek.com/blog/tools-we-use-2024-edition
04,https://www.cyotek.com/search
04,https://www.cyotek.com/terms-of-use
04,https://www.cyotek.com/cyotek-nbt-editor
04,https://www.cyotek.com/blog
04,https://www.cyotek.com/cyotek-gif-animator
04,https://www.cyotek.com/donate
04,https://www.cyotek.com/blog/tools-we-use-2023-edition
04,https://www.cyotek.com/blog/rss
04,https://www.cyotek.com/about
04,https://www.cyotek.com/cyotek-webcopy
04,https://www.cyotek.com/rss
september,https://www.cyotek.com/cyotek-copytools
september,https://www.cyotek.com/cyotek-slicr
september,https://www.cyotek.com/
september,https://www.cyotek.com
september,https://www.cyotek.com/products
september,https://www.cyotek.com/blog/products
september,https://www.cyotek.com/cyotek-spriter
september,https://www.cyotek.com/open-source
september,https://www.cyotek.com/blog/resolving-svn-error-could-not-open-the-requested-svn-filesystem
september,https://www.cyotek.com/downloads
september,https://www.cyotek.com/privacy-policy
september,https://www.cyotek.com/source-code
september,https://www.cyotek.com/blog/products/introducing-64bit-builds
september,https://www.cyotek.com/copyright-and-trademarks
september,https://www.cyotek.com/blog/products/crowdstrike-falcon-false-positives
september,https://www.cyotek.com/cyotek-sitemap-creator
september,https://www.cyotek.com/sitemap
september,https://www.cyotek.com/contact
september,https://www.cyotek.com/blog/products/introducing-webview2-support-part-1
september,https://www.cyotek.com/cyotek-palette-editor
september,https://www.cyotek.com/jewel-rush
september,https://www.cyotek.com/blog/tools-we-use-2024-edition
september,https://www.cyotek.com/search
september,https://www.cyotek.com/terms-of-use
september,https://www.cyotek.com/cyotek-nbt-editor
september,https://www.cyotek.com/blog
september,https://www.cyotek.com/cyotek-gif-animator
september,https://www.cyotek.com/donate
september,https://www.cyotek.com/blog/tools-we-use-2023-edition
september,https://www.cyotek.com/blog/rss
september,https://www.cyotek.com/about
september,https://www.cyotek.com/cyotek-webcopy
september,https://www.cyotek.com/rss
1.7.0.411,https://www.cyotek.com/
1.7.0.411,https://www.cyotek.com
1.7.0.411,https://www.cyotek.com/downloads
1.7.0.411,https://www.cyotek.com/products
08,https://www.cyotek.com/
08,https://www.cyotek.com
08,https://www.cyotek.com/blog/rss
08,https://www.cyotek.com/products
08,https://www.cyotek.com/rss
june,https://www.cyotek.com/cyotek-copytools
june,https://www.cyotek.com/cyotek-slicr
june,https://www.cyotek.com/
june,https://www.cyotek.com
june,https://www.cyotek.com/products
june,https://www.cyotek.com/blog/products
june,https://www.cyotek.com/cyotek-spriter
june,https://www.cyotek.com/open-source
june,https://www.cyotek.com/blog/resolving-svn-error-could-not-open-the-requested-svn-filesystem
june,https://www.cyotek.com/downloads
june,https://www.cyotek.com/privacy-policy
june,https://www.cyotek.com/source-code
june,https://www.cyotek.com/blog/products/introducing-64bit-builds
june,https://www.cyotek.com/copyright-and-trademarks
june,https://www.cyotek.com/blog/products/crowdstrike-falcon-false-positives
june,https://www.cyotek.com/cyotek-sitemap-creator
june,https://www.cyotek.com/sitemap
june,https://www.cyotek.com/contact
june,https://www.cyotek.com/blog/products/introducing-webview2-support-part-1
june,https://www.cyotek.com/cyotek-palette-editor
june,https://www.cyotek.com/jewel-rush
june,https://www.cyotek.com/blog/tools-we-use-2024-edition
june,https://www.cyotek.com/search
june,https://www.cyotek.com/terms-of-use
june,https://www.cyotek.com/cyotek-nbt-editor
june,https://www.cyotek.com/blog
june,https://www.cyotek.com/cyotek-gif-animator
june,https://www.cyotek.com/donate
june,https://www.cyotek.com/blog/tools-we-use-2023-edition
june,https://www.cyotek.com/about
june,https://www.cyotek.com/cyotek-webcopy
june,https://www.cyotek.com/rss
1.3.0.169,https://www.cyotek.com/
1.3.0.169,https://www.cyotek.com
1.3.0.169,https://www.cyotek.com/products
15,https://www.cyotek.com/
15,https://www.cyotek.com
15,https://www.cyotek.com/blog/rss
15,https://www.cyotek.com/products
15,https://www.cyotek.com/rss
privacy,https://www.cyotek.com/cyotek-copytools
privacy,https://www.cyotek.com/cyotek-slicr
privacy,https://www.cyotek.com/
privacy,https://www.cyotek.com
privacy,https://www.cyotek.com/products
privacy,https://www.cyotek.com/blog/products
privacy,https://www.cyotek.com/cyotek-spriter
privacy,https://www.cyotek.com/open-source
privacy,https://www.cyotek.com/blog/resolving-svn-error-could-not-open-the-requested-svn-filesystem
privacy,https://www.cyotek.com/downloads
privacy,https://www.cyotek.com/privacy-policy
privacy,https://www.cyotek.com/source-code
privacy,https://www.cyotek.com/blog/products/introducing-64bit-builds
privacy,https://www.cyotek.com/copyright-and-trademarks
privacy,https://www.cyotek.com/blog/products/crowdstrike-falcon-false-positives
privacy,https://www.cyotek.com/cyotek-sitemap-creator
privacy,https://www.cyotek.com/sitemap
privacy,https://www.cyotek.com/contact
privacy,https://www.cyotek.com/blog/products/introducing-webview2-support-part-1
privacy,https://www.cyotek.com/cyotek-palette-editor
privacy,https://www.cyotek.com/jewel-rush
privacy,https://www.cyotek.com/blog/tools-we-use-2024-edition
privacy,https://www.cyotek.com/search
privacy,https://support.cyotek.com
privacy,https://www.cyotek.com/terms-of-use
privacy,https://www.cyotek.com/cyotek-nbt-editor
privacy,https://www.cyotek.com/blog
privacy,https://www.cyotek.com/cyotek-gif-animator
privacy,https://www.cyotek.com/donate
privacy,https://www.cyotek.com/blog/tools-we-use-2023-edition
privacy,https://www.cyotek.com/about
privacy,https://www.cyotek.com/cyotek-webcopy
policy,https://www.cyotek.com/cyotek-copytools
policy,https://www.cyotek.com/cyotek-slicr
policy,https://www.cyotek.com/
policy,https://www.cyotek.com
policy,https://www.cyotek.com/products
policy,https://www.cyotek.com/blog/products
policy,https://www.cyotek.com/cyotek-spriter
policy,https://www.cyotek.com/open-source
policy,https://www.cyotek.com/blog/resolving-svn-error-could-not-open-the-requested-svn-filesystem
policy,https://www.cyotek.com/downloads
policy,https://www.cyotek.com/privacy-policy
policy,https://www.cyotek.com/source-code
policy,https://www.cyotek.com/blog/products/introducing-64bit-builds
policy,https://www.cyotek.com/copyright-and-trademarks
policy,https://www.cyotek.com/blog/products/crowdstrike-falcon-false-positives
policy,https://www.cyotek.com/cyotek-sitemap-creator
policy,https://www.cyotek.com/sitemap
policy,https://www.cyotek.com/contact
policy,https://www.cyotek.com/blog/products/introducing-webview2-support-part-1
policy,https://www.cyotek.com/cyotek-palette-editor
policy,https://www.cyotek.com/jewel-rush
policy,https://www.cyotek.com/blog/tools-we-use-2024-edition
policy,https://www.cyotek.com/search
policy,https://support.cyotek.com
policy,https://www.cyotek.com/terms-of-use
policy,https://www.cyotek.com/cyotek-nbt-editor
policy,https://www.cyotek.com/blog
policy,https://www.cyotek.com/cyotek-gif-animator
policy,https://www.cyotek.com/donate
policy,https://www.cyotek.com/blog/tools-we-use-2023-edition
policy,https://www.cyotek.com/blog/rss
policy,https://www.cyotek.com/about
policy,https://www.cyotek.com/cyotek-webcopy
policy,https://www.cyotek.com/rss
terms,https://www.cyotek.com/cyotek-copytools
terms,https://www.cyotek.com/cyotek-slicr
terms,https://www.cyotek.com/
terms,https://www.cyotek.com
terms,https://www.cyotek.com/products
terms,https://www.cyotek.com/blog/products
terms,https://www.cyotek.com/cyotek-spriter
terms,https://www.cyotek.com/open-source
terms,https://www.cyotek.com/blog/resolving-svn-error-could-not-open-the-requested-svn-filesystem
terms,https://www.cyotek.com/downloads
terms,https://www.cyotek.com/privacy-policy
terms,https://www.cyotek.com/source-code
terms,https://www.cyotek.com/blog/products/introducing-64bit-builds
terms,https://www.cyotek.com/copyright-and-trademarks
terms,https://www.cyotek.com/blog/products/crowdstrike-falcon-false-positives
terms,https://www.cyotek.com/cyotek-sitemap-creator
terms,https://www.cyotek.com/sitemap
terms,https://www.cyotek.com/contact
terms,https://www.cyotek.com/blog/products/introducing-webview2-support-part-1
terms,https://www.cyotek.com/cyotek-palette-editor
terms,https://www.cyotek.com/jewel-rush
terms,https://www.cyotek.com/blog/tools-we-use-2024-edition
terms,https://www.cyotek.com/search
terms,https://support.cyotek.com
terms,https://www.cyotek.com/terms-of-use
terms,https://www.cyotek.com/cyotek-nbt-editor
terms,https://www.cyotek.com/blog
terms,https://www.cyotek.com/cyotek-gif-animator
terms,https://www.cyotek.com/donate
terms,https://www.cyotek.com/blog/tools-we-use-2023-edition
terms,https://www.cyotek.com/blog/rss
terms,https://www.cyotek.com/about
terms,https://www.cyotek.com/cyotek-webcopy
terms,https://www.cyotek.com/rss
trademarks,https://www.cyotek.com/cyotek-copytools
trademarks,https://www.cyotek.com/cyotek-slicr
trademarks,https://www.cyotek.com/
trademarks,https://www.cyotek.com
trademarks,https://www.cyotek.com/products
trademarks,https://www.cyotek.com/blog/products
trademarks,https://www.cyotek.com/cyotek-spriter
trademarks,https://www.cyotek.com/open-source
trademarks,https://www.cyotek.com/blog/resolving-svn-error-could-not-open-the-requested-svn-filesystem
trademarks,https://www.cyotek.com/downloads
trademarks,https://www.cyotek.com/privacy-policy
trademarks,https://www.cyotek.com/source-code
trademarks,https://www.cyotek.com/blog/products/introducing-64bit-builds
trademarks,https://www.cyotek.com/copyright-and-trademarks
trademarks,https://www.cyotek.com/blog/products/crowdstrike-falcon-false-positives
trademarks,https://www.cyotek.com/cyotek-sitemap-creator
trademarks,https://www.cyotek.com/sitemap
trademarks,https://www.cyotek.com/contact
trademarks,https://www.cyotek.com/blog/products/introducing-webview2-support-part-1
trademarks,https://www.cyotek.com/cyotek-palette-editor
trademarks,https://www.cyotek.com/jewel-rush
trademarks,https://www.cyotek.com/blog/tools-we-use-2024-edition
trademarks,https://www.cyotek.com/search
trademarks,https://support.cyotek.com
trademarks,https://www.cyotek.com/terms-of-use
trademarks,https://www.cyotek.com/cyotek-nbt-editor
trademarks,https://www.cyotek.com/blog
trademarks,https://www.cyotek.com/cyotek-gif-animator
trademarks,https://www.cyotek.com/donate
trademarks,https://www.cyotek.com/blog/tools-we-use-2023-edition
trademarks,https://www.cyotek.com/about
trademarks,https://www.cyotek.com/cyotek-webcopy
contact,https://www.cyotek.com/cyotek-copytools
contact,https://www.cyotek.com/cyotek-slicr
contact,https://www.cyotek.com/
contact,https://www.cyotek.com
contact,https://www.cyotek.com/products
contact,https://www.cyotek.com/blog/products
contact,https://www.cyotek.com/cyotek-spriter
contact,https://www.cyotek.com/open-source
contact,https://www.cyotek.com/blog/resolving-svn-error-could-not-open-the-requested-svn-filesystem
contact,https://www.cyotek.com/downloads
contact,https://www.cyotek.com/privacy-policy
contact,https://www.cyotek.com/source-code
contact,https://www.cyotek.com/blog/products/introducing-64bit-builds
contact,https://www.cyotek.com/copyright-and-trademarks
contact,https://www.cyotek.com/blog/products/crowdstrike-falcon-false-positives
contact,https://www.cyotek.com/cyotek-sitemap-creator
contact,https://www.cyotek.com/sitemap
contact,https://www.cyotek.com/contact
contact,https://www.cyotek.com/blog/products/introducing-webview2-support-part-1
contact,https://www.cyotek.com/cyotek-palette-editor
contact,https://www.cyotek.com/jewel-rush
contact,https://www.cyotek.com/blog/tools-we-use-2024-edition
contact,https://www.cyotek.com/search
contact,https://www.cyotek.com/terms-of-use
contact,https://www.cyotek.com/cyotek-nbt-editor
contact,https://www.cyotek.com/blog
contact,https://www.cyotek.com/cyotek-gif-animator
contact,https://www.cyotek.com/donate
contact,https://www.cyotek.com/blog/tools-we-use-2023-edition
contact,https://www.cyotek.com/blog/rss
contact,https://www.cyotek.com/about
contact,https://www.cyotek.com/cyotek-webcopy
contact,https://www.cyotek.com/rss
us,https://www.cyotek.com/cyotek-copytools
us,https://www.cyotek.com/cyotek-slicr
us,https://www.cyotek.com/
us,https://www.cyotek.com
us,https://www.cyotek.com/products
us,https://www.cyotek.com/blog/products
us,https://www.cyotek.com/cyotek-spriter
us,https://www.cyotek.com/open-source
us,https://www.cyotek.com/blog/resolving-svn-error-could-not-open-the-requested-svn-filesystem
us,https://www.cyotek.com/downloads
us,https://www.cyotek.com/privacy-policy
us,https://www.cyotek.com/source-code
us,https://www.cyotek.com/blog/products/introducing-64bit-builds
us,https://www.cyotek.com/copyright-and-trademarks
us,https://www.cyotek.com/blog/products/crowdstrike-falcon-false-positives
us,https://www.cyotek.com/cyotek-sitemap-creator
us,https://www.cyotek.com/sitemap
us,https://www.cyotek.com/contact
us,https://www.cyotek.com/blog/products/introducing-webview2-support-part-1
us,https://www.cyotek.com/cyotek-palette-editor
us,https://www.cyotek.com/jewel-rush
us,https://www.cyotek.com/blog/tools-we-use-2024-edition
us,https://www.cyotek.com/search
us,https://www.cyotek.com/terms-of-use
us,https://www.cyotek.com/cyotek-nbt-editor
us,https://www.cyotek.com/blog
us,https://www.cyotek.com/cyotek-gif-animator
us,https://www.cyotek.com/donate
us,https://www.cyotek.com/blog/tools-we-use-2023-edition
us,https://www.cyotek.com/blog/rss
us,https://www.cyotek.com/about
us,https://www.cyotek.com/cyotek-webcopy
us,https://www.cyotek.com/rss
search,https://www.cyotek.com/cyotek-copytools
search,https://www.cyotek.com/cyotek-slicr
search,https://www.cyotek.com/
search,https://www.cyotek.com
search,https://www.cyotek.com/products
search,https://www.cyotek.com/blog/products
search,https://www.cyotek.com/cyotek-spriter
search,https://www.cyotek.com/open-source
search,https://www.cyotek.com/blog/resolving-svn-error-could-not-open-the-requested-svn-filesystem
search,https://www.cyotek.com/downloads
search,https://www.cyotek.com/privacy-policy
search,https://www.cyotek.com/source-code
search,https://www.cyotek.com/blog/products/introducing-64bit-builds
search,https://www.cyotek.com/copyright-and-trademarks
search,https://www.cyotek.com/blog/products/crowdstrike-falcon-false-positives
search,https://www.cyotek.com/cyotek-sitemap-creator
search,https://www.cyotek.com/sitemap
search,https://www.cyotek.com/contact
search,https://www.cyotek.com/blog/products/introducing-webview2-support-part-1
search,https://www.cyotek.com/cyotek-palette-editor
search,https://www.cyotek.com/jewel-rush
search,https://www.cyotek.com/blog/tools-we-use-2024-edition
search,https://www.cyotek.com/search
search,https://www.cyotek.com/terms-of-use
search,https://www.cyotek.com/cyotek-nbt-editor
search,https://www.cyotek.com/blog
search,https://www.cyotek.com/cyotek-gif-animator
search,https://www.cyotek.com/donate
search,https://www.cyotek.com/blog/tools-we-use-2023-edition
search,https://www.cyotek.com/blog/rss
search,https://www.cyotek.com/about
search,https://www.cyotek.com/cyotek-webcopy
search,https://www.cyotek.com/rss
docs,https://www.cyotek.com/cyotek-copytools
docs,https://www.cyotek.com/cyotek-slicr
docs,https://www.cyotek.com/
docs,https://www.cyotek.com
docs,https://www.cyotek.com/products
docs,https://www.cyotek.com/blog/products
docs,https://www.cyotek.com/cyotek-spriter
docs,https://www.cyotek.com/open-source
docs,https://www.cyotek.com/blog/resolving-svn-error-could-not-open-the-requested-svn-filesystem
docs,https://www.cyotek.com/downloads
docs,https://www.cyotek.com/privacy-policy
docs,https://www.cyotek.com/source-code
docs,https://www.cyotek.com/blog/products/introducing-64bit-builds
docs,https://www.cyotek.com/copyright-and-trademarks
docs,https://www.cyotek.com/blog/products/crowdstrike-falcon-false-positives
docs,https://www.cyotek.com/cyotek-sitemap-creator
docs,https://www.cyotek.com/sitemap
docs,https://www.cyotek.com/contact
docs,https://www.cyotek.com/blog/products/introducing-webview2-support-part-1
docs,https://www.cyotek.com/cyotek-palette-editor
docs,https://www.cyotek.com/jewel-rush
docs,https://www.cyotek.com/blog/tools-we-use-2024-edition
docs,https://www.cyotek.com/search
docs,https://www.cyotek.com/terms-of-use
docs,https://www.cyotek.com/cyotek-nbt-editor
docs,https://www.cyotek.com/blog
docs,https://www.cyotek.com/cyotek-gif-animator
docs,https://www.cyotek.com/donate
docs,https://www.cyotek.com/blog/tools-we-use-2023-edition
docs,https://www.cyotek.com/about
docs,https://www.cyotek.com/cyotek-webcopy
donate,https://www.cyotek.com/cyotek-copytools
donate,https://www.cyotek.com/cyotek-slicr
donate,https://www.cyotek.com/
donate,https://www.cyotek.com
donate,https://www.cyotek.com/products
donate,https://www.cyotek.com/blog/products
donate,https://www.cyotek.com/cyotek-spriter
donate,https://www.cyotek.com/open-source
donate,https://www.cyotek.com/blog/resolving-svn-error-could-not-open-the-requested-svn-filesystem
donate,https://www.cyotek.com/downloads
donate,https://www.cyotek.com/privacy-policy
donate,https://www.cyotek.com/source-code
donate,https://www.cyotek.com/blog/products/introducing-64bit-builds
donate,https://www.cyotek.com/copyright-and-trademarks
donate,https://www.cyotek.com/blog/products/crowdstrike-falcon-false-positives
donate,https://www.cyotek.com/cyotek-sitemap-creator
donate,https://www.cyotek.com/sitemap
donate,https://www.cyotek.com/contact
donate,https://www.cyotek.com/blog/products/introducing-webview2-support-part-1
donate,https://www.cyotek.com/cyotek-palette-editor
donate,https://www.cyotek.com/jewel-rush
donate,https://www.cyotek.com/blog/tools-we-use-2024-edition
donate,https://www.cyotek.com/search
donate,https://www.cyotek.com/terms-of-use
donate,https://www.cyotek.com/cyotek-nbt-editor
donate,https://www.cyotek.com/blog
donate,https://www.cyotek.com/cyotek-gif-animator
donate,https://www.cyotek.com/donate
donate,https://www.cyotek.com/blog/tools-we-use-2023-edition
donate,https://www.cyotek.com/about
donate,https://www.cyotek.com/cyotek-webcopy
donate,https://www.cyotek.com/rss
rss,https://www.cyotek.com/cyotek-copytools
rss,https://www.cyotek.com/cyotek-slicr
rss,https://www.cyotek.com/
rss,https://www.cyotek.com
rss,https://www.cyotek.com/products
rss,https://www.cyotek.com/blog/products
rss,https://www.cyotek.com/cyotek-spriter
rss,https://www.cyotek.com/open-source
rss,https://www.cyotek.com/blog/resolving-svn-error-could-not-open-the-requested-svn-filesystem
rss,https://www.cyotek.com/downloads
rss,https://www.cyotek.com/privacy-policy
rss,https://www.cyotek.com/source-code
rss,https://www.cyotek.com/blog/products/introducing-64bit-builds
rss,https://www.cyotek.com/copyright-and-trademarks
rss,https://www.cyotek.com/blog/products/crowdstrike-falcon-false-positives
rss,https://www.cyotek.com/cyotek-sitemap-creator
rss,https://www.cyotek.com/sitemap
rss,https://www.cyotek.com/contact
rss,https://www.cyotek.com/blog/products/introducing-webview2-support-part-1
rss,https://www.cyotek.com/cyotek-palette-editor
rss,https://www.cyotek.com/jewel-rush
rss,https://www.cyotek.com/blog/tools-we-use-2024-edition
rss,https://www.cyotek.com/search
rss,https://www.cyotek.com/terms-of-use
rss,https://www.cyotek.com/cyotek-nbt-editor
rss,https://www.cyotek.com/blog
rss,https://www.cyotek.com/cyotek-gif-animator
rss,https://www.cyotek.com/donate
rss,https://www.cyotek.com/blog/tools-we-use-2023-edition
rss,https://www.cyotek.com/blog/rss
rss,https://www.cyotek.com/about
rss,https://www.cyotek.com/cyotek-webcopy
rss,https://www.cyotek.com/rss
2009-2024,https://www.cyotek.com/cyotek-copytools
2009-2024,https://www.cyotek.com/cyotek-slicr
2009-2024,https://www.cyotek.com/
2009-2024,https://www.cyotek.com
2009-2024,https://www.cyotek.com/products
2009-2024,https://www.cyotek.com/blog/products
2009-2024,https://www.cyotek.com/cyotek-spriter
2009-2024,https://www.cyotek.com/open-source
2009-2024,https://www.cyotek.com/blog/resolving-svn-error-could-not-open-the-requested-svn-filesystem
2009-2024,https://www.cyotek.com/downloads
2009-2024,https://www.cyotek.com/privacy-policy
2009-2024,https://www.cyotek.com/source-code
2009-2024,https://www.cyotek.com/blog/products/introducing-64bit-builds
2009-2024,https://www.cyotek.com/copyright-and-trademarks
2009-2024,https://www.cyotek.com/blog/products/crowdstrike-falcon-false-positives
2009-2024,https://www.cyotek.com/cyotek-sitemap-creator
2009-2024,https://www.cyotek.com/sitemap
2009-2024,https://www.cyotek.com/contact
2009-2024,https://www.cyotek.com/blog/products/introducing-webview2-support-part-1
2009-2024,https://www.cyotek.com/cyotek-palette-editor
2009-2024,https://www.cyotek.com/jewel-rush
2009-2024,https://www.cyotek.com/blog/tools-we-use-2024-edition
2009-2024,https://www.cyotek.com/search
2009-2024,https://www.cyotek.com/terms-of-use
2009-2024,https://www.cyotek.com/cyotek-nbt-editor
2009-2024,https://www.cyotek.com/blog
2009-2024,https://www.cyotek.com/cyotek-gif-animator
2009-2024,https://www.cyotek.com/donate
2009-2024,https://www.cyotek.com/blog/tools-we-use-2023-edition
2009-2024,https://www.cyotek.com/blog/rss
2009-2024,https://www.cyotek.com/about
2009-2024,https://www.cyotek.com/cyotek-webcopy
2009-2024,https://www.cyotek.com/rss
tags,https://www.cyotek.com/open-source
tags,https://www.cyotek.com/blog/resolving-svn-error-could-not-open-the-requested-svn-filesystem
tags,https://www.cyotek.com/cyotek-nbt-editor
tags,https://www.cyotek.com/blog
tags,https://demo.cyotek.com/changelog.php
tags,https://www.cyotek.com/blog/tools-we-use-2023-edition
tags,https://www.cyotek.com/blog/rss
tags,https://www.cyotek.com/blog/tools-we-use-2024-edition
tags,https://demo.cyotek.com/html/index.php
tags,https://www.cyotek.com/rss
attributes,https://demo.cyotek.com/html/elements/object.php
attributes,https://demo.cyotek.com/html/attributes/custom.php
attributes,https://demo.cyotek.com/changelog.php
attributes,https://www.cyotek.com/blog/rss
attributes,https://demo.cyotek.com/html/elements/picture.php
attributes,https://demo.cyotek.com/html/elements/style.php
attributes,https://demo.cyotek.com/html/index.php
attributes,https://www.cyotek.com/rss
page,https://demo.cyotek.com/css/index.php
page,https://www.cyotek.com/sitemap
page,https://www.cyotek.com/downloads
page,https://www.cyotek.com/privacy-policy
page,https://demo.cyotek.com/statuscodes/index.php
page,https://www.cyotek.com/source-code
page,https://www.cyotek.com/blog
page,https://demo.cyotek.com/changelog.php
page,https://demo.cyotek.com/about.php
page,https://www.cyotek.com/blog/products/introducing-webview2-support-part-1
page,https://demo.cyotek.com/features/index.php
page,https://www.cyotek.com/blog/rss
page,https://demo.cyotek.com/html/elements/picture.php
page,https://www.cyotek.com/blog/products
page,https://demo.cyotek.com/html/index.php
page,https://www.cyotek.com/rss
indexes,https://demo.cyotek.com/css/index.php
indexes,https://demo.cyotek.com/statuscodes/index.php
indexes,https://www.cyotek.com/blog/rss
indexes,https://demo.cyotek.com/features/index.php
indexes,https://demo.cyotek.com/html/index.php
indexes,https://www.cyotek.com/rss
elements,https://demo.cyotek.com/html/elements/object.php
elements,https://demo.cyotek.com/html/attributes/custom.php
elements,https://demo.cyotek.com/changelog.php
elements,https://www.cyotek.com/blog/rss
elements,https://demo.cyotek.com/html/elements/picture.php
elements,https://www.cyotek.com/blog/products
elements,https://demo.cyotek.com/html/elements/style.php
elements,https://demo.cyotek.com/html/index.php
elements,https://www.cyotek.com/rss
which,https://demo.cyotek.com/css/index.php
which,https://www.cyotek.com/products
which,https://demo.cyotek.com/html/index.php
which,https://www.cyotek.com/open-source
which,https://www.cyotek.com/blog/resolving-svn-error-could-not-open-the-requested-svn-filesystem
which,https://www.cyotek.com/privacy-policy
which,https://www.cyotek.com/source-code
which,https://demo.cyotek.com/features/index.php
which,https://www.cyotek.com/blog/products/introducing-64bit-builds
which,https://www.cyotek.com/blog/products/crowdstrike-falcon-false-positives
which,https://www.cyotek.com/blog/products/introducing-webview2-support-part-1
which,https://www.cyotek.com/blog/tools-we-use-2024-edition
which,https://demo.cyotek.com/javascript/index.php
which,https://www.cyotek.com/terms-of-use
which,https://www.cyotek.com/cyotek-nbt-editor
which,https://www.cyotek.com/blog
which,https://www.cyotek.com/blog/tools-we-use-2023-edition
which,https://www.cyotek.com/blog/rss
which,https://www.cyotek.com/cyotek-webcopy
which,https://www.cyotek.com/rss
have,https://www.cyotek.com/cyotek-copytools
have,https://demo.cyotek.com/css/index.php
have,https://www.cyotek.com/cyotek-slicr
have,https://demo.cyotek.com/about.php
have,https://www.cyotek.com/products
have,https://www.cyotek.com/blog/products
have,https://demo.cyotek.com/html/index.php
have,https://www.cyotek.com/cyotek-spriter
have,https://www.cyotek.com/open-source
have,https://www.cyotek.com/blog/resolving-svn-error-could-not-open-the-requested-svn-filesystem
have,https://www.cyotek.com/downloads
have,https://www.cyotek.com/privacy-policy
have,https://demo.cyotek.com/statuscodes/index.php
have,https://www.cyotek.com/source-code
have,https://demo.cyotek.com/features/index.php
have,https://www.cyotek.com/blog/products/introducing-64bit-builds
have,https://www.cyotek.com/blog/products/crowdstrike-falcon-false-positives
have,https://www.cyotek.com/cyotek-sitemap-creator
have,https://www.cyotek.com/contact
have,https://www.cyotek.com/blog/products/introducing-webview2-support-part-1
have,https://www.cyotek.com/cyotek-palette-editor
have,https://www.cyotek.com/jewel-rush
have,https://www.cyotek.com/blog/tools-we-use-2024-edition
have,https://support.cyotek.com
have,https://www.cyotek.com/terms-of-use
have,https://www.cyotek.com/cyotek-nbt-editor
have,https://www.cyotek.com/blog
have,https://www.cyotek.com/cyotek-gif-animator
have,https://www.cyotek.com/donate
have,https://www.cyotek.com/blog/tools-we-use-2023-edition
have,https://www.cyotek.com/blog/rss
have,https://www.cyotek.com/about
have,https://www.cyotek.com/cyotek-webcopy
have,https://www.cyotek.com/rss
relevance,https://demo.cyotek.com/html/index.php
relevance,https://demo.cyotek.com/css/index.php
relevance,https://demo.cyotek.com/features/index.php
website.,https://www.cyotek.com/terms-of-use
website.,https://demo.cyotek.com/css/index.php
website.,https://www.cyotek.com/privacy-policy
website.,https://www.cyotek.com/blog/rss
website.,https://demo.cyotek.com/features/index.php
website.,https://demo.cyotek.com/html/index.php
website.,https://www.cyotek.com/cyotek-webcopy
website.,https://www.cyotek.com/rss
anchor,https://demo.cyotek.com/html/elements/object.php
anchor,https://demo.cyotek.com/html/attributes/custom.php
anchor,https://www.cyotek.com/blog/rss
anchor,https://demo.cyotek.com/html/elements/picture.php
anchor,https://demo.cyotek.com/html/elements/style.php
anchor,https://demo.cyotek.com/html/index.php
anchor,https://www.cyotek.com/rss
base,https://demo.cyotek.com/html/elements/object.php
base,https://www.cyotek.com/sitemap
base,https://demo.cyotek.com/html/attributes/custom.php
base,https://demo.cyotek.com/changelog.php
base,https://www.cyotek.com/blog/rss
base,https://demo.cyotek.com/html/elements/picture.php
base,https://demo.cyotek.com/html/elements/style.php
base,https://demo.cyotek.com/html/index.php
base,https://www.cyotek.com/rss
form,https://demo.cyotek.com/html/elements/object.php
form,https://www.cyotek.com/rss
form,https://www.cyotek.com/privacy-policy
form,https://www.cyotek.com/source-code
form,https://demo.cyotek.com/statuscodes/index.php
form,https://demo.cyotek.com/html/attributes/custom.php
form,https://demo.cyotek.com/about.php
form,https://www.cyotek.com/blog/rss
form,https://demo.cyotek.com/html/elements/picture.php
form,https://demo.cyotek.com/html/elements/style.php
form,https://demo.cyotek.com/html/index.php
form,https://www.cyotek.com/cyotek-webcopy
form,https://www.cyotek.com/copyright-and-trademarks
frameset,https://demo.cyotek.com/html/elements/object.php
frameset,https://demo.cyotek.com/html/attributes/custom.php
frameset,https://demo.cyotek.com/html/elements/picture.php
frameset,https://demo.cyotek.com/html/elements/style.php
frameset,https://demo.cyotek.com/html/index.php
inline,https://demo.cyotek.com/html/elements/object.php
inline,https://demo.cyotek.com/html/attributes/custom.php
inline,https://www.cyotek.com/blog/rss
inline,https://demo.cyotek.com/html/elements/picture.php
inline,https://demo.cyotek.com/html/elements/style.php
inline,https://demo.cyotek.com/html/index.php
inline,https://www.cyotek.com/rss
frame,https://demo.cyotek.com/html/elements/object.php
frame,https://demo.cyotek.com/html/attributes/custom.php
frame,https://www.cyotek.com/blog/rss
frame,https://demo.cyotek.com/html/elements/picture.php
frame,https://demo.cyotek.com/html/elements/style.php
frame,https://demo.cyotek.com/html/index.php
frame,https://www.cyotek.com/rss
link,https://www.cyotek.com/terms-of-use
link,https://demo.cyotek.com/html/elements/object.php
link,https://www.cyotek.com/privacy-policy
link,https://demo.cyotek.com/html/attributes/custom.php
link,https://demo.cyotek.com/changelog.php
link,https://www.cyotek.com/blog/rss
link,https://demo.cyotek.com/html/elements/picture.php
link,https://demo.cyotek.com/html/elements/style.php
link,https://demo.cyotek.com/html/index.php
link,https://www.cyotek.com/rss
meta,https://demo.cyotek.com/html/elements/object.php
meta,https://www.cyotek.com/cyotek-slicr
meta,https://demo.cyotek.com/html/attributes/custom.php
meta,https://demo.cyotek.com/changelog.php
meta,https://www.cyotek.com/blog/rss
meta,https://demo.cyotek.com/features/index.php
meta,https://www.cyotek.com/products
meta,https://demo.cyotek.com/html/elements/picture.php
meta,https://demo.cyotek.com/html/elements/style.php
meta,https://demo.cyotek.com/html/index.php
meta,https://www.cyotek.com/rss
object,https://demo.cyotek.com/html/elements/object.php
object,https://demo.cyotek.com/html/attributes/custom.php
object,https://www.cyotek.com/blog/rss
object,https://demo.cyotek.com/html/elements/picture.php
object,https://demo.cyotek.com/html/elements/style.php
object,https://demo.cyotek.com/html/index.php
object,https://www.cyotek.com/rss
picture,https://demo.cyotek.com/html/elements/object.php
picture,https://demo.cyotek.com/html/attributes/custom.php
picture,https://demo.cyotek.com/changelog.php
picture,https://www.cyotek.com/blog/rss
picture,https://demo.cyotek.com/html/elements/picture.php
picture,https://demo.cyotek.com/html/elements/style.php
picture,https://demo.cyotek.com/html/index.php
picture,https://www.cyotek.com/rss
style,https://demo.cyotek.com/html/elements/object.php
style,https://www.cyotek.com/source-code
style,https://demo.cyotek.com/html/attributes/custom.php
style,https://demo.cyotek.com/changelog.php
style,https://www.cyotek.com/blog/rss
style,https://demo.cyotek.com/html/elements/picture.php
style,https://demo.cyotek.com/html/elements/style.php
style,https://demo.cyotek.com/html/index.php
style,https://www.cyotek.com/rss
custom,https://demo.cyotek.com/html/elements/object.php
custom,https://www.cyotek.com/open-source
custom,https://www.cyotek.com/source-code
custom,https://demo.cyotek.com/html/attributes/custom.php
custom,https://www.cyotek.com/blog
custom,https://demo.cyotek.com/changelog.php
custom,https://www.cyotek.com/blog/rss
custom,https://demo.cyotek.com/html/elements/picture.php
custom,https://demo.cyotek.com/html/elements/style.php
custom,https://demo.cyotek.com/html/index.php
custom,https://www.cyotek.com/rss
srcset,https://demo.cyotek.com/html/elements/object.php
srcset,https://demo.cyotek.com/html/attributes/custom.php
srcset,https://demo.cyotek.com/changelog.php
srcset,https://demo.cyotek.com/about.php
srcset,https://demo.cyotek.com/html/elements/picture.php
srcset,https://demo.cyotek.com/html/elements/style.php
srcset,https://demo.cyotek.com/html/index.php
srcset,https://www.cyotek.com/rss
@import,https://demo.cyotek.com/changelog.php
@import,https://demo.cyotek.com/html/elements/style.php
@import,https://demo.cyotek.com/css/index.php
data,https://www.cyotek.com/terms-of-use
data,https://demo.cyotek.com/css/index.php
data,https://www.cyotek.com/open-source
data,https://www.cyotek.com/cyotek-nbt-editor
data,https://www.cyotek.com/privacy-policy
data,https://demo.cyotek.com/changelog.php
data,https://www.cyotek.com/blog/products/introducing-webview2-support-part-1
data,https://demo.cyotek.com/features/index.php
data,https://www.cyotek.com/blog/tools-we-use-2023-edition
data,https://www.cyotek.com/blog/rss
data,https://www.cyotek.com/blog/tools-we-use-2024-edition
data,https://www.cyotek.com/cyotek-webcopy
data,https://www.cyotek.com/rss
uris,https://demo.cyotek.com/css/index.php
url(),https://demo.cyotek.com/css/index.php
was,https://www.cyotek.com/blog/resolving-svn-error-could-not-open-the-requested-svn-filesystem
was,https://www.cyotek.com/cyotek-nbt-editor
was,https://demo.cyotek.com/changelog.php
was,https://demo.cyotek.com/about.php
was,https://www.cyotek.com/blog/products/introducing-webview2-support-part-1
was,https://www.cyotek.com/blog/tools-we-use-2023-edition
was,https://www.cyotek.com/products
was,https://www.cyotek.com/blog/products/introducing-64bit-builds
was,https://www.cyotek.com/blog/rss
was,https://www.cyotek.com/blog/tools-we-use-2024-edition
was,https://www.cyotek.com/rss
replace,https://www.cyotek.com/blog/resolving-svn-error-could-not-open-the-requested-svn-filesystem
replace,https://www.cyotek.com/cyotek-nbt-editor
replace,https://demo.cyotek.com/about.php
replace,https://www.cyotek.com/blog/rss
replace,https://www.cyotek.com/blog/tools-we-use-2023-edition
replace,https://www.cyotek.com/blog/tools-we-use-2024-edition
replace,https://www.cyotek.com/rss
original,https://www.cyotek.com/cyotek-spriter
original,https://www.cyotek.com/blog/resolving-svn-error-could-not-open-the-requested-svn-filesystem
original,https://demo.cyotek.com/about.php
original,https://www.cyotek.com/blog/rss
original,https://www.cyotek.com/products
original,https://www.cyotek.com/rss
static,https://demo.cyotek.com/about.php
static,https://www.cyotek.com/blog/rss
static,https://www.cyotek.com/blog/tools-we-use-2023-edition
static,https://www.cyotek.com/products
static,https://www.cyotek.com/blog/tools-we-use-2024-edition
static,https://www.cyotek.com/cyotek-webcopy
static,https://www.cyotek.com/rss
used,https://www.cyotek.com/cyotek-copytools
used,https://www.cyotek.com/cyotek-slicr
used,https://demo.cyotek.com/about.php
used,https://www.cyotek.com/products
used,https://www.cyotek.com/blog/products
used,https://www.cyotek.com/cyotek-spriter
used,https://www.cyotek.com/open-source
used,https://www.cyotek.com/blog/resolving-svn-error-could-not-open-the-requested-svn-filesystem
used,https://www.cyotek.com/downloads
used,https://www.cyotek.com/privacy-policy
used,https://www.cyotek.com/source-code
used,https://www.cyotek.com/blog/products/introducing-64bit-builds
used,https://www.cyotek.com/blog/products/crowdstrike-falcon-false-positives
used,https://demo.cyotek.com/html/elements/object.php
used,https://www.cyotek.com/cyotek-sitemap-creator
used,https://demo.cyotek.com/html/attributes/custom.php
used,https://demo.cyotek.com/changelog.php
used,https://www.cyotek.com/blog/products/introducing-webview2-support-part-1
used,https://www.cyotek.com/cyotek-palette-editor
used,https://www.cyotek.com/jewel-rush
used,https://demo.cyotek.com/html/elements/picture.php
used,https://www.cyotek.com/blog/tools-we-use-2024-edition
used,https://demo.cyotek.com/html/elements/style.php
used,https://www.cyotek.com/cyotek-nbt-editor
used,https://www.cyotek.com/blog
used,https://www.cyotek.com/cyotek-gif-animator
used,https://www.cyotek.com/blog/tools-we-use-2023-edition
used,https://www.cyotek.com/blog/rss
used,https://www.cyotek.com/cyotek-webcopy
used,https://www.cyotek.com/rss
testing,https://www.cyotek.com/open-source
testing,https://www.cyotek.com/blog/resolving-svn-error-could-not-open-the-requested-svn-filesystem
testing,https://demo.cyotek.com/changelog.php
testing,https://demo.cyotek.com/about.php
testing,https://www.cyotek.com/blog/rss
testing,https://www.cyotek.com/blog/tools-we-use-2023-edition
testing,https://www.cyotek.com/blog/tools-we-use-2024-edition
testing,https://www.cyotek.com/rss
"features,",https://demo.cyotek.com/about.php
"features,",https://www.cyotek.com/rss
expanded,https://demo.cyotek.com/about.php
expanded,https://www.cyotek.com/blog/rss
expanded,https://www.cyotek.com/rss
cover,https://demo.cyotek.com/about.php
cover,https://www.cyotek.com/blog/rss
cover,https://www.cyotek.com/rss
additional,https://www.cyotek.com/source-code
additional,https://demo.cyotek.com/changelog.php
additional,https://demo.cyotek.com/about.php
additional,https://www.cyotek.com/blog/rss
additional,https://www.cyotek.com/blog/products
additional,https://www.cyotek.com/rss
scenarios,https://demo.cyotek.com/about.php
scenarios,https://www.cyotek.com/blog/rss
scenarios,https://www.cyotek.com/blog/tools-we-use-2023-edition
scenarios,https://www.cyotek.com/blog/tools-we-use-2024-edition
scenarios,https://www.cyotek.com/rss
didn't,https://www.cyotek.com/blog/resolving-svn-error-could-not-open-the-requested-svn-filesystem
didn't,https://demo.cyotek.com/changelog.php
didn't,https://demo.cyotek.com/about.php
didn't,https://www.cyotek.com/blog/rss
didn't,https://www.cyotek.com/blog/tools-we-use-2023-edition
didn't,https://www.cyotek.com/blog/tools-we-use-2024-edition
didn't,https://www.cyotek.com/rss
handle,https://demo.cyotek.com/about.php
handle,https://www.cyotek.com/blog/rss
handle,https://www.cyotek.com/rss
ensure,https://www.cyotek.com/terms-of-use
ensure,https://www.cyotek.com/privacy-policy
ensure,https://demo.cyotek.com/about.php
ensure,https://www.cyotek.com/blog/rss
ensure,https://www.cyotek.com/rss
lean,https://demo.cyotek.com/about.php
lean,https://www.cyotek.com/blog/rss
lean,https://www.cyotek.com/rss
doesn't,https://www.cyotek.com/blog/products/crowdstrike-falcon-false-positives
doesn't,https://www.cyotek.com/blog/resolving-svn-error-could-not-open-the-requested-svn-filesystem
doesn't,https://demo.cyotek.com/about.php
doesn't,https://www.cyotek.com/blog/tools-we-use-2023-edition
doesn't,https://www.cyotek.com/blog/rss
doesn't,https://www.cyotek.com/blog/products/introducing-webview2-support-part-1
doesn't,https://www.cyotek.com/blog/tools-we-use-2024-edition
doesn't,https://www.cyotek.com/rss
slow,https://www.cyotek.com/cyotek-nbt-editor
slow,https://demo.cyotek.com/about.php
slow,https://www.cyotek.com/blog/rss
slow,https://www.cyotek.com/rss
down,https://www.cyotek.com/blog/resolving-svn-error-could-not-open-the-requested-svn-filesystem
down,https://demo.cyotek.com/about.php
down,https://www.cyotek.com/blog/rss
down,https://www.cyotek.com/blog/tools-we-use-2024-edition
down,https://www.cyotek.com/rss
integration,https://www.cyotek.com/source-code
integration,https://demo.cyotek.com/statuscodes/index.php
integration,https://demo.cyotek.com/about.php
integration,https://www.cyotek.com/blog/rss
integration,https://www.cyotek.com/blog/tools-we-use-2023-edition
integration,https://www.cyotek.com/blog/tools-we-use-2024-edition
integration,https://www.cyotek.com/rss
unnecessarily.,https://demo.cyotek.com/about.php
"course,",https://www.cyotek.com/blog/products/crowdstrike-falcon-false-positives
"course,",https://www.cyotek.com/blog/resolving-svn-error-could-not-open-the-requested-svn-filesystem
"course,",https://demo.cyotek.com/about.php
"course,",https://www.cyotek.com/blog/tools-we-use-2023-edition
"course,",https://www.cyotek.com/blog/rss
"course,",https://www.cyotek.com/blog/products/introducing-webview2-support-part-1
"course,",https://www.cyotek.com/jewel-rush
"course,",https://www.cyotek.com/blog/tools-we-use-2024-edition
"course,",https://www.cyotek.com/rss
writing,https://www.cyotek.com/open-source
writing,https://www.cyotek.com/blog/resolving-svn-error-could-not-open-the-requested-svn-filesystem
writing,https://www.cyotek.com/privacy-policy
writing,https://www.cyotek.com/source-code
writing,https://demo.cyotek.com/about.php
writing,https://www.cyotek.com/blog/tools-we-use-2023-edition
writing,https://www.cyotek.com/donate
writing,https://www.cyotek.com/blog/rss
writing,https://www.cyotek.com/blog/tools-we-use-2024-edition
writing,https://www.cyotek.com/rss
better,https://www.cyotek.com/privacy-policy
better,https://demo.cyotek.com/about.php
better,https://www.cyotek.com/blog/rss
better,https://www.cyotek.com/blog/tools-we-use-2023-edition
better,https://www.cyotek.com/blog/tools-we-use-2024-edition
better,https://www.cyotek.com/rss
tests,https://demo.cyotek.com/statuscodes/index.php
tests,https://demo.cyotek.com/changelog.php
tests,https://demo.cyotek.com/about.php
tests,https://www.cyotek.com/blog/rss
tests,https://www.cyotek.com/rss
just,https://www.cyotek.com/blog/products/crowdstrike-falcon-false-positives
just,https://www.cyotek.com/blog/resolving-svn-error-could-not-open-the-requested-svn-filesystem
just,https://demo.cyotek.com/about.php
just,https://www.cyotek.com/blog/rss
just,https://www.cyotek.com/blog/tools-we-use-2023-edition
just,https://www.cyotek.com/blog/tools-we-use-2024-edition
just,https://www.cyotek.com/rss
important!,https://demo.cyotek.com/about.php
but,https://www.cyotek.com/cyotek-copytools
but,https://www.cyotek.com/cyotek-slicr
but,https://demo.cyotek.com/about.php
but,https://www.cyotek.com/blog/products
but,https://www.cyotek.com/cyotek-spriter
but,https://www.cyotek.com/open-source
but,https://www.cyotek.com/blog/resolving-svn-error-could-not-open-the-requested-svn-filesystem
but,https://www.cyotek.com/downloads
but,https://www.cyotek.com/privacy-policy
but,https://www.cyotek.com/source-code
but,https://www.cyotek.com/blog/products/introducing-64bit-builds
but,https://www.cyotek.com/copyright-and-trademarks
but,https://www.cyotek.com/blog/products/crowdstrike-falcon-false-positives
but,https://www.cyotek.com/cyotek-sitemap-creator
but,https://demo.cyotek.com/html/attributes/custom.php
but,https://demo.cyotek.com/changelog.php
but,https://www.cyotek.com/blog/products/introducing-webview2-support-part-1
but,https://www.cyotek.com/cyotek-palette-editor
but,https://www.cyotek.com/jewel-rush
but,https://www.cyotek.com/blog/tools-we-use-2024-edition
but,https://www.cyotek.com/terms-of-use
but,https://www.cyotek.com/cyotek-nbt-editor
but,https://www.cyotek.com/blog
but,https://www.cyotek.com/cyotek-gif-animator
but,https://www.cyotek.com/donate
but,https://www.cyotek.com/blog/tools-we-use-2023-edition
but,https://www.cyotek.com/blog/rss
but,https://www.cyotek.com/cyotek-webcopy
but,https://www.cyotek.com/rss
every,https://www.cyotek.com/terms-of-use
every,https://www.cyotek.com/rss
every,https://demo.cyotek.com/about.php
every,https://www.cyotek.com/blog/rss
every,https://www.cyotek.com/blog/products/crowdstrike-falcon-false-positives
little,https://demo.cyotek.com/about.php
little,https://www.cyotek.com/blog/rss
little,https://www.cyotek.com/blog/tools-we-use-2023-edition
little,https://www.cyotek.com/blog/tools-we-use-2024-edition
little,https://www.cyotek.com/rss
"helps,",https://demo.cyotek.com/about.php
over,https://www.cyotek.com/terms-of-use
over,https://www.cyotek.com/cyotek-nbt-editor
over,https://www.cyotek.com/privacy-policy
over,https://www.cyotek.com/blog
over,https://demo.cyotek.com/about.php
over,https://www.cyotek.com/blog/tools-we-use-2023-edition
over,https://www.cyotek.com/blog/rss
over,https://www.cyotek.com/blog/products
over,https://www.cyotek.com/blog/tools-we-use-2024-edition
over,https://www.cyotek.com/rss
time,https://www.cyotek.com/terms-of-use
time,https://www.cyotek.com/blog/products/crowdstrike-falcon-false-positives
time,https://www.cyotek.com/open-source
time,https://www.cyotek.com/blog/resolving-svn-error-could-not-open-the-requested-svn-filesystem
time,https://www.cyotek.com/privacy-policy
time,https://www.cyotek.com/source-code
time,https://demo.cyotek.com/about.php
time,https://www.cyotek.com/blog/products/introducing-webview2-support-part-1
time,https://www.cyotek.com/donate
time,https://www.cyotek.com/products
time,https://www.cyotek.com/jewel-rush
time,https://www.cyotek.com/blog/tools-we-use-2023-edition
time,https://www.cyotek.com/blog/rss
time,https://www.cyotek.com/blog/tools-we-use-2024-edition
time,https://www.cyotek.com/rss
has,https://www.cyotek.com/blog/products/crowdstrike-falcon-false-positives
has,https://www.cyotek.com/blog/resolving-svn-error-could-not-open-the-requested-svn-filesystem
has,https://www.cyotek.com/blog
has,https://demo.cyotek.com/changelog.php
has,https://demo.cyotek.com/about.php
has,https://www.cyotek.com/blog/products/introducing-webview2-support-part-1
has,https://www.cyotek.com/blog/products/introducing-64bit-builds
has,https://www.cyotek.com/products
has,https://www.cyotek.com/jewel-rush
has,https://www.cyotek.com/blog/tools-we-use-2023-edition
has,https://www.cyotek.com/blog/rss
has,https://www.cyotek.com/blog/products
has,https://www.cyotek.com/blog/tools-we-use-2024-edition
has,https://www.cyotek.com/rss
been,https://www.cyotek.com/blog/products/crowdstrike-falcon-false-positives
been,https://www.cyotek.com/blog/resolving-svn-error-could-not-open-the-requested-svn-filesystem
been,https://demo.cyotek.com/about.php
been,https://www.cyotek.com/blog/tools-we-use-2023-edition
been,https://www.cyotek.com/blog/products/introducing-webview2-support-part-1
been,https://www.cyotek.com/blog/rss
been,https://www.cyotek.com/about
been,https://www.cyotek.com/blog/tools-we-use-2024-edition
been,https://www.cyotek.com/cyotek-webcopy
been,https://support.cyotek.com
been,https://www.cyotek.com/rss
find,https://www.cyotek.com/blog/products/crowdstrike-falcon-false-positives
find,https://www.cyotek.com/blog/resolving-svn-error-could-not-open-the-requested-svn-filesystem
find,https://www.cyotek.com/cyotek-nbt-editor
find,https://www.cyotek.com/privacy-policy
find,https://www.cyotek.com/blog
find,https://www.cyotek.com/cyotek-gif-animator
find,https://demo.cyotek.com/about.php
find,https://www.cyotek.com/blog/products/introducing-webview2-support-part-1
find,https://www.cyotek.com/cyotek-palette-editor
find,https://www.cyotek.com/blog/tools-we-use-2023-edition
find,https://www.cyotek.com/blog/products/introducing-64bit-builds
find,https://www.cyotek.com/blog/rss
find,https://www.cyotek.com/blog/products
find,https://www.cyotek.com/blog/tools-we-use-2024-edition
find,https://www.cyotek.com/rss
bugs,https://www.cyotek.com/blog/resolving-svn-error-could-not-open-the-requested-svn-filesystem
bugs,https://www.cyotek.com/cyotek-gif-animator
bugs,https://demo.cyotek.com/about.php
bugs,https://www.cyotek.com/blog/rss
bugs,https://www.cyotek.com/blog/tools-we-use-2023-edition
bugs,https://www.cyotek.com/cyotek-palette-editor
bugs,https://www.cyotek.com/blog/tools-we-use-2024-edition
bugs,https://www.cyotek.com/rss
webcopy's,https://www.cyotek.com/blog/rss
webcopy's,https://demo.cyotek.com/about.php
webcopy's,https://www.cyotek.com/blog/products/introducing-webview2-support-part-1
webcopy's,https://www.cyotek.com/rss
crawl,https://demo.cyotek.com/about.php
crawl,https://www.cyotek.com/blog/products/introducing-webview2-support-part-1
crawl,https://www.cyotek.com/rss
crawl,https://demo.cyotek.com/statuscodes/index.php
engine,https://demo.cyotek.com/about.php
engine,https://www.cyotek.com/blog/tools-we-use-2023-edition
engine,https://www.cyotek.com/blog/rss
engine,https://www.cyotek.com/blog/products/introducing-webview2-support-part-1
engine,https://www.cyotek.com/blog/tools-we-use-2024-edition
engine,https://www.cyotek.com/rss
help,https://www.cyotek.com/cyotek-copytools
help,https://www.cyotek.com/cyotek-slicr
help,https://demo.cyotek.com/about.php
help,https://www.cyotek.com/products
help,https://www.cyotek.com/blog/products
help,https://www.cyotek.com/cyotek-spriter
help,https://www.cyotek.com/open-source
help,https://www.cyotek.com/blog/resolving-svn-error-could-not-open-the-requested-svn-filesystem
help,https://www.cyotek.com/downloads
help,https://www.cyotek.com/privacy-policy
help,https://www.cyotek.com/source-code
help,https://www.cyotek.com/blog/products/introducing-64bit-builds
help,https://www.cyotek.com/blog/products/crowdstrike-falcon-false-positives
help,https://www.cyotek.com/cyotek-sitemap-creator
help,https://www.cyotek.com/contact
help,https://demo.cyotek.com/changelog.php
help,https://www.cyotek.com/blog/products/introducing-webview2-support-part-1
help,https://www.cyotek.com/cyotek-palette-editor
help,https://www.cyotek.com/jewel-rush
help,https://www.cyotek.com/blog/tools-we-use-2024-edition
help,https://support.cyotek.com
help,https://www.cyotek.com/cyotek-nbt-editor
help,https://www.cyotek.com/blog
help,https://www.cyotek.com/cyotek-gif-animator
help,https://www.cyotek.com/donate
help,https://www.cyotek.com/blog/tools-we-use-2023-edition
help,https://www.cyotek.com/blog/rss
help,https://www.cyotek.com/cyotek-webcopy
help,https://www.cyotek.com/rss
regressions,https://demo.cyotek.com/about.php
regressions,https://www.cyotek.com/rss
don't,https://www.cyotek.com/blog/products/crowdstrike-falcon-false-positives
don't,https://demo.cyotek.com/about.php
don't,https://www.cyotek.com/blog/rss
don't,https://www.cyotek.com/blog/tools-we-use-2023-edition
don't,https://www.cyotek.com/blog/tools-we-use-2024-edition
don't,https://www.cyotek.com/rss
make,https://demo.cyotek.com/javascript/index.php
make,https://www.cyotek.com/terms-of-use
make,https://www.cyotek.com/sitemap
make,https://www.cyotek.com/privacy-policy
make,https://demo.cyotek.com/html/attributes/custom.php
make,https://www.cyotek.com/cyotek-gif-animator
make,https://demo.cyotek.com/about.php
make,https://www.cyotek.com/blog/products/introducing-webview2-support-part-1
make,https://www.cyotek.com/donate
make,https://www.cyotek.com/products
make,https://www.cyotek.com/blog/rss
make,https://www.cyotek.com/blog/tools-we-use-2024-edition
make,https://www.cyotek.com/cyotek-webcopy
make,https://www.cyotek.com/rss
back,https://www.cyotek.com/blog/products/crowdstrike-falcon-false-positives
back,https://www.cyotek.com/blog/resolving-svn-error-could-not-open-the-requested-svn-filesystem
back,https://demo.cyotek.com/changelog.php
back,https://demo.cyotek.com/about.php
back,https://www.cyotek.com/blog/rss
back,https://www.cyotek.com/blog/tools-we-use-2023-edition
back,https://demo.cyotek.com/html/elements/picture.php
back,https://www.cyotek.com/blog/tools-we-use-2024-edition
back,https://www.cyotek.com/rss
in.,https://demo.cyotek.com/about.php
in.,https://www.cyotek.com/blog/rss
in.,https://www.cyotek.com/rss
shop,https://demo.cyotek.com/about.php
usually,https://www.cyotek.com/rss
usually,https://www.cyotek.com/privacy-policy
usually,https://demo.cyotek.com/about.php
usually,https://www.cyotek.com/blog/rss
usually,https://www.cyotek.com/blog/products/crowdstrike-falcon-false-positives
are,https://www.cyotek.com/cyotek-copytools
are,https://www.cyotek.com/cyotek-slicr
are,https://demo.cyotek.com/about.php
are,https://www.cyotek.com/blog/products
are,https://www.cyotek.com/cyotek-spriter
are,https://www.cyotek.com/open-source
are,https://www.cyotek.com/blog/resolving-svn-error-could-not-open-the-requested-svn-filesystem
are,https://www.cyotek.com/downloads
are,https://www.cyotek.com/privacy-policy
are,https://www.cyotek.com/source-code
are,https://demo.cyotek.com/statuscodes/index.php
are,https://www.cyotek.com/blog/products/introducing-64bit-builds
are,https://www.cyotek.com/blog/products/crowdstrike-falcon-false-positives
are,https://www.cyotek.com/cyotek-sitemap-creator
are,https://demo.cyotek.com/html/attributes/custom.php
are,https://www.cyotek.com/blog/products/introducing-webview2-support-part-1
are,https://www.cyotek.com/cyotek-palette-editor
are,https://www.cyotek.com/jewel-rush
are,https://www.cyotek.com/blog/tools-we-use-2024-edition
are,https://support.cyotek.com
are,https://www.cyotek.com/terms-of-use
are,https://www.cyotek.com/cyotek-nbt-editor
are,https://www.cyotek.com/blog
are,https://www.cyotek.com/cyotek-gif-animator
are,https://www.cyotek.com/blog/tools-we-use-2023-edition
are,https://www.cyotek.com/blog/rss
are,https://www.cyotek.com/about
are,https://www.cyotek.com/cyotek-webcopy
are,https://www.cyotek.com/rss
written,https://www.cyotek.com/open-source
written,https://www.cyotek.com/rss
written,https://www.cyotek.com/source-code
written,https://demo.cyotek.com/changelog.php
written,https://demo.cyotek.com/about.php
written,https://www.cyotek.com/blog/tools-we-use-2023-edition
written,https://www.cyotek.com/blog/rss
written,https://www.cyotek.com/copyright-and-trademarks
studio.,https://demo.cyotek.com/about.php
studio.,https://www.cyotek.com/blog/rss
studio.,https://www.cyotek.com/rss
however,https://demo.cyotek.com/about.php
however,https://www.cyotek.com/blog/rss
however,https://support.cyotek.com
however,https://www.cyotek.com/rss
decided,https://www.cyotek.com/blog/products/crowdstrike-falcon-false-positives
decided,https://www.cyotek.com/blog/resolving-svn-error-could-not-open-the-requested-svn-filesystem
decided,https://demo.cyotek.com/about.php
decided,https://www.cyotek.com/blog/rss
decided,https://www.cyotek.com/blog/tools-we-use-2023-edition
decided,https://www.cyotek.com/blog/tools-we-use-2024-edition
decided,https://www.cyotek.com/rss
keep,https://www.cyotek.com/terms-of-use
keep,https://www.cyotek.com/blog/products/crowdstrike-falcon-false-positives
keep,https://www.cyotek.com/open-source
keep,https://demo.cyotek.com/about.php
keep,https://www.cyotek.com/blog/rss
keep,https://www.cyotek.com/blog/tools-we-use-2023-edition
keep,https://www.cyotek.com/donate
keep,https://www.cyotek.com/blog/tools-we-use-2024-edition
keep,https://www.cyotek.com/rss
simple,https://www.cyotek.com/open-source
simple,https://www.cyotek.com/blog/resolving-svn-error-could-not-open-the-requested-svn-filesystem
simple,https://www.cyotek.com/cyotek-nbt-editor
simple,https://www.cyotek.com/downloads
simple,https://www.cyotek.com/source-code
simple,https://www.cyotek.com/blog
simple,https://demo.cyotek.com/about.php
simple,https://www.cyotek.com/blog/tools-we-use-2023-edition
simple,https://www.cyotek.com/blog/rss
simple,https://www.cyotek.com/blog/tools-we-use-2024-edition
simple,https://www.cyotek.com/rss
"php,",https://demo.cyotek.com/about.php
originally,https://www.cyotek.com/blog/products/crowdstrike-falcon-false-positives
originally,https://www.cyotek.com/blog/resolving-svn-error-could-not-open-the-requested-svn-filesystem
originally,https://www.cyotek.com/cyotek-nbt-editor
originally,https://demo.cyotek.com/about.php
originally,https://www.cyotek.com/blog/rss
originally,https://www.cyotek.com/rss
webmatrix,https://demo.cyotek.com/about.php
currently,https://www.cyotek.com/cyotek-nbt-editor
currently,https://www.cyotek.com/source-code
currently,https://demo.cyotek.com/about.php
currently,https://www.cyotek.com/blog/products/introducing-webview2-support-part-1
currently,https://www.cyotek.com/blog/rss
currently,https://www.cyotek.com/blog/products/introducing-64bit-builds
currently,https://www.cyotek.com/blog/tools-we-use-2024-edition
currently,https://support.cyotek.com
currently,https://www.cyotek.com/rss
studio,https://www.cyotek.com/cyotek-copytools
studio,https://www.cyotek.com/cyotek-slicr
studio,https://demo.cyotek.com/about.php
studio,https://www.cyotek.com/products
studio,https://www.cyotek.com/blog/products
studio,https://www.cyotek.com/cyotek-spriter
studio,https://www.cyotek.com/open-source
studio,https://www.cyotek.com/blog/resolving-svn-error-could-not-open-the-requested-svn-filesystem
studio,https://www.cyotek.com/downloads
studio,https://www.cyotek.com/privacy-policy
studio,https://www.cyotek.com/source-code
studio,https://www.cyotek.com/blog/products/introducing-64bit-builds
studio,https://www.cyotek.com/copyright-and-trademarks
studio,https://www.cyotek.com/blog/products/crowdstrike-falcon-false-positives
studio,https://www.cyotek.com/cyotek-sitemap-creator
studio,https://www.cyotek.com/sitemap
studio,https://www.cyotek.com/contact
studio,https://www.cyotek.com/blog/products/introducing-webview2-support-part-1
studio,https://www.cyotek.com/cyotek-palette-editor
studio,https://www.cyotek.com/jewel-rush
studio,https://www.cyotek.com/blog/tools-we-use-2024-edition
studio,https://www.cyotek.com/search
studio,https://www.cyotek.com/terms-of-use
studio,https://www.cyotek.com/cyotek-nbt-editor
studio,https://www.cyotek.com/blog
studio,https://www.cyotek.com/cyotek-gif-animator
studio,https://www.cyotek.com/donate
studio,https://www.cyotek.com/blog/tools-we-use-2023-edition
studio,https://www.cyotek.com/blog/rss
studio,https://www.cyotek.com/about
studio,https://www.cyotek.com/cyotek-webcopy
studio,https://www.cyotek.com/rss
code.,https://www.cyotek.com/blog/resolving-svn-error-could-not-open-the-requested-svn-filesystem
code.,https://www.cyotek.com/source-code
code.,https://demo.cyotek.com/about.php
code.,https://www.cyotek.com/blog/rss
code.,https://www.cyotek.com/blog/tools-we-use-2023-edition
code.,https://www.cyotek.com/blog/tools-we-use-2024-edition
code.,https://www.cyotek.com/rss
aren't,https://demo.cyotek.com/about.php
aren't,https://www.cyotek.com/blog/rss
aren't,https://www.cyotek.com/rss
php,https://www.cyotek.com/open-source
php,https://demo.cyotek.com/changelog.php
php,https://demo.cyotek.com/about.php
php,https://www.cyotek.com/blog/rss
php,https://www.cyotek.com/blog/tools-we-use-2023-edition
php,https://www.cyotek.com/blog/tools-we-use-2024-edition
php,https://www.cyotek.com/rss
coders,https://demo.cyotek.com/about.php
much,https://www.cyotek.com/cyotek-sitemap-creator
much,https://www.cyotek.com/open-source
much,https://www.cyotek.com/blog/resolving-svn-error-could-not-open-the-requested-svn-filesystem
much,https://demo.cyotek.com/about.php
much,https://www.cyotek.com/donate
much,https://www.cyotek.com/blog/tools-we-use-2023-edition
much,https://www.cyotek.com/products
much,https://www.cyotek.com/blog/rss
much,https://www.cyotek.com/blog/tools-we-use-2024-edition
much,https://www.cyotek.com/rss
clue,https://demo.cyotek.com/about.php
clue,https://www.cyotek.com/blog/rss
clue,https://www.cyotek.com/blog/tools-we-use-2023-edition
clue,https://www.cyotek.com/blog/tools-we-use-2024-edition
clue,https://www.cyotek.com/rss
best,https://demo.cyotek.com/changelog.php
best,https://demo.cyotek.com/about.php
best,https://www.cyotek.com/blog/tools-we-use-2023-edition
best,https://www.cyotek.com/blog/rss
best,https://www.cyotek.com/jewel-rush
best,https://www.cyotek.com/blog/tools-we-use-2024-edition
best,https://www.cyotek.com/cyotek-webcopy
best,https://www.cyotek.com/rss
practices,https://demo.cyotek.com/about.php
practices,https://www.cyotek.com/blog/rss
practices,https://www.cyotek.com/rss
even,https://demo.cyotek.com/about.php
even,https://www.cyotek.com/blog/tools-we-use-2023-edition
even,https://www.cyotek.com/blog/rss
even,https://www.cyotek.com/blog/products/introducing-webview2-support-part-1
even,https://www.cyotek.com/donate
even,https://www.cyotek.com/blog/tools-we-use-2024-edition
even,https://www.cyotek.com/rss
most,https://www.cyotek.com/blog/resolving-svn-error-could-not-open-the-requested-svn-filesystem
most,https://www.cyotek.com/privacy-policy
most,https://demo.cyotek.com/html/attributes/custom.php
most,https://demo.cyotek.com/about.php
most,https://www.cyotek.com/blog/rss
most,https://www.cyotek.com/blog/tools-we-use-2023-edition
most,https://www.cyotek.com/about
most,https://demo.cyotek.com/html/elements/picture.php
most,https://www.cyotek.com/blog/tools-we-use-2024-edition
most,https://www.cyotek.com/rss
language,https://www.cyotek.com/terms-of-use
language,https://www.cyotek.com/rss
language,https://demo.cyotek.com/about.php
language,https://www.cyotek.com/blog/rss
language,https://www.cyotek.com/blog/products/crowdstrike-falcon-false-positives
quality,https://www.cyotek.com/blog/tools-we-use-2024-edition
quality,https://demo.cyotek.com/about.php
quality,https://www.cyotek.com/blog/rss
quality,https://www.cyotek.com/rss
probably,https://demo.cyotek.com/about.php
probably,https://www.cyotek.com/blog/tools-we-use-2023-edition
probably,https://www.cyotek.com/blog/rss
probably,https://www.cyotek.com/blog/products/introducing-webview2-support-part-1
probably,https://www.cyotek.com/blog/tools-we-use-2024-edition
probably,https://www.cyotek.com/rss
less,https://demo.cyotek.com/about.php
less,https://www.cyotek.com/blog/rss
less,https://www.cyotek.com/blog/tools-we-use-2023-edition
less,https://www.cyotek.com/blog/tools-we-use-2024-edition
less,https://www.cyotek.com/rss
than,https://www.cyotek.com/terms-of-use
than,https://www.cyotek.com/rss
than,https://www.cyotek.com/privacy-policy
than,https://demo.cyotek.com/changelog.php
than,https://demo.cyotek.com/about.php
than,https://www.cyotek.com/blog/rss
than,https://www.cyotek.com/blog/tools-we-use-2023-edition
than,https://demo.cyotek.com/html/elements/picture.php
than,https://www.cyotek.com/blog/tools-we-use-2024-edition
than,https://www.cyotek.com/copyright-and-trademarks
stellar.,https://demo.cyotek.com/about.php
although,https://www.cyotek.com/blog/products/crowdstrike-falcon-false-positives
although,https://www.cyotek.com/blog/resolving-svn-error-could-not-open-the-requested-svn-filesystem
although,https://demo.cyotek.com/html/attributes/custom.php
although,https://www.cyotek.com/blog
although,https://demo.cyotek.com/about.php
although,https://www.cyotek.com/blog/products/introducing-webview2-support-part-1
although,https://www.cyotek.com/cyotek-palette-editor
although,https://www.cyotek.com/products
although,https://www.cyotek.com/blog/products/introducing-64bit-builds
although,https://www.cyotek.com/blog/tools-we-use-2023-edition
although,https://www.cyotek.com/blog/rss
although,https://www.cyotek.com/blog/products
although,https://www.cyotek.com/blog/tools-we-use-2024-edition
although,https://www.cyotek.com/rss
fairly,https://demo.cyotek.com/about.php
fairly,https://www.cyotek.com/blog/rss
fairly,https://www.cyotek.com/blog/tools-we-use-2023-edition
fairly,https://www.cyotek.com/donate
fairly,https://www.cyotek.com/blog/tools-we-use-2024-edition
fairly,https://www.cyotek.com/rss
fun,https://demo.cyotek.com/about.php
fun,https://www.cyotek.com/blog/rss
fun,https://www.cyotek.com/rss
write,https://demo.cyotek.com/about.php
write,https://www.cyotek.com/blog/rss
write,https://www.cyotek.com/blog/tools-we-use-2023-edition
write,https://www.cyotek.com/blog/tools-we-use-2024-edition
write,https://www.cyotek.com/rss
need,https://demo.cyotek.com/javascript/index.php
need,https://www.cyotek.com/blog/resolving-svn-error-could-not-open-the-requested-svn-filesystem
need,https://www.cyotek.com/cyotek-nbt-editor
need,https://www.cyotek.com/privacy-policy
need,https://demo.cyotek.com/about.php
need,https://www.cyotek.com/blog/tools-we-use-2023-edition
need,https://www.cyotek.com/blog/rss
need,https://www.cyotek.com/blog/products
need,https://www.cyotek.com/blog/tools-we-use-2024-edition
need,https://www.cyotek.com/rss
an,https://www.cyotek.com/cyotek-copytools
an,https://www.cyotek.com/cyotek-slicr
an,https://demo.cyotek.com/about.php
an,https://www.cyotek.com/products
an,https://www.cyotek.com/blog/products
an,https://www.cyotek.com/cyotek-spriter
an,https://www.cyotek.com/open-source
an,https://www.cyotek.com/blog/resolving-svn-error-could-not-open-the-requested-svn-filesystem
an,https://www.cyotek.com/downloads
an,https://www.cyotek.com/privacy-policy
an,https://demo.cyotek.com/statuscodes/index.php
an,https://www.cyotek.com/source-code
an,https://www.cyotek.com/blog/products/introducing-64bit-builds
an,https://www.cyotek.com/copyright-and-trademarks
an,https://www.cyotek.com/blog/products/crowdstrike-falcon-false-positives
an,https://demo.cyotek.com/html/elements/object.php
an,https://www.cyotek.com/cyotek-sitemap-creator
an,https://www.cyotek.com/sitemap
an,https://www.cyotek.com/contact
an,https://demo.cyotek.com/html/attributes/custom.php
an,https://www.cyotek.com/blog/products/introducing-webview2-support-part-1
an,https://www.cyotek.com/cyotek-palette-editor
an,https://www.cyotek.com/jewel-rush
an,https://demo.cyotek.com/html/elements/picture.php
an,https://www.cyotek.com/blog/tools-we-use-2024-edition
an,https://demo.cyotek.com/html/elements/style.php
an,https://www.cyotek.com/search
an,https://www.cyotek.com/terms-of-use
an,https://www.cyotek.com/cyotek-nbt-editor
an,https://www.cyotek.com/blog
an,https://www.cyotek.com/cyotek-gif-animator
an,https://www.cyotek.com/donate
an,https://www.cyotek.com/blog/tools-we-use-2023-edition
an,https://www.cyotek.com/blog/rss
an,https://www.cyotek.com/about
an,https://www.cyotek.com/cyotek-webcopy
an,https://www.cyotek.com/rss
ever,https://demo.cyotek.com/about.php
ever,https://www.cyotek.com/blog/rss
ever,https://www.cyotek.com/blog/tools-we-use-2023-edition
ever,https://www.cyotek.com/blog/tools-we-use-2024-edition
ever,https://www.cyotek.com/rss
increasing,https://demo.cyotek.com/about.php
increasing,https://www.cyotek.com/blog/rss
increasing,https://www.cyotek.com/rss
amount,https://demo.cyotek.com/about.php
amount,https://www.cyotek.com/blog/rss
amount,https://www.cyotek.com/rss
binary,https://www.cyotek.com/cyotek-nbt-editor
binary,https://demo.cyotek.com/about.php
binary,https://www.cyotek.com/blog/rss
binary,https://www.cyotek.com/products
binary,https://www.cyotek.com/rss
"dependencies,",https://demo.cyotek.com/about.php
"dependencies,",https://www.cyotek.com/blog/rss
"dependencies,",https://www.cyotek.com/rss
no,https://www.cyotek.com/terms-of-use
no,https://www.cyotek.com/blog/products/crowdstrike-falcon-false-positives
no,https://www.cyotek.com/blog/resolving-svn-error-could-not-open-the-requested-svn-filesystem
no,https://www.cyotek.com/downloads
no,https://www.cyotek.com/privacy-policy
no,https://www.cyotek.com/blog
no,https://demo.cyotek.com/changelog.php
no,https://demo.cyotek.com/about.php
no,https://www.cyotek.com/blog/products/introducing-webview2-support-part-1
no,https://www.cyotek.com/blog/tools-we-use-2023-edition
no,https://www.cyotek.com/blog/rss
no,https://www.cyotek.com/jewel-rush
no,https://www.cyotek.com/blog/products
no,https://www.cyotek.com/blog/tools-we-use-2024-edition
no,https://www.cyotek.com/rss
assembly,https://demo.cyotek.com/about.php
assembly,https://www.cyotek.com/blog/rss
assembly,https://www.cyotek.com/blog/tools-we-use-2023-edition
assembly,https://www.cyotek.com/blog/tools-we-use-2024-edition
assembly,https://www.cyotek.com/rss
bindings,https://demo.cyotek.com/about.php
bindings,https://www.cyotek.com/blog/rss
bindings,https://www.cyotek.com/rss
woes...,https://demo.cyotek.com/about.php
works.,https://demo.cyotek.com/about.php
works.,https://www.cyotek.com/blog/rss
works.,https://www.cyotek.com/rss
you,https://www.cyotek.com/cyotek-copytools
you,https://www.cyotek.com/cyotek-slicr
you,https://demo.cyotek.com/about.php
you,https://www.cyotek.com/products
you,https://www.cyotek.com/blog/products
you,https://www.cyotek.com/cyotek-spriter
you,https://www.cyotek.com/open-source
you,https://www.cyotek.com/blog/resolving-svn-error-could-not-open-the-requested-svn-filesystem
you,https://www.cyotek.com/downloads
you,https://www.cyotek.com/privacy-policy
you,https://www.cyotek.com/source-code
you,https://www.cyotek.com/blog/products/introducing-64bit-builds
you,https://www.cyotek.com/copyright-and-trademarks
you,https://www.cyotek.com/blog/products/crowdstrike-falcon-false-positives
you,https://www.cyotek.com/cyotek-sitemap-creator
you,https://www.cyotek.com/contact
you,https://demo.cyotek.com/html/attributes/custom.php
you,https://www.cyotek.com/blog/products/introducing-webview2-support-part-1
you,https://www.cyotek.com/cyotek-palette-editor
you,https://www.cyotek.com/jewel-rush
you,https://www.cyotek.com/blog/tools-we-use-2024-edition
you,https://www.cyotek.com/terms-of-use
you,https://www.cyotek.com/cyotek-nbt-editor
you,https://www.cyotek.com/blog
you,https://www.cyotek.com/cyotek-gif-animator
you,https://www.cyotek.com/donate
you,https://www.cyotek.com/blog/tools-we-use-2023-edition
you,https://www.cyotek.com/blog/rss
you,https://www.cyotek.com/cyotek-webcopy
you,https://www.cyotek.com/rss
can,https://www.cyotek.com/cyotek-copytools
can,https://www.cyotek.com/cyotek-slicr
can,https://demo.cyotek.com/about.php
can,https://www.cyotek.com/products
can,https://www.cyotek.com/open-source
can,https://www.cyotek.com/blog/resolving-svn-error-could-not-open-the-requested-svn-filesystem
can,https://www.cyotek.com/privacy-policy
can,https://www.cyotek.com/source-code
can,https://www.cyotek.com/blog/products/introducing-64bit-builds
can,https://demo.cyotek.com/html/attributes/custom.php
can,https://www.cyotek.com/blog/products/introducing-webview2-support-part-1
can,https://www.cyotek.com/cyotek-palette-editor
can,https://www.cyotek.com/blog/tools-we-use-2024-edition
can,https://demo.cyotek.com/javascript/index.php
can,https://www.cyotek.com/cyotek-nbt-editor
can,https://www.cyotek.com/cyotek-gif-animator
can,https://www.cyotek.com/blog/tools-we-use-2023-edition
can,https://www.cyotek.com/blog/rss
can,https://www.cyotek.com/cyotek-webcopy
can,https://www.cyotek.com/rss
live,https://demo.cyotek.com/changelog.php
live,https://demo.cyotek.com/about.php
live,https://www.cyotek.com/blog/rss
live,https://www.cyotek.com/rss
demo,https://demo.cyotek.com/changelog.php
demo,https://demo.cyotek.com/about.php
demo,https://www.cyotek.com/blog/rss
demo,https://www.cyotek.com/rss
running,https://www.cyotek.com/cyotek-copytools
running,https://www.cyotek.com/cyotek-slicr
running,https://demo.cyotek.com/about.php
running,https://www.cyotek.com/blog/products
running,https://www.cyotek.com/cyotek-spriter
running,https://www.cyotek.com/open-source
running,https://www.cyotek.com/blog/resolving-svn-error-could-not-open-the-requested-svn-filesystem
running,https://www.cyotek.com/downloads
running,https://www.cyotek.com/source-code
running,https://www.cyotek.com/blog/products/introducing-64bit-builds
running,https://www.cyotek.com/blog/products/crowdstrike-falcon-false-positives
running,https://www.cyotek.com/cyotek-sitemap-creator
running,https://www.cyotek.com/blog/products/introducing-webview2-support-part-1
running,https://www.cyotek.com/cyotek-palette-editor
running,https://www.cyotek.com/jewel-rush
running,https://www.cyotek.com/blog/tools-we-use-2024-edition
running,https://www.cyotek.com/terms-of-use
running,https://www.cyotek.com/cyotek-nbt-editor
running,https://www.cyotek.com/blog
running,https://www.cyotek.com/cyotek-gif-animator
running,https://www.cyotek.com/donate
running,https://www.cyotek.com/blog/tools-we-use-2023-edition
running,https://www.cyotek.com/blog/rss
running,https://www.cyotek.com/cyotek-webcopy
running,https://www.cyotek.com/rss
at,https://www.cyotek.com/cyotek-copytools
at,https://www.cyotek.com/blog/products/crowdstrike-falcon-false-positives
at,https://www.cyotek.com/terms-of-use
at,https://www.cyotek.com/blog/resolving-svn-error-could-not-open-the-requested-svn-filesystem
at,https://www.cyotek.com/contact
at,https://www.cyotek.com/privacy-policy
at,https://www.cyotek.com/source-code
at,https://www.cyotek.com/blog
at,https://demo.cyotek.com/about.php
at,https://www.cyotek.com/blog/products/introducing-webview2-support-part-1
at,https://www.cyotek.com/blog/tools-we-use-2023-edition
at,https://www.cyotek.com/products
at,https://www.cyotek.com/blog/products/introducing-64bit-builds
at,https://www.cyotek.com/jewel-rush
at,https://www.cyotek.com/blog/rss
at,https://www.cyotek.com/blog/products
at,https://www.cyotek.com/blog/tools-we-use-2024-edition
at,https://www.cyotek.com/rss
https://demo.cyotek.com,https://demo.cyotek.com/about.php
run,https://www.cyotek.com/cyotek-copytools
run,https://demo.cyotek.com/about.php
run,https://www.cyotek.com/blog/tools-we-use-2023-edition
run,https://www.cyotek.com/blog/rss
run,https://www.cyotek.com/products
run,https://www.cyotek.com/blog/tools-we-use-2024-edition
run,https://www.cyotek.com/rss
should,https://www.cyotek.com/blog/products/crowdstrike-falcon-false-positives
should,https://www.cyotek.com/blog/resolving-svn-error-could-not-open-the-requested-svn-filesystem
should,https://www.cyotek.com/privacy-policy
should,https://demo.cyotek.com/changelog.php
should,https://demo.cyotek.com/about.php
should,https://www.cyotek.com/blog/rss
should,https://www.cyotek.com/blog/products/introducing-webview2-support-part-1
should,https://www.cyotek.com/rss
only,https://www.cyotek.com/blog/products/crowdstrike-falcon-false-positives
only,https://www.cyotek.com/blog/resolving-svn-error-could-not-open-the-requested-svn-filesystem
only,https://www.cyotek.com/cyotek-nbt-editor
only,https://www.cyotek.com/rss
only,https://www.cyotek.com/privacy-policy
only,https://www.cyotek.com/source-code
only,https://demo.cyotek.com/about.php
only,https://www.cyotek.com/blog/products/introducing-webview2-support-part-1
only,https://www.cyotek.com/blog/tools-we-use-2023-edition
only,https://www.cyotek.com/blog/rss
only,https://www.cyotek.com/blog/products/introducing-64bit-builds
only,https://www.cyotek.com/blog/tools-we-use-2024-edition
only,https://www.cyotek.com/cyotek-webcopy
only,https://www.cyotek.com/copyright-and-trademarks
5.3,https://demo.cyotek.com/about.php
above,https://www.cyotek.com/privacy-policy
above,https://demo.cyotek.com/html/attributes/custom.php
above,https://demo.cyotek.com/changelog.php
above,https://demo.cyotek.com/about.php
above,https://www.cyotek.com/blog/rss
above,https://www.cyotek.com/blog/tools-we-use-2023-edition
above,https://www.cyotek.com/blog/tools-we-use-2024-edition
above,https://www.cyotek.com/rss
some,https://www.cyotek.com/blog/products/crowdstrike-falcon-false-positives
some,https://www.cyotek.com/blog/resolving-svn-error-could-not-open-the-requested-svn-filesystem
some,https://www.cyotek.com/privacy-policy
some,https://www.cyotek.com/source-code
some,https://demo.cyotek.com/statuscodes/index.php
some,https://www.cyotek.com/blog
some,https://demo.cyotek.com/changelog.php
some,https://demo.cyotek.com/about.php
some,https://www.cyotek.com/blog/products/introducing-webview2-support-part-1
some,https://www.cyotek.com/blog/tools-we-use-2023-edition
some,https://www.cyotek.com/blog/rss
some,https://www.cyotek.com/blog/products/introducing-64bit-builds
some,https://www.cyotek.com/blog/products
some,https://www.cyotek.com/blog/tools-we-use-2024-edition
some,https://support.cyotek.com
some,https://www.cyotek.com/rss
web,https://demo.cyotek.com/javascript/index.php
web,https://www.cyotek.com/open-source
web,https://www.cyotek.com/blog/resolving-svn-error-could-not-open-the-requested-svn-filesystem
web,https://www.cyotek.com/privacy-policy
web,https://www.cyotek.com/source-code
web,https://demo.cyotek.com/about.php
web,https://www.cyotek.com/blog/products/introducing-webview2-support-part-1
web,https://www.cyotek.com/donate
web,https://www.cyotek.com/blog/tools-we-use-2023-edition
web,https://www.cyotek.com/blog/rss
web,https://www.cyotek.com/blog/tools-we-use-2024-edition
web,https://www.cyotek.com/cyotek-webcopy
web,https://www.cyotek.com/rss
server.,https://demo.cyotek.com/about.php
server.,https://www.cyotek.com/blog/rss
server.,https://www.cyotek.com/rss
tested,https://www.cyotek.com/blog/rss
tested,https://demo.cyotek.com/about.php
tested,https://www.cyotek.com/blog/tools-we-use-2023-edition
tested,https://www.cyotek.com/rss
iis,https://demo.cyotek.com/about.php
iis,https://www.cyotek.com/blog/rss
iis,https://www.cyotek.com/rss
"express,",https://demo.cyotek.com/about.php
"8.5,",https://demo.cyotek.com/about.php
10,https://www.cyotek.com/cyotek-copytools
10,https://www.cyotek.com/cyotek-slicr
10,https://demo.cyotek.com/about.php
10,https://www.cyotek.com/products
10,https://www.cyotek.com/blog/products
10,https://www.cyotek.com/cyotek-spriter
10,https://www.cyotek.com/open-source
10,https://www.cyotek.com/blog/resolving-svn-error-could-not-open-the-requested-svn-filesystem
10,https://www.cyotek.com/downloads
10,https://www.cyotek.com/privacy-policy
10,https://www.cyotek.com/source-code
10,https://www.cyotek.com/blog/products/introducing-64bit-builds
10,https://www.cyotek.com/copyright-and-trademarks
10,https://www.cyotek.com/blog/products/crowdstrike-falcon-false-positives
10,https://www.cyotek.com/cyotek-sitemap-creator
10,https://www.cyotek.com/sitemap
10,https://www.cyotek.com/contact
10,https://www.cyotek.com/blog/products/introducing-webview2-support-part-1
10,https://www.cyotek.com/cyotek-palette-editor
10,https://www.cyotek.com/jewel-rush
10,https://www.cyotek.com/blog/tools-we-use-2024-edition
10,https://www.cyotek.com/search
10,https://www.cyotek.com/terms-of-use
10,https://www.cyotek.com/cyotek-nbt-editor
10,https://www.cyotek.com/blog
10,https://www.cyotek.com/cyotek-gif-animator
10,https://www.cyotek.com/donate
10,https://www.cyotek.com/blog/tools-we-use-2023-edition
10,https://www.cyotek.com/blog/rss
10,https://www.cyotek.com/about
10,https://www.cyotek.com/cyotek-webcopy
10,https://www.cyotek.com/rss
apache,https://demo.cyotek.com/about.php
apache,https://www.cyotek.com/blog/rss
apache,https://www.cyotek.com/rss
variant,https://demo.cyotek.com/about.php
variant,https://www.cyotek.com/blog/rss
variant,https://www.cyotek.com/rss
linux.,https://demo.cyotek.com/about.php
linux.,https://www.cyotek.com/blog/rss
linux.,https://www.cyotek.com/rss
acknowledgements,https://demo.cyotek.com/about.php
taken,https://demo.cyotek.com/about.php
taken,https://www.cyotek.com/blog/rss
taken,https://www.cyotek.com/rss
from,https://demo.cyotek.com/about.php
from,https://www.cyotek.com/products
from,https://www.cyotek.com/blog/products
from,https://www.cyotek.com/cyotek-spriter
from,https://www.cyotek.com/open-source
from,https://www.cyotek.com/blog/resolving-svn-error-could-not-open-the-requested-svn-filesystem
from,https://www.cyotek.com/privacy-policy
from,https://www.cyotek.com/source-code
from,https://demo.cyotek.com/statuscodes/index.php
from,https://www.cyotek.com/blog/products/introducing-64bit-builds
from,https://www.cyotek.com/blog/products/crowdstrike-falcon-false-positives
from,https://www.cyotek.com/contact
from,https://demo.cyotek.com/changelog.php
from,https://www.cyotek.com/blog/products/introducing-webview2-support-part-1
from,https://www.cyotek.com/cyotek-palette-editor
from,https://www.cyotek.com/blog/tools-we-use-2024-edition
from,https://demo.cyotek.com/html/elements/style.php
from,https://support.cyotek.com
from,https://www.cyotek.com/terms-of-use
from,https://www.cyotek.com/cyotek-nbt-editor
from,https://www.cyotek.com/cyotek-gif-animator
from,https://www.cyotek.com/blog/tools-we-use-2023-edition
from,https://www.cyotek.com/blog/rss
from,https://www.cyotek.com/rss
primer,https://demo.cyotek.com/about.php
primer,https://www.cyotek.com/blog/rss
primer,https://www.cyotek.com/rss
by,https://demo.cyotek.com/about.php
by,https://www.cyotek.com/products
by,https://www.cyotek.com/open-source
by,https://www.cyotek.com/downloads
by,https://www.cyotek.com/privacy-policy
by,https://www.cyotek.com/source-code
by,https://demo.cyotek.com/statuscodes/index.php
by,https://www.cyotek.com/blog/products/crowdstrike-falcon-false-positives
by,https://demo.cyotek.com/changelog.php
by,https://www.cyotek.com/blog/products/introducing-webview2-support-part-1
by,https://www.cyotek.com/blog/tools-we-use-2024-edition
by,https://support.cyotek.com
by,https://www.cyotek.com/terms-of-use
by,https://www.cyotek.com/cyotek-nbt-editor
by,https://www.cyotek.com/blog
by,https://www.cyotek.com/blog/tools-we-use-2023-edition
by,https://www.cyotek.com/blog/rss
by,https://www.cyotek.com/about
by,https://www.cyotek.com/rss
github,https://www.cyotek.com/open-source
github,https://www.cyotek.com/source-code
github,https://demo.cyotek.com/about.php
github,https://www.cyotek.com/blog/rss
github,https://www.cyotek.com/blog/tools-we-use-2023-edition
github,https://www.cyotek.com/blog/tools-we-use-2024-edition
github,https://www.cyotek.com/rss
bits,https://demo.cyotek.com/about.php
bits,https://www.cyotek.com/blog/rss
bits,https://www.cyotek.com/rss
were,https://www.cyotek.com/blog/products/crowdstrike-falcon-false-positives
were,https://www.cyotek.com/open-source
were,https://demo.cyotek.com/changelog.php
were,https://demo.cyotek.com/about.php
were,https://www.cyotek.com/blog/rss
were,https://www.cyotek.com/blog/tools-we-use-2023-edition
were,https://www.cyotek.com/rss
lifted,https://demo.cyotek.com/about.php
user,https://www.cyotek.com/terms-of-use
user,https://www.cyotek.com/open-source
user,https://demo.cyotek.com/changelog.php
user,https://demo.cyotek.com/about.php
user,https://www.cyotek.com/blog/tools-we-use-2023-edition
user,https://demo.cyotek.com/features/index.php
user,https://www.cyotek.com/blog/rss
user,https://www.cyotek.com/blog/tools-we-use-2024-edition
user,https://www.cyotek.com/rss
manual,https://www.cyotek.com/blog/rss
manual,https://demo.cyotek.com/about.php
manual,https://www.cyotek.com/blog/products/introducing-webview2-support-part-1
manual,https://www.cyotek.com/rss
fav,https://demo.cyotek.com/about.php
icon,https://demo.cyotek.com/about.php
icon,https://www.cyotek.com/blog/rss
icon,https://www.cyotek.com/blog/tools-we-use-2023-edition
icon,https://www.cyotek.com/blog/tools-we-use-2024-edition
icon,https://www.cyotek.com/rss
derived,https://demo.cyotek.com/about.php
derived,https://www.cyotek.com/blog/rss
derived,https://www.cyotek.com/rss
material,https://www.cyotek.com/terms-of-use
material,https://demo.cyotek.com/about.php
material,https://www.cyotek.com/blog/rss
material,https://www.cyotek.com/copyright-and-trademarks
material,https://www.cyotek.com/rss
core,https://demo.cyotek.com/javascript/index.php
core,https://www.cyotek.com/open-source
core,https://www.cyotek.com/source-code
core,https://demo.cyotek.com/about.php
core,https://www.cyotek.com/blog/tools-we-use-2023-edition
core,https://www.cyotek.com/blog/rss
core,https://www.cyotek.com/blog/tools-we-use-2024-edition
core,https://www.cyotek.com/rss
check,https://www.cyotek.com/blog/products/crowdstrike-falcon-false-positives
check,https://www.cyotek.com/downloads
check,https://www.cyotek.com/contact
check,https://www.cyotek.com/privacy-policy
check,https://www.cyotek.com/source-code
check,https://demo.cyotek.com/about.php
check,https://www.cyotek.com/blog/products/introducing-webview2-support-part-1
check,https://www.cyotek.com/blog/tools-we-use-2023-edition
check,https://www.cyotek.com/blog/rss
check,https://www.cyotek.com/blog/tools-we-use-2024-edition
check,https://www.cyotek.com/rss
markdown,https://www.cyotek.com/blog/products/crowdstrike-falcon-false-positives
markdown,https://www.cyotek.com/blog/resolving-svn-error-could-not-open-the-requested-svn-filesystem
markdown,https://www.cyotek.com/blog
markdown,https://demo.cyotek.com/about.php
markdown,https://www.cyotek.com/blog/tools-we-use-2023-edition
markdown,https://www.cyotek.com/blog/products/introducing-webview2-support-part-1
markdown,https://www.cyotek.com/blog/rss
markdown,https://www.cyotek.com/blog/products/introducing-64bit-builds
markdown,https://www.cyotek.com/blog/tools-we-use-2024-edition
markdown,https://www.cyotek.com/rss
processing,https://demo.cyotek.com/about.php
processing,https://www.cyotek.com/blog/rss
processing,https://www.cyotek.com/rss
handled,https://demo.cyotek.com/about.php
handled,https://www.cyotek.com/blog/rss
handled,https://www.cyotek.com/rss
lib,https://demo.cyotek.com/about.php
text,https://www.cyotek.com/cyotek-spriter
text,https://www.cyotek.com/open-source
text,https://www.cyotek.com/source-code
text,https://demo.cyotek.com/changelog.php
text,https://demo.cyotek.com/about.php
text,https://www.cyotek.com/blog/tools-we-use-2023-edition
text,https://www.cyotek.com/blog/rss
text,https://www.cyotek.com/products
text,https://www.cyotek.com/blog/tools-we-use-2024-edition
text,https://www.cyotek.com/rss
borrowed,https://demo.cyotek.com/about.php
borrowed,https://www.cyotek.com/blog/rss
borrowed,https://www.cyotek.com/rss
wikipedia,https://demo.cyotek.com/about.php
wikipedia,https://www.cyotek.com/blog/rss
wikipedia,https://www.cyotek.com/rss
mozilla,https://demo.cyotek.com/about.php
developer,https://demo.cyotek.com/about.php
developer,https://www.cyotek.com/blog/rss
developer,https://www.cyotek.com/blog/tools-we-use-2023-edition
developer,https://www.cyotek.com/blog/tools-we-use-2024-edition
developer,https://www.cyotek.com/rss
network,https://demo.cyotek.com/about.php
network,https://www.cyotek.com/blog/rss
network,https://www.cyotek.com/rss
webkit.org,https://demo.cyotek.com/about.php
skyline,https://www.cyotek.com/open-source
skyline,https://www.cyotek.com/blog/resolving-svn-error-could-not-open-the-requested-svn-filesystem
skyline,https://www.cyotek.com/blog
skyline,https://demo.cyotek.com/about.php
skyline,https://www.cyotek.com/blog/rss
skyline,https://www.cyotek.com/blog/tools-we-use-2023-edition
skyline,https://www.cyotek.com/blog/tools-we-use-2024-edition
skyline,https://www.cyotek.com/rss
images,https://www.cyotek.com/cyotek-copytools
images,https://www.cyotek.com/cyotek-slicr
images,https://demo.cyotek.com/about.php
images,https://www.cyotek.com/products
images,https://www.cyotek.com/blog/products
images,https://www.cyotek.com/cyotek-spriter
images,https://www.cyotek.com/open-source
images,https://www.cyotek.com/blog/resolving-svn-error-could-not-open-the-requested-svn-filesystem
images,https://www.cyotek.com/downloads
images,https://www.cyotek.com/privacy-policy
images,https://www.cyotek.com/source-code
images,https://www.cyotek.com/blog/products/introducing-64bit-builds
images,https://www.cyotek.com/copyright-and-trademarks
images,https://www.cyotek.com/blog/products/crowdstrike-falcon-false-positives
images,https://www.cyotek.com/cyotek-sitemap-creator
images,https://www.cyotek.com/sitemap
images,https://www.cyotek.com/contact
images,https://www.cyotek.com/blog/products/introducing-webview2-support-part-1
images,https://www.cyotek.com/cyotek-palette-editor
images,https://www.cyotek.com/jewel-rush
images,https://www.cyotek.com/blog/tools-we-use-2024-edition
images,https://www.cyotek.com/search
images,https://www.cyotek.com/terms-of-use
images,https://www.cyotek.com/cyotek-nbt-editor
images,https://www.cyotek.com/blog
images,https://www.cyotek.com/cyotek-gif-animator
images,https://www.cyotek.com/donate
images,https://www.cyotek.com/blog/tools-we-use-2023-edition
images,https://www.cyotek.com/blog/rss
images,https://www.cyotek.com/about
images,https://www.cyotek.com/cyotek-webcopy
images,https://www.cyotek.com/rss
generated,https://demo.cyotek.com/about.php
generated,https://www.cyotek.com/blog/rss
generated,https://www.cyotek.com/rss
generated,https://www.cyotek.com/open-source
imaginatively,https://demo.cyotek.com/about.php
imaginatively,https://www.cyotek.com/blog/rss
imaginatively,https://www.cyotek.com/rss
titled,https://demo.cyotek.com/about.php
titled,https://www.cyotek.com/blog/rss
titled,https://www.cyotek.com/rss
generator,https://www.cyotek.com/open-source
generator,https://www.cyotek.com/blog/resolving-svn-error-could-not-open-the-requested-svn-filesystem
generator,https://www.cyotek.com/downloads
generator,https://www.cyotek.com/blog
generator,https://demo.cyotek.com/about.php
generator,https://www.cyotek.com/blog/tools-we-use-2023-edition
generator,https://www.cyotek.com/blog/rss
generator,https://www.cyotek.com/blog/tools-we-use-2024-edition
generator,https://www.cyotek.com/rss
photograph,https://demo.cyotek.com/about.php
photograph,https://www.cyotek.com/blog/rss
photograph,https://www.cyotek.com/rss
st,https://demo.cyotek.com/about.php
paul's,https://demo.cyotek.com/about.php
cathedral,https://demo.cyotek.com/about.php
london,https://demo.cyotek.com/about.php
london,https://www.cyotek.com/blog/rss
london,https://www.cyotek.com/rss
vadim,https://demo.cyotek.com/about.php
sherbakov,https://demo.cyotek.com/about.php
flamborough,https://demo.cyotek.com/about.php
head,https://demo.cyotek.com/about.php
head,https://www.cyotek.com/blog/rss
head,https://www.cyotek.com/rss
lighthouse,https://demo.cyotek.com/about.php
(c),https://demo.cyotek.com/about.php
(c),https://www.cyotek.com/blog/rss
(c),https://www.cyotek.com/rss
richard,https://www.cyotek.com/blog/products/crowdstrike-falcon-false-positives
richard,https://www.cyotek.com/blog/resolving-svn-error-could-not-open-the-requested-svn-filesystem
richard,https://www.cyotek.com/blog
richard,https://demo.cyotek.com/about.php
richard,https://www.cyotek.com/blog/products/introducing-webview2-support-part-1
richard,https://www.cyotek.com/blog/tools-we-use-2023-edition
richard,https://www.cyotek.com/blog/rss
richard,https://www.cyotek.com/blog/products/introducing-64bit-builds
richard,https://www.cyotek.com/blog/products
richard,https://www.cyotek.com/blog/tools-we-use-2024-edition
richard,https://www.cyotek.com/rss
james,https://demo.cyotek.com/about.php
moss.,https://demo.cyotek.com/about.php
generic,https://demo.cyotek.com/about.php
generic,https://www.cyotek.com/blog/rss
generic,https://www.cyotek.com/blog/resolving-svn-error-could-not-open-the-requested-svn-filesystem
generic,https://www.cyotek.com/rss
avatar,https://demo.cyotek.com/about.php
graphic,https://demo.cyotek.com/about.php
graphic,https://www.cyotek.com/blog/rss
graphic,https://www.cyotek.com/rss
wingtilldie,https://demo.cyotek.com/about.php
formatting,https://www.cyotek.com/source-code
formatting,https://demo.cyotek.com/about.php
formatting,https://www.cyotek.com/blog/rss
formatting,https://www.cyotek.com/blog/tools-we-use-2023-edition
formatting,https://www.cyotek.com/blog/tools-we-use-2024-edition
formatting,https://www.cyotek.com/rss
raw,https://www.cyotek.com/cyotek-nbt-editor
raw,https://demo.cyotek.com/about.php
raw,https://www.cyotek.com/blog/rss
raw,https://www.cyotek.com/cyotek-webcopy
raw,https://www.cyotek.com/rss
being,https://www.cyotek.com/terms-of-use
being,https://www.cyotek.com/blog/resolving-svn-error-could-not-open-the-requested-svn-filesystem
being,https://www.cyotek.com/cyotek-nbt-editor
being,https://www.cyotek.com/downloads
being,https://www.cyotek.com/privacy-policy
being,https://demo.cyotek.com/statuscodes/index.php
being,https://demo.cyotek.com/about.php
being,https://www.cyotek.com/blog/products/introducing-webview2-support-part-1
being,https://www.cyotek.com/blog/tools-we-use-2023-edition
being,https://www.cyotek.com/blog/rss
being,https://www.cyotek.com/about
being,https://demo.cyotek.com/html/elements/style.php
being,https://www.cyotek.com/blog/products
being,https://www.cyotek.com/blog/tools-we-use-2024-edition
being,https://www.cyotek.com/cyotek-webcopy
being,https://www.cyotek.com/rss
gradually,https://www.cyotek.com/blog/rss
gradually,https://demo.cyotek.com/about.php
gradually,https://www.cyotek.com/blog/products/introducing-webview2-support-part-1
gradually,https://www.cyotek.com/rss
performed,https://demo.cyotek.com/about.php
performed,https://www.cyotek.com/blog/rss
performed,https://www.cyotek.com/rss
via,https://www.cyotek.com/cyotek-spriter
via,https://www.cyotek.com/blog/resolving-svn-error-could-not-open-the-requested-svn-filesystem
via,https://www.cyotek.com/privacy-policy
via,https://www.cyotek.com/source-code
via,https://demo.cyotek.com/about.php
via,https://www.cyotek.com/donate
via,https://www.cyotek.com/blog/tools-we-use-2023-edition
via,https://www.cyotek.com/products
via,https://www.cyotek.com/blog/rss
via,https://www.cyotek.com/blog/products
via,https://www.cyotek.com/blog/tools-we-use-2024-edition
via,https://www.cyotek.com/rss
vscodebeautify,https://demo.cyotek.com/about.php
cyotek's,https://www.cyotek.com/terms-of-use
cyotek's,https://www.cyotek.com/blog/products/crowdstrike-falcon-false-positives
cyotek's,https://www.cyotek.com/cyotek-nbt-editor
cyotek's,https://demo.cyotek.com/about.php
cyotek's,https://www.cyotek.com/blog/products/introducing-webview2-support-part-1
cyotek's,https://www.cyotek.com/blog/rss
cyotek's,https://www.cyotek.com/products
cyotek's,https://www.cyotek.com/blog/products/introducing-64bit-builds
cyotek's,https://www.cyotek.com/blog/products
cyotek's,https://www.cyotek.com/blog/tools-we-use-2024-edition
cyotek's,https://www.cyotek.com/rss
license,https://www.cyotek.com/cyotek-spriter
license,https://www.cyotek.com/cyotek-copytools
license,https://www.cyotek.com/cyotek-sitemap-creator
license,https://www.cyotek.com/cyotek-nbt-editor
license,https://www.cyotek.com/cyotek-slicr
license,https://www.cyotek.com/cyotek-gif-animator
license,https://demo.cyotek.com/about.php
license,https://www.cyotek.com/blog/tools-we-use-2023-edition
license,https://www.cyotek.com/cyotek-palette-editor
license,https://www.cyotek.com/blog/rss
license,https://www.cyotek.com/jewel-rush
license,https://www.cyotek.com/blog/tools-we-use-2024-edition
license,https://www.cyotek.com/cyotek-webcopy
license,https://www.cyotek.com/rss
its,https://www.cyotek.com/cyotek-copytools
its,https://www.cyotek.com/cyotek-slicr
its,https://demo.cyotek.com/about.php
its,https://www.cyotek.com/products
its,https://www.cyotek.com/blog/products
its,https://www.cyotek.com/cyotek-spriter
its,https://www.cyotek.com/open-source
its,https://www.cyotek.com/blog/resolving-svn-error-could-not-open-the-requested-svn-filesystem
its,https://www.cyotek.com/downloads
its,https://www.cyotek.com/privacy-policy
its,https://www.cyotek.com/source-code
its,https://www.cyotek.com/blog/products/introducing-64bit-builds
its,https://www.cyotek.com/copyright-and-trademarks
its,https://www.cyotek.com/blog/products/crowdstrike-falcon-false-positives
its,https://www.cyotek.com/cyotek-sitemap-creator
its,https://www.cyotek.com/blog/products/introducing-webview2-support-part-1
its,https://www.cyotek.com/cyotek-palette-editor
its,https://www.cyotek.com/jewel-rush
its,https://www.cyotek.com/blog/tools-we-use-2024-edition
its,https://www.cyotek.com/terms-of-use
its,https://www.cyotek.com/cyotek-nbt-editor
its,https://www.cyotek.com/blog
its,https://www.cyotek.com/cyotek-gif-animator
its,https://www.cyotek.com/donate
its,https://www.cyotek.com/blog/tools-we-use-2023-edition
its,https://www.cyotek.com/blog/rss
its,https://www.cyotek.com/cyotek-webcopy
its,https://www.cyotek.com/rss
licensed,https://www.cyotek.com/terms-of-use
licensed,https://demo.cyotek.com/about.php
licensed,https://www.cyotek.com/blog/rss
licensed,https://www.cyotek.com/rss
mit,https://demo.cyotek.com/about.php
mit,https://www.cyotek.com/blog/rss
mit,https://www.cyotek.com/rss
license.,https://demo.cyotek.com/about.php
license.,https://www.cyotek.com/blog/rss
license.,https://www.cyotek.com/blog/tools-we-use-2023-edition
license.,https://www.cyotek.com/blog/tools-we-use-2024-edition
license.,https://www.cyotek.com/rss
"javascript,",https://demo.cyotek.com/javascript/index.php
"javascript,",https://www.cyotek.com/blog/products
"javascript,",https://www.cyotek.com/blog/rss
"javascript,",https://www.cyotek.com/rss
often,https://demo.cyotek.com/javascript/index.php
often,https://demo.cyotek.com/html/elements/object.php
often,https://www.cyotek.com/blog/resolving-svn-error-could-not-open-the-requested-svn-filesystem
often,https://www.cyotek.com/blog/rss
often,https://www.cyotek.com/blog/tools-we-use-2023-edition
often,https://www.cyotek.com/blog/tools-we-use-2024-edition
often,https://www.cyotek.com/rss
abbreviated,https://demo.cyotek.com/javascript/index.php
"""js"",",https://demo.cyotek.com/javascript/index.php
"high-level,",https://demo.cyotek.com/javascript/index.php
"dynamic,",https://demo.cyotek.com/javascript/index.php
"dynamic,",https://www.cyotek.com/blog/rss
"dynamic,",https://www.cyotek.com/rss
"untyped,",https://demo.cyotek.com/javascript/index.php
interpreted,https://demo.cyotek.com/javascript/index.php
run-time,https://demo.cyotek.com/javascript/index.php
language.,https://demo.cyotek.com/javascript/index.php
language.,https://www.cyotek.com/blog/rss
language.,https://www.cyotek.com/rss
alongside,https://www.cyotek.com/about
alongside,https://demo.cyotek.com/javascript/index.php
alongside,https://www.cyotek.com/blog/rss
alongside,https://www.cyotek.com/rss
"css,",https://demo.cyotek.com/javascript/index.php
"css,",https://www.cyotek.com/blog/rss
"css,",https://www.cyotek.com/rss
one,https://demo.cyotek.com/javascript/index.php
one,https://www.cyotek.com/blog/products/crowdstrike-falcon-false-positives
one,https://www.cyotek.com/blog/resolving-svn-error-could-not-open-the-requested-svn-filesystem
one,https://www.cyotek.com/source-code
one,https://www.cyotek.com/blog/tools-we-use-2023-edition
one,https://www.cyotek.com/blog/rss
one,https://www.cyotek.com/blog/products/introducing-webview2-support-part-1
one,https://demo.cyotek.com/html/elements/style.php
one,https://www.cyotek.com/blog/tools-we-use-2024-edition
one,https://www.cyotek.com/rss
three,https://demo.cyotek.com/javascript/index.php
three,https://www.cyotek.com/rss
three,https://www.cyotek.com/blog/rss
three,https://www.cyotek.com/source-code
technologies,https://demo.cyotek.com/javascript/index.php
technologies,https://www.cyotek.com/blog/rss
technologies,https://www.cyotek.com/rss
wide,https://demo.cyotek.com/javascript/index.php
wide,https://www.cyotek.com/blog/rss
wide,https://www.cyotek.com/rss
content,https://demo.cyotek.com/javascript/index.php
content,https://www.cyotek.com/terms-of-use
content,https://www.cyotek.com/blog/products/crowdstrike-falcon-false-positives
content,https://www.cyotek.com/blog/resolving-svn-error-could-not-open-the-requested-svn-filesystem
content,https://www.cyotek.com/cyotek-nbt-editor
content,https://www.cyotek.com/sitemap
content,https://www.cyotek.com/rss
content,https://www.cyotek.com/blog
content,https://demo.cyotek.com/changelog.php
content,https://www.cyotek.com/blog/products/introducing-webview2-support-part-1
content,https://www.cyotek.com/blog/tools-we-use-2023-edition
content,https://www.cyotek.com/products
content,https://www.cyotek.com/blog/products/introducing-64bit-builds
content,https://www.cyotek.com/blog/rss
content,https://www.cyotek.com/blog/products
content,https://www.cyotek.com/blog/tools-we-use-2024-edition
content,https://www.cyotek.com/cyotek-webcopy
content,https://www.cyotek.com/copyright-and-trademarks
production;,https://demo.cyotek.com/javascript/index.php
majority,https://demo.cyotek.com/javascript/index.php
majority,https://www.cyotek.com/blog/rss
majority,https://www.cyotek.com/rss
employ,https://demo.cyotek.com/javascript/index.php
"it,",https://demo.cyotek.com/javascript/index.php
"it,",https://www.cyotek.com/blog/resolving-svn-error-could-not-open-the-requested-svn-filesystem
"it,",https://www.cyotek.com/blog/rss
"it,",https://www.cyotek.com/blog/tools-we-use-2023-edition
"it,",https://www.cyotek.com/blog/tools-we-use-2024-edition
"it,",https://www.cyotek.com/rss
modern,https://demo.cyotek.com/javascript/index.php
modern,https://www.cyotek.com/blog/tools-we-use-2023-edition
modern,https://www.cyotek.com/blog/rss
modern,https://www.cyotek.com/blog/products/introducing-webview2-support-part-1
modern,https://www.cyotek.com/blog/tools-we-use-2024-edition
modern,https://www.cyotek.com/rss
browsers,https://demo.cyotek.com/javascript/index.php
browsers,https://www.cyotek.com/privacy-policy
browsers,https://www.cyotek.com/blog/rss
browsers,https://www.cyotek.com/blog/products/introducing-webview2-support-part-1
browsers,https://demo.cyotek.com/html/elements/picture.php
browsers,https://www.cyotek.com/rss
without,https://www.cyotek.com/cyotek-spriter
without,https://demo.cyotek.com/javascript/index.php
without,https://www.cyotek.com/terms-of-use
without,https://www.cyotek.com/open-source
without,https://www.cyotek.com/blog/resolving-svn-error-could-not-open-the-requested-svn-filesystem
without,https://www.cyotek.com/source-code
without,https://demo.cyotek.com/statuscodes/index.php
without,https://www.cyotek.com/blog/tools-we-use-2023-edition
without,https://www.cyotek.com/blog/rss
without,https://www.cyotek.com/products
without,https://www.cyotek.com/blog/tools-we-use-2024-edition
without,https://www.cyotek.com/rss
plug-ins.,https://demo.cyotek.com/javascript/index.php
"however,",https://demo.cyotek.com/javascript/index.php
"however,",https://www.cyotek.com/terms-of-use
"however,",https://www.cyotek.com/blog/resolving-svn-error-could-not-open-the-requested-svn-filesystem
"however,",https://www.cyotek.com/cyotek-nbt-editor
"however,",https://www.cyotek.com/privacy-policy
"however,",https://www.cyotek.com/blog/rss
"however,",https://www.cyotek.com/blog/tools-we-use-2023-edition
"however,",https://www.cyotek.com/blog/tools-we-use-2024-edition
"however,",https://www.cyotek.com/rss
crawlers,https://demo.cyotek.com/javascript/index.php
javascripts,https://demo.cyotek.com/javascript/index.php
javascripts,https://www.cyotek.com/blog/rss
javascripts,https://www.cyotek.com/rss
copying,https://demo.cyotek.com/javascript/index.php
copying,https://www.cyotek.com/blog/resolving-svn-error-could-not-open-the-requested-svn-filesystem
copying,https://www.cyotek.com/blog/rss
copying,https://www.cyotek.com/cyotek-webcopy
copying,https://www.cyotek.com/rss
such,https://www.cyotek.com/cyotek-copytools
such,https://www.cyotek.com/products
such,https://www.cyotek.com/cyotek-spriter
such,https://www.cyotek.com/blog/resolving-svn-error-could-not-open-the-requested-svn-filesystem
such,https://www.cyotek.com/privacy-policy
such,https://www.cyotek.com/source-code
such,https://demo.cyotek.com/statuscodes/index.php
such,https://www.cyotek.com/blog/products/introducing-webview2-support-part-1
such,https://www.cyotek.com/cyotek-palette-editor
such,https://www.cyotek.com/blog/tools-we-use-2024-edition
such,https://demo.cyotek.com/javascript/index.php
such,https://www.cyotek.com/terms-of-use
such,https://www.cyotek.com/cyotek-nbt-editor
such,https://www.cyotek.com/cyotek-gif-animator
such,https://www.cyotek.com/blog/tools-we-use-2023-edition
such,https://www.cyotek.com/blog/rss
such,https://www.cyotek.com/about
such,https://www.cyotek.com/cyotek-webcopy
such,https://www.cyotek.com/rss
sites,https://demo.cyotek.com/javascript/index.php
sites,https://www.cyotek.com/open-source
sites,https://www.cyotek.com/privacy-policy
sites,https://www.cyotek.com/blog/rss
sites,https://www.cyotek.com/blog/tools-we-use-2023-edition
sites,https://www.cyotek.com/blog/tools-we-use-2024-edition
sites,https://www.cyotek.com/rss
impossible,https://demo.cyotek.com/javascript/index.php
impossible,https://www.cyotek.com/blog/rss
impossible,https://www.cyotek.com/rss
given,https://demo.cyotek.com/javascript/index.php
given,https://www.cyotek.com/cyotek-copytools
given,https://www.cyotek.com/open-source
given,https://www.cyotek.com/cyotek-slicr
given,https://www.cyotek.com/blog/products/introducing-webview2-support-part-1
given,https://www.cyotek.com/blog/tools-we-use-2023-edition
given,https://www.cyotek.com/products
given,https://www.cyotek.com/blog/rss
given,https://www.cyotek.com/blog/tools-we-use-2024-edition
given,https://www.cyotek.com/rss
crawler.,https://demo.cyotek.com/javascript/index.php
attribute,https://demo.cyotek.com/javascript/index.php
attribute,https://demo.cyotek.com/html/attributes/custom.php
attribute,https://demo.cyotek.com/changelog.php
attribute,https://www.cyotek.com/blog/rss
attribute,https://www.cyotek.com/rss
transformation,https://demo.cyotek.com/javascript/index.php
transformation,https://demo.cyotek.com/changelog.php
dom,https://demo.cyotek.com/javascript/index.php
dom,https://www.cyotek.com/cyotek-webcopy
modification,https://demo.cyotek.com/javascript/index.php
modification,https://demo.cyotek.com/changelog.php
modification,https://www.cyotek.com/blog/rss
modification,https://www.cyotek.com/rss
generally,https://www.cyotek.com/rss
generally,https://www.cyotek.com/blog/rss
generally,https://demo.cyotek.com/statuscodes/index.php
special,https://www.cyotek.com/rss
special,https://www.cyotek.com/blog/rss
special,https://demo.cyotek.com/features/index.php
special,https://demo.cyotek.com/statuscodes/index.php
meaning,https://www.cyotek.com/rss
meaning,https://www.cyotek.com/blog/rss
meaning,https://demo.cyotek.com/statuscodes/index.php
during,https://www.cyotek.com/cyotek-gif-animator
during,https://www.cyotek.com/rss
during,https://www.cyotek.com/blog/rss
during,https://demo.cyotek.com/statuscodes/index.php
"crawl,",https://www.cyotek.com/rss
"crawl,",https://demo.cyotek.com/statuscodes/index.php
redirecting,https://www.cyotek.com/rss
redirecting,https://www.cyotek.com/blog/rss
redirecting,https://demo.cyotek.com/statuscodes/index.php
another,https://demo.cyotek.com/statuscodes/index.php
another,https://www.cyotek.com/blog/rss
another,https://www.cyotek.com/blog/tools-we-use-2023-edition
another,https://www.cyotek.com/blog/tools-we-use-2024-edition
another,https://www.cyotek.com/rss
"resource,",https://www.cyotek.com/rss
"resource,",https://demo.cyotek.com/statuscodes/index.php
prompting,https://www.cyotek.com/rss
prompting,https://www.cyotek.com/blog/rss
prompting,https://demo.cyotek.com/statuscodes/index.php
"credentials,",https://www.cyotek.com/rss
"credentials,",https://www.cyotek.com/blog/rss
"credentials,",https://demo.cyotek.com/statuscodes/index.php
handling,https://www.cyotek.com/source-code
handling,https://demo.cyotek.com/statuscodes/index.php
handling,https://www.cyotek.com/blog/rss
handling,https://www.cyotek.com/blog/products
handling,https://www.cyotek.com/rss
failure.,https://demo.cyotek.com/statuscodes/index.php
4xx,https://demo.cyotek.com/statuscodes/index.php
5xx,https://demo.cyotek.com/statuscodes/index.php
series,https://www.cyotek.com/cyotek-copytools
series,https://www.cyotek.com/cyotek-slicr
series,https://www.cyotek.com/products
series,https://www.cyotek.com/blog/products
series,https://www.cyotek.com/cyotek-spriter
series,https://www.cyotek.com/open-source
series,https://www.cyotek.com/blog/resolving-svn-error-could-not-open-the-requested-svn-filesystem
series,https://www.cyotek.com/downloads
series,https://www.cyotek.com/privacy-policy
series,https://www.cyotek.com/source-code
series,https://demo.cyotek.com/statuscodes/index.php
series,https://www.cyotek.com/blog/products/introducing-64bit-builds
series,https://www.cyotek.com/copyright-and-trademarks
series,https://www.cyotek.com/blog/products/crowdstrike-falcon-false-positives
series,https://www.cyotek.com/cyotek-sitemap-creator
series,https://www.cyotek.com/sitemap
series,https://www.cyotek.com/contact
series,https://www.cyotek.com/blog/products/introducing-webview2-support-part-1
series,https://www.cyotek.com/cyotek-palette-editor
series,https://www.cyotek.com/jewel-rush
series,https://www.cyotek.com/blog/tools-we-use-2024-edition
series,https://www.cyotek.com/search
series,https://www.cyotek.com/terms-of-use
series,https://www.cyotek.com/cyotek-nbt-editor
series,https://www.cyotek.com/blog
series,https://www.cyotek.com/cyotek-gif-animator
series,https://www.cyotek.com/donate
series,https://www.cyotek.com/blog/tools-we-use-2023-edition
series,https://www.cyotek.com/blog/rss
series,https://www.cyotek.com/about
series,https://www.cyotek.com/cyotek-webcopy
series,https://www.cyotek.com/rss
deal,https://www.cyotek.com/blog/tools-we-use-2024-edition
deal,https://www.cyotek.com/rss
deal,https://www.cyotek.com/blog/rss
deal,https://demo.cyotek.com/statuscodes/index.php
"errors,",https://www.cyotek.com/rss
"errors,",https://www.cyotek.com/blog/rss
"errors,",https://demo.cyotek.com/statuscodes/index.php
hyper-links,https://www.cyotek.com/rss
hyper-links,https://www.cyotek.com/blog/rss
hyper-links,https://demo.cyotek.com/statuscodes/index.php
these,https://www.cyotek.com/terms-of-use
these,https://www.cyotek.com/blog/products/crowdstrike-falcon-false-positives
these,https://www.cyotek.com/blog/resolving-svn-error-could-not-open-the-requested-svn-filesystem
these,https://www.cyotek.com/downloads
these,https://www.cyotek.com/privacy-policy
these,https://www.cyotek.com/source-code
these,https://demo.cyotek.com/statuscodes/index.php
these,https://www.cyotek.com/blog
these,https://www.cyotek.com/blog/products/introducing-webview2-support-part-1
these,https://www.cyotek.com/blog/tools-we-use-2023-edition
these,https://www.cyotek.com/blog/rss
these,https://www.cyotek.com/blog/products/introducing-64bit-builds
these,https://www.cyotek.com/about
these,https://www.cyotek.com/blog/products
these,https://www.cyotek.com/blog/tools-we-use-2024-edition
these,https://support.cyotek.com
these,https://www.cyotek.com/rss
pages,https://www.cyotek.com/terms-of-use
pages,https://www.cyotek.com/cyotek-sitemap-creator
pages,https://www.cyotek.com/blog/products/crowdstrike-falcon-false-positives
pages,https://www.cyotek.com/blog/resolving-svn-error-could-not-open-the-requested-svn-filesystem
pages,https://www.cyotek.com/privacy-policy
pages,https://demo.cyotek.com/statuscodes/index.php
pages,https://www.cyotek.com/blog
pages,https://demo.cyotek.com/changelog.php
pages,https://www.cyotek.com/blog/products/introducing-webview2-support-part-1
pages,https://www.cyotek.com/blog/tools-we-use-2023-edition
pages,https://www.cyotek.com/products
pages,https://www.cyotek.com/blog/products/introducing-64bit-builds
pages,https://www.cyotek.com/blog/rss
pages,https://www.cyotek.com/blog/products
pages,https://www.cyotek.com/blog/tools-we-use-2024-edition
pages,https://www.cyotek.com/cyotek-webcopy
pages,https://www.cyotek.com/rss
onclick,https://demo.cyotek.com/statuscodes/index.php
events,https://www.cyotek.com/rss
events,https://www.cyotek.com/blog/rss
events,https://demo.cyotek.com/statuscodes/index.php
instead,https://www.cyotek.com/blog/resolving-svn-error-could-not-open-the-requested-svn-filesystem
instead,https://demo.cyotek.com/statuscodes/index.php
instead,https://www.cyotek.com/blog/rss
instead,https://www.cyotek.com/blog/tools-we-use-2023-edition
instead,https://www.cyotek.com/blog/tools-we-use-2024-edition
instead,https://www.cyotek.com/rss
standard,https://www.cyotek.com/cyotek-nbt-editor
standard,https://www.cyotek.com/source-code
standard,https://demo.cyotek.com/statuscodes/index.php
standard,https://demo.cyotek.com/html/attributes/custom.php
standard,https://www.cyotek.com/blog/rss
standard,https://www.cyotek.com/rss
href,https://demo.cyotek.com/html/attributes/custom.php
href,https://demo.cyotek.com/statuscodes/index.php
prevent,https://www.cyotek.com/rss
prevent,https://www.cyotek.com/blog/rss
prevent,https://www.cyotek.com/privacy-policy
prevent,https://demo.cyotek.com/statuscodes/index.php
them,https://www.cyotek.com/blog/products/crowdstrike-falcon-false-positives
them,https://www.cyotek.com/source-code
them,https://demo.cyotek.com/statuscodes/index.php
them,https://www.cyotek.com/donate
them,https://www.cyotek.com/blog/tools-we-use-2023-edition
them,https://www.cyotek.com/blog/rss
them,https://www.cyotek.com/blog/products
them,https://www.cyotek.com/blog/tools-we-use-2024-edition
them,https://www.cyotek.com/rss
detected,https://www.cyotek.com/rss
detected,https://www.cyotek.com/blog/rss
detected,https://demo.cyotek.com/statuscodes/index.php
current,https://www.cyotek.com/cyotek-spriter
current,https://www.cyotek.com/cyotek-copytools
current,https://www.cyotek.com/cyotek-sitemap-creator
current,https://www.cyotek.com/cyotek-nbt-editor
current,https://demo.cyotek.com/statuscodes/index.php
current,https://www.cyotek.com/cyotek-gif-animator
current,https://www.cyotek.com/blog/rss
current,https://www.cyotek.com/cyotek-palette-editor
current,https://www.cyotek.com/jewel-rush
current,https://demo.cyotek.com/html/elements/picture.php
current,https://www.cyotek.com/blog/products
current,https://www.cyotek.com/blog/tools-we-use-2024-edition
current,https://www.cyotek.com/cyotek-webcopy
current,https://support.cyotek.com
current,https://www.cyotek.com/rss
versions,https://www.cyotek.com/cyotek-copytools
versions,https://www.cyotek.com/cyotek-slicr
versions,https://www.cyotek.com/products
versions,https://www.cyotek.com/blog/products
versions,https://www.cyotek.com/cyotek-spriter
versions,https://www.cyotek.com/open-source
versions,https://www.cyotek.com/blog/resolving-svn-error-could-not-open-the-requested-svn-filesystem
versions,https://www.cyotek.com/downloads
versions,https://www.cyotek.com/privacy-policy
versions,https://demo.cyotek.com/statuscodes/index.php
versions,https://www.cyotek.com/source-code
versions,https://www.cyotek.com/blog/products/introducing-64bit-builds
versions,https://www.cyotek.com/copyright-and-trademarks
versions,https://www.cyotek.com/blog/products/crowdstrike-falcon-false-positives
versions,https://www.cyotek.com/cyotek-sitemap-creator
versions,https://www.cyotek.com/sitemap
versions,https://www.cyotek.com/contact
versions,https://demo.cyotek.com/changelog.php
versions,https://www.cyotek.com/blog/products/introducing-webview2-support-part-1
versions,https://www.cyotek.com/cyotek-palette-editor
versions,https://www.cyotek.com/jewel-rush
versions,https://www.cyotek.com/blog/tools-we-use-2024-edition
versions,https://www.cyotek.com/search
versions,https://www.cyotek.com/terms-of-use
versions,https://www.cyotek.com/cyotek-nbt-editor
versions,https://www.cyotek.com/blog
versions,https://www.cyotek.com/cyotek-gif-animator
versions,https://www.cyotek.com/donate
versions,https://www.cyotek.com/blog/tools-we-use-2023-edition
versions,https://www.cyotek.com/blog/rss
versions,https://www.cyotek.com/about
versions,https://www.cyotek.com/cyotek-webcopy
versions,https://www.cyotek.com/rss
(which,https://www.cyotek.com/rss
(which,https://www.cyotek.com/blog/rss
(which,https://demo.cyotek.com/statuscodes/index.php
do,https://www.cyotek.com/terms-of-use
do,https://www.cyotek.com/blog/products/crowdstrike-falcon-false-positives
do,https://www.cyotek.com/contact
do,https://www.cyotek.com/privacy-policy
do,https://www.cyotek.com/source-code
do,https://demo.cyotek.com/statuscodes/index.php
do,https://www.cyotek.com/donate
do,https://www.cyotek.com/blog/tools-we-use-2023-edition
do,https://www.cyotek.com/blog/rss
do,https://www.cyotek.com/blog/tools-we-use-2024-edition
do,https://www.cyotek.com/cyotek-webcopy
do,https://www.cyotek.com/rss
process,https://www.cyotek.com/cyotek-spriter
process,https://www.cyotek.com/cyotek-nbt-editor
process,https://www.cyotek.com/privacy-policy
process,https://demo.cyotek.com/statuscodes/index.php
process,https://www.cyotek.com/blog/tools-we-use-2023-edition
process,https://www.cyotek.com/blog/rss
process,https://www.cyotek.com/products
process,https://www.cyotek.com/blog/tools-we-use-2024-edition
process,https://www.cyotek.com/rss
javascript).,https://demo.cyotek.com/statuscodes/index.php
allows,https://www.cyotek.com/open-source
allows,https://www.cyotek.com/privacy-policy
allows,https://demo.cyotek.com/statuscodes/index.php
allows,https://www.cyotek.com/blog/products/introducing-webview2-support-part-1
allows,https://www.cyotek.com/cyotek-palette-editor
allows,https://www.cyotek.com/products
allows,https://www.cyotek.com/blog/rss
allows,https://www.cyotek.com/rss
"""out",https://demo.cyotek.com/statuscodes/index.php
"box""",https://www.cyotek.com/rss
"box""",https://www.cyotek.com/blog/rss
"box""",https://demo.cyotek.com/statuscodes/index.php
complete,https://demo.cyotek.com/statuscodes/index.php
complete,https://www.cyotek.com/blog/rss
complete,https://www.cyotek.com/products
complete,https://www.cyotek.com/cyotek-webcopy
complete,https://www.cyotek.com/rss
displaying,https://www.cyotek.com/open-source
displaying,https://www.cyotek.com/source-code
displaying,https://demo.cyotek.com/statuscodes/index.php
displaying,https://www.cyotek.com/blog/rss
displaying,https://www.cyotek.com/rss
errors,https://www.cyotek.com/terms-of-use
errors,https://demo.cyotek.com/statuscodes/index.php
errors,https://demo.cyotek.com/changelog.php
errors,https://www.cyotek.com/blog/rss
errors,https://www.cyotek.com/rss
password,https://demo.cyotek.com/statuscodes/index.php
password,https://www.cyotek.com/blog/rss
password,https://www.cyotek.com/blog/tools-we-use-2023-edition
password,https://www.cyotek.com/blog/tools-we-use-2024-edition
password,https://www.cyotek.com/rss
prompts,https://www.cyotek.com/blog/tools-we-use-2024-edition
prompts,https://www.cyotek.com/rss
prompts,https://www.cyotek.com/blog/rss
prompts,https://demo.cyotek.com/statuscodes/index.php
etc.,https://www.cyotek.com/rss
etc.,https://www.cyotek.com/blog/rss
etc.,https://www.cyotek.com/source-code
etc.,https://demo.cyotek.com/statuscodes/index.php
requiring,https://www.cyotek.com/rss
requiring,https://www.cyotek.com/blog/rss
requiring,https://demo.cyotek.com/statuscodes/index.php
changes,https://www.cyotek.com/cyotek-spriter
changes,https://www.cyotek.com/cyotek-copytools
changes,https://www.cyotek.com/cyotek-sitemap-creator
changes,https://www.cyotek.com/cyotek-slicr
changes,https://www.cyotek.com/source-code
changes,https://demo.cyotek.com/statuscodes/index.php
changes,https://www.cyotek.com/cyotek-gif-animator
changes,https://www.cyotek.com/blog/rss
changes,https://www.cyotek.com/cyotek-palette-editor
changes,https://www.cyotek.com/blog/products
changes,https://www.cyotek.com/cyotek-webcopy
changes,https://www.cyotek.com/rss
default,https://www.cyotek.com/blog/products/crowdstrike-falcon-false-positives
default,https://www.cyotek.com/cyotek-nbt-editor
default,https://demo.cyotek.com/statuscodes/index.php
default,https://www.cyotek.com/blog/rss
default,https://www.cyotek.com/blog/products/introducing-webview2-support-part-1
default,https://demo.cyotek.com/features/index.php
default,https://www.cyotek.com/rss
configuration.,https://www.cyotek.com/rss
configuration.,https://www.cyotek.com/blog/rss
configuration.,https://demo.cyotek.com/statuscodes/index.php
access,https://www.cyotek.com/blog/resolving-svn-error-could-not-open-the-requested-svn-filesystem
access,https://www.cyotek.com/privacy-policy
access,https://demo.cyotek.com/statuscodes/index.php
access,https://www.cyotek.com/blog/rss
access,https://www.cyotek.com/blog/tools-we-use-2023-edition
access,https://www.cyotek.com/blog/tools-we-use-2024-edition
access,https://www.cyotek.com/rss
relevant,https://www.cyotek.com/terms-of-use
relevant,https://www.cyotek.com/rss
relevant,https://www.cyotek.com/blog/rss
relevant,https://demo.cyotek.com/statuscodes/index.php
uri,https://demo.cyotek.com/changelog.php
uri,https://www.cyotek.com/rss
uri,https://www.cyotek.com/blog/rss
uri,https://demo.cyotek.com/statuscodes/index.php
directly,https://demo.cyotek.com/html/elements/style.php
directly,https://www.cyotek.com/rss
directly,https://www.cyotek.com/blog/rss
directly,https://demo.cyotek.com/statuscodes/index.php
order,https://www.cyotek.com/privacy-policy
order,https://www.cyotek.com/source-code
order,https://demo.cyotek.com/statuscodes/index.php
order,https://www.cyotek.com/blog
order,https://www.cyotek.com/blog/rss
order,https://www.cyotek.com/rss
feature.,https://www.cyotek.com/rss
feature.,https://demo.cyotek.com/statuscodes/index.php
future,https://www.cyotek.com/blog/products/crowdstrike-falcon-false-positives
future,https://www.cyotek.com/blog/resolving-svn-error-could-not-open-the-requested-svn-filesystem
future,https://demo.cyotek.com/statuscodes/index.php
future,https://www.cyotek.com/blog
future,https://www.cyotek.com/donate
future,https://www.cyotek.com/blog/products/introducing-webview2-support-part-1
future,https://www.cyotek.com/blog/tools-we-use-2023-edition
future,https://www.cyotek.com/blog/rss
future,https://www.cyotek.com/blog/products/introducing-64bit-builds
future,https://www.cyotek.com/blog/products
future,https://www.cyotek.com/blog/tools-we-use-2024-edition
future,https://www.cyotek.com/rss
expected,https://www.cyotek.com/blog/resolving-svn-error-could-not-open-the-requested-svn-filesystem
expected,https://demo.cyotek.com/statuscodes/index.php
expected,https://www.cyotek.com/blog/rss
expected,https://www.cyotek.com/cyotek-webcopy
expected,https://www.cyotek.com/rss
include,https://www.cyotek.com/terms-of-use
include,https://www.cyotek.com/privacy-policy
include,https://www.cyotek.com/source-code
include,https://demo.cyotek.com/statuscodes/index.php
include,https://demo.cyotek.com/changelog.php
include,https://www.cyotek.com/blog/tools-we-use-2023-edition
include,https://www.cyotek.com/blog/rss
include,https://www.cyotek.com/blog/products/introducing-64bit-builds
include,https://www.cyotek.com/about
include,https://www.cyotek.com/blog/tools-we-use-2024-edition
include,https://www.cyotek.com/cyotek-webcopy
include,https://www.cyotek.com/rss
limited,https://www.cyotek.com/terms-of-use
limited,https://demo.cyotek.com/statuscodes/index.php
limited,https://www.cyotek.com/blog/rss
limited,https://www.cyotek.com/blog/tools-we-use-2023-edition
limited,https://www.cyotek.com/blog/products
limited,https://www.cyotek.com/blog/tools-we-use-2024-edition
limited,https://www.cyotek.com/rss
processing.,https://www.cyotek.com/rss
processing.,https://www.cyotek.com/blog/rss
processing.,https://demo.cyotek.com/statuscodes/index.php
3xx,https://demo.cyotek.com/changelog.php
3xx,https://demo.cyotek.com/statuscodes/index.php
redirection,https://www.cyotek.com/rss
redirection,https://www.cyotek.com/open-source
redirection,https://demo.cyotek.com/statuscodes/index.php
300,https://demo.cyotek.com/changelog.php
300,https://www.cyotek.com/rss
300,https://demo.cyotek.com/statuscodes/index.php
multiple,https://www.cyotek.com/cyotek-copytools
multiple,https://www.cyotek.com/cyotek-slicr
multiple,https://www.cyotek.com/products
multiple,https://www.cyotek.com/blog/products
multiple,https://www.cyotek.com/cyotek-spriter
multiple,https://www.cyotek.com/open-source
multiple,https://www.cyotek.com/blog/resolving-svn-error-could-not-open-the-requested-svn-filesystem
multiple,https://www.cyotek.com/downloads
multiple,https://www.cyotek.com/privacy-policy
multiple,https://demo.cyotek.com/statuscodes/index.php
multiple,https://www.cyotek.com/source-code
multiple,https://www.cyotek.com/blog/products/introducing-64bit-builds
multiple,https://www.cyotek.com/copyright-and-trademarks
multiple,https://www.cyotek.com/blog/products/crowdstrike-falcon-false-positives
multiple,https://www.cyotek.com/cyotek-sitemap-creator
multiple,https://www.cyotek.com/sitemap
multiple,https://www.cyotek.com/contact
multiple,https://demo.cyotek.com/changelog.php
multiple,https://www.cyotek.com/blog/products/introducing-webview2-support-part-1
multiple,https://www.cyotek.com/cyotek-palette-editor
multiple,https://www.cyotek.com/jewel-rush
multiple,https://demo.cyotek.com/html/elements/picture.php
multiple,https://www.cyotek.com/blog/tools-we-use-2024-edition
multiple,https://www.cyotek.com/search
multiple,https://www.cyotek.com/terms-of-use
multiple,https://www.cyotek.com/cyotek-nbt-editor
multiple,https://www.cyotek.com/blog
multiple,https://www.cyotek.com/cyotek-gif-animator
multiple,https://www.cyotek.com/donate
multiple,https://www.cyotek.com/blog/tools-we-use-2023-edition
multiple,https://www.cyotek.com/blog/rss
multiple,https://www.cyotek.com/about
multiple,https://www.cyotek.com/cyotek-webcopy
multiple,https://www.cyotek.com/rss
choices,https://www.cyotek.com/rss
choices,https://www.cyotek.com/blog/tools-we-use-2023-edition
choices,https://demo.cyotek.com/statuscodes/index.php
301,https://demo.cyotek.com/changelog.php
301,https://www.cyotek.com/rss
301,https://www.cyotek.com/blog/rss
301,https://demo.cyotek.com/statuscodes/index.php
moved,https://www.cyotek.com/blog/products/crowdstrike-falcon-false-positives
moved,https://www.cyotek.com/blog/resolving-svn-error-could-not-open-the-requested-svn-filesystem
moved,https://demo.cyotek.com/statuscodes/index.php
moved,https://www.cyotek.com/blog
moved,https://www.cyotek.com/blog/products/introducing-webview2-support-part-1
moved,https://www.cyotek.com/blog/tools-we-use-2023-edition
moved,https://www.cyotek.com/blog/rss
moved,https://www.cyotek.com/blog/products/introducing-64bit-builds
moved,https://www.cyotek.com/blog/products
moved,https://www.cyotek.com/blog/tools-we-use-2024-edition
moved,https://www.cyotek.com/rss
permanently,https://www.cyotek.com/rss
permanently,https://www.cyotek.com/blog/rss
permanently,https://demo.cyotek.com/statuscodes/index.php
302,https://demo.cyotek.com/changelog.php
302,https://demo.cyotek.com/statuscodes/index.php
found,https://www.cyotek.com/terms-of-use
found,https://www.cyotek.com/blog/resolving-svn-error-could-not-open-the-requested-svn-filesystem
found,https://www.cyotek.com/contact
found,https://www.cyotek.com/privacy-policy
found,https://demo.cyotek.com/statuscodes/index.php
found,https://www.cyotek.com/blog/rss
found,https://www.cyotek.com/blog/tools-we-use-2023-edition
found,https://www.cyotek.com/jewel-rush
found,https://www.cyotek.com/blog/tools-we-use-2024-edition
found,https://www.cyotek.com/rss
303,https://demo.cyotek.com/statuscodes/index.php
see,https://www.cyotek.com/open-source
see,https://www.cyotek.com/blog/resolving-svn-error-could-not-open-the-requested-svn-filesystem
see,https://www.cyotek.com/downloads
see,https://www.cyotek.com/privacy-policy
see,https://demo.cyotek.com/statuscodes/index.php
see,https://www.cyotek.com/blog/tools-we-use-2023-edition
see,https://www.cyotek.com/blog/products/introducing-webview2-support-part-1
see,https://www.cyotek.com/blog/rss
see,https://www.cyotek.com/blog/tools-we-use-2024-edition
see,https://www.cyotek.com/rss
304,https://demo.cyotek.com/statuscodes/index.php
modified,https://www.cyotek.com/rss
modified,https://www.cyotek.com/blog/rss
modified,https://demo.cyotek.com/statuscodes/index.php
307,https://demo.cyotek.com/statuscodes/index.php
temporary,https://www.cyotek.com/rss
temporary,https://www.cyotek.com/blog/rss
temporary,https://demo.cyotek.com/statuscodes/index.php
redirect,https://demo.cyotek.com/statuscodes/index.php
redirect,https://demo.cyotek.com/changelog.php
redirect,https://www.cyotek.com/blog/rss
redirect,https://demo.cyotek.com/features/index.php
redirect,https://www.cyotek.com/rss
308,https://demo.cyotek.com/statuscodes/index.php
permanent,https://www.cyotek.com/rss
permanent,https://www.cyotek.com/blog/rss
permanent,https://demo.cyotek.com/statuscodes/index.php
client,https://www.cyotek.com/open-source
client,https://demo.cyotek.com/statuscodes/index.php
client,https://www.cyotek.com/blog/rss
client,https://www.cyotek.com/blog/tools-we-use-2023-edition
client,https://www.cyotek.com/blog/tools-we-use-2024-edition
client,https://www.cyotek.com/rss
400,https://www.cyotek.com/rss
400,https://www.cyotek.com/blog/rss
400,https://demo.cyotek.com/statuscodes/index.php
bad,https://www.cyotek.com/rss
bad,https://www.cyotek.com/blog/rss
bad,https://demo.cyotek.com/statuscodes/index.php
request,https://www.cyotek.com/privacy-policy
request,https://demo.cyotek.com/statuscodes/index.php
request,https://demo.cyotek.com/changelog.php
request,https://www.cyotek.com/blog/rss
request,https://demo.cyotek.com/features/index.php
request,https://www.cyotek.com/rss
401,https://www.cyotek.com/rss
401,https://www.cyotek.com/blog/rss
401,https://demo.cyotek.com/statuscodes/index.php
authorized,https://demo.cyotek.com/statuscodes/index.php
403,https://demo.cyotek.com/statuscodes/index.php
forbidden,https://demo.cyotek.com/statuscodes/index.php
404,https://www.cyotek.com/rss
404,https://www.cyotek.com/blog/rss
404,https://demo.cyotek.com/statuscodes/index.php
405,https://demo.cyotek.com/statuscodes/index.php
method,https://demo.cyotek.com/changelog.php
method,https://www.cyotek.com/rss
method,https://www.cyotek.com/blog/rss
method,https://demo.cyotek.com/statuscodes/index.php
allowed,https://www.cyotek.com/rss
allowed,https://www.cyotek.com/blog/rss
allowed,https://demo.cyotek.com/statuscodes/index.php
server,https://www.cyotek.com/blog/products/crowdstrike-falcon-false-positives
server,https://www.cyotek.com/blog/resolving-svn-error-could-not-open-the-requested-svn-filesystem
server,https://demo.cyotek.com/statuscodes/index.php
server,https://www.cyotek.com/blog/rss
server,https://www.cyotek.com/blog/tools-we-use-2023-edition
server,https://www.cyotek.com/blog/tools-we-use-2024-edition
server,https://www.cyotek.com/cyotek-webcopy
server,https://www.cyotek.com/rss
500,https://demo.cyotek.com/statuscodes/index.php
internal,https://www.cyotek.com/cyotek-nbt-editor
internal,https://demo.cyotek.com/statuscodes/index.php
internal,https://www.cyotek.com/blog/rss
internal,https://www.cyotek.com/blog/tools-we-use-2023-edition
internal,https://www.cyotek.com/blog/tools-we-use-2024-edition
internal,https://www.cyotek.com/rss
501,https://demo.cyotek.com/statuscodes/index.php
implemented,https://www.cyotek.com/rss
implemented,https://www.cyotek.com/blog/rss
implemented,https://demo.cyotek.com/statuscodes/index.php
502,https://demo.cyotek.com/statuscodes/index.php
gateway,https://demo.cyotek.com/statuscodes/index.php
503,https://demo.cyotek.com/statuscodes/index.php
service,https://www.cyotek.com/rss
service,https://www.cyotek.com/blog/rss
service,https://www.cyotek.com/open-source
service,https://demo.cyotek.com/statuscodes/index.php
unavailable,https://www.cyotek.com/terms-of-use
unavailable,https://demo.cyotek.com/statuscodes/index.php
504,https://demo.cyotek.com/statuscodes/index.php
timeout,https://www.cyotek.com/rss
timeout,https://www.cyotek.com/blog/rss
timeout,https://demo.cyotek.com/statuscodes/index.php
505,https://demo.cyotek.com/statuscodes/index.php
supported,https://www.cyotek.com/blog/products/crowdstrike-falcon-false-positives
supported,https://www.cyotek.com/blog/resolving-svn-error-could-not-open-the-requested-svn-filesystem
supported,https://www.cyotek.com/cyotek-nbt-editor
supported,https://www.cyotek.com/downloads
supported,https://www.cyotek.com/source-code
supported,https://demo.cyotek.com/statuscodes/index.php
supported,https://www.cyotek.com/blog/products/introducing-webview2-support-part-1
supported,https://www.cyotek.com/cyotek-palette-editor
supported,https://www.cyotek.com/blog/tools-we-use-2023-edition
supported,https://www.cyotek.com/blog/products/introducing-64bit-builds
supported,https://www.cyotek.com/blog/rss
supported,https://www.cyotek.com/blog/tools-we-use-2024-edition
supported,https://support.cyotek.com
supported,https://www.cyotek.com/rss
added,https://www.cyotek.com/terms-of-use
added,https://www.cyotek.com/privacy-policy
added,https://www.cyotek.com/source-code
added,https://demo.cyotek.com/changelog.php
added,https://www.cyotek.com/blog/rss
added,https://www.cyotek.com/rss
new,https://www.cyotek.com/blog/products/crowdstrike-falcon-false-positives
new,https://www.cyotek.com/open-source
new,https://www.cyotek.com/blog/resolving-svn-error-could-not-open-the-requested-svn-filesystem
new,https://www.cyotek.com/cyotek-nbt-editor
new,https://www.cyotek.com/source-code
new,https://www.cyotek.com/blog
new,https://demo.cyotek.com/changelog.php
new,https://www.cyotek.com/blog/products/introducing-webview2-support-part-1
new,https://www.cyotek.com/blog/tools-we-use-2023-edition
new,https://www.cyotek.com/blog/rss
new,https://www.cyotek.com/blog/products/introducing-64bit-builds
new,https://www.cyotek.com/about
new,https://www.cyotek.com/blog/products
new,https://www.cyotek.com/blog/tools-we-use-2024-edition
new,https://www.cyotek.com/rss
compression,https://demo.cyotek.com/changelog.php
compression,https://www.cyotek.com/blog/rss
compression,https://www.cyotek.com/blog/tools-we-use-2023-edition
compression,https://demo.cyotek.com/features/index.php
compression,https://www.cyotek.com/rss
1.29.3,https://demo.cyotek.com/changelog.php
changed,https://www.cyotek.com/source-code
changed,https://demo.cyotek.com/changelog.php
changed,https://www.cyotek.com/blog/rss
changed,https://www.cyotek.com/blog/tools-we-use-2023-edition
changed,https://www.cyotek.com/blog/tools-we-use-2024-edition
changed,https://www.cyotek.com/rss
authenticationform.php,https://demo.cyotek.com/changelog.php
authenticationlogout.php,https://demo.cyotek.com/changelog.php
now,https://www.cyotek.com/blog/products/crowdstrike-falcon-false-positives
now,https://www.cyotek.com/blog/resolving-svn-error-could-not-open-the-requested-svn-filesystem
now,https://www.cyotek.com/cyotek-nbt-editor
now,https://www.cyotek.com/source-code
now,https://demo.cyotek.com/changelog.php
now,https://www.cyotek.com/blog/products/introducing-webview2-support-part-1
now,https://www.cyotek.com/blog/tools-we-use-2023-edition
now,https://www.cyotek.com/blog/rss
now,https://www.cyotek.com/blog/products
now,https://www.cyotek.com/blog/tools-we-use-2024-edition
now,https://support.cyotek.com
now,https://www.cyotek.com/rss
set,https://demo.cyotek.com/changelog.php
set,https://www.cyotek.com/blog/rss
set,https://www.cyotek.com/blog/tools-we-use-2023-edition
set,https://www.cyotek.com/blog/tools-we-use-2024-edition
set,https://www.cyotek.com/rss
(or,https://www.cyotek.com/privacy-policy
(or,https://demo.cyotek.com/changelog.php
(or,https://www.cyotek.com/blog/rss
(or,https://www.cyotek.com/blog/tools-we-use-2023-edition
(or,https://www.cyotek.com/blog/products/introducing-64bit-builds
(or,https://www.cyotek.com/blog/tools-we-use-2024-edition
(or,https://www.cyotek.com/rss
remove),https://demo.cyotek.com/changelog.php
cookie,https://demo.cyotek.com/changelog.php
cookie,https://www.cyotek.com/blog/rss
cookie,https://www.cyotek.com/privacy-policy
cookie,https://www.cyotek.com/rss
named,https://www.cyotek.com/cyotek-nbt-editor
named,https://demo.cyotek.com/changelog.php
named,https://www.cyotek.com/blog/rss
named,https://www.cyotek.com/products
named,https://www.cyotek.com/rss
crawldemo_loggedin,https://demo.cyotek.com/changelog.php
1.29.2,https://demo.cyotek.com/changelog.php
fixed,https://www.cyotek.com/open-source
fixed,https://demo.cyotek.com/changelog.php
fixed,https://www.cyotek.com/blog/rss
fixed,https://www.cyotek.com/blog/products/introducing-webview2-support-part-1
fixed,https://www.cyotek.com/rss
reworked,https://demo.cyotek.com/changelog.php
reworked,https://www.cyotek.com/blog/rss
reworked,https://www.cyotek.com/rss
getrequestprotocol,https://demo.cyotek.com/changelog.php
look,https://www.cyotek.com/blog/resolving-svn-error-could-not-open-the-requested-svn-filesystem
look,https://www.cyotek.com/privacy-policy
look,https://www.cyotek.com/source-code
look,https://demo.cyotek.com/changelog.php
look,https://www.cyotek.com/blog/rss
look,https://www.cyotek.com/blog/tools-we-use-2023-edition
look,https://www.cyotek.com/blog/products
look,https://www.cyotek.com/blog/tools-we-use-2024-edition
look,https://www.cyotek.com/rss
cf-visitor,https://demo.cyotek.com/changelog.php
first,https://www.cyotek.com/terms-of-use
first,https://www.cyotek.com/privacy-policy
first,https://www.cyotek.com/source-code
first,https://www.cyotek.com/blog
first,https://demo.cyotek.com/changelog.php
first,https://www.cyotek.com/blog/products/introducing-webview2-support-part-1
first,https://www.cyotek.com/blog/tools-we-use-2023-edition
first,https://www.cyotek.com/blog/rss
first,https://www.cyotek.com/about
first,https://www.cyotek.com/blog/products
first,https://www.cyotek.com/blog/tools-we-use-2024-edition
first,https://www.cyotek.com/rss
1.29.1,https://demo.cyotek.com/changelog.php
updated,https://demo.cyotek.com/changelog.php
updated,https://www.cyotek.com/donate
updated,https://www.cyotek.com/blog/rss
updated,https://www.cyotek.com/blog/tools-we-use-2023-edition
updated,https://www.cyotek.com/blog/tools-we-use-2024-edition
updated,https://www.cyotek.com/rss
formats,https://demo.cyotek.com/changelog.php
formats,https://www.cyotek.com/blog/tools-we-use-2023-edition
formats,https://www.cyotek.com/cyotek-palette-editor
formats,https://demo.cyotek.com/features/index.php
formats,https://www.cyotek.com/products
formats,https://www.cyotek.com/blog/rss
formats,https://www.cyotek.com/blog/tools-we-use-2024-edition
formats,https://www.cyotek.com/rss
avif,https://demo.cyotek.com/changelog.php
"sample,",https://demo.cyotek.com/changelog.php
"sample,",https://www.cyotek.com/blog/rss
"sample,",https://www.cyotek.com/rss
comparison,https://demo.cyotek.com/changelog.php
comparison,https://www.cyotek.com/blog/rss
comparison,https://www.cyotek.com/blog/tools-we-use-2023-edition
comparison,https://www.cyotek.com/blog/tools-we-use-2024-edition
comparison,https://www.cyotek.com/rss
file,https://www.cyotek.com/blog/products/crowdstrike-falcon-false-positives
file,https://www.cyotek.com/open-source
file,https://www.cyotek.com/privacy-policy
file,https://www.cyotek.com/source-code
file,https://www.cyotek.com/cyotek-slicr
file,https://demo.cyotek.com/changelog.php
file,https://www.cyotek.com/blog/tools-we-use-2023-edition
file,https://www.cyotek.com/blog/rss
file,https://www.cyotek.com/products
file,https://www.cyotek.com/blog/products
file,https://www.cyotek.com/blog/tools-we-use-2024-edition
file,https://www.cyotek.com/cyotek-webcopy
file,https://www.cyotek.com/rss
sizes,https://www.cyotek.com/cyotek-slicr
sizes,https://demo.cyotek.com/changelog.php
sizes,https://www.cyotek.com/blog/rss
sizes,https://www.cyotek.com/products
sizes,https://www.cyotek.com/rss
1.29.0,https://demo.cyotek.com/changelog.php
fake,https://demo.cyotek.com/changelog.php
fake,https://www.cyotek.com/blog/rss
fake,https://www.cyotek.com/rss
application,https://www.cyotek.com/cyotek-spriter
application,https://www.cyotek.com/cyotek-sitemap-creator
application,https://www.cyotek.com/open-source
application,https://www.cyotek.com/privacy-policy
application,https://www.cyotek.com/source-code
application,https://www.cyotek.com/cyotek-slicr
application,https://demo.cyotek.com/changelog.php
application,https://www.cyotek.com/blog/tools-we-use-2023-edition
application,https://www.cyotek.com/blog/rss
application,https://www.cyotek.com/products
application,https://www.cyotek.com/blog/tools-we-use-2024-edition
application,https://www.cyotek.com/rss
1.28.1,https://demo.cyotek.com/changelog.php
referer,https://demo.cyotek.com/changelog.php
referer,https://demo.cyotek.com/features/index.php
agent,https://demo.cyotek.com/changelog.php
agent,https://www.cyotek.com/blog/rss
agent,https://demo.cyotek.com/features/index.php
agent,https://www.cyotek.com/rss
block,https://demo.cyotek.com/changelog.php
block,https://www.cyotek.com/blog/tools-we-use-2023-edition
block,https://www.cyotek.com/blog/rss
block,https://www.cyotek.com/blog/products/introducing-webview2-support-part-1
block,https://www.cyotek.com/blog/tools-we-use-2024-edition
block,https://www.cyotek.com/rss
different,https://www.cyotek.com/blog/products/crowdstrike-falcon-false-positives
different,https://www.cyotek.com/blog
different,https://demo.cyotek.com/changelog.php
different,https://www.cyotek.com/blog/rss
different,https://www.cyotek.com/blog/tools-we-use-2023-edition
different,https://www.cyotek.com/blog/tools-we-use-2024-edition
different,https://www.cyotek.com/rss
triggers,https://demo.cyotek.com/changelog.php
1.28.0,https://demo.cyotek.com/changelog.php
header,https://demo.cyotek.com/changelog.php
header,https://www.cyotek.com/blog/rss
header,https://demo.cyotek.com/features/index.php
header,https://www.cyotek.com/rss
1.27.0,https://demo.cyotek.com/changelog.php
blocking,https://demo.cyotek.com/changelog.php
1.26.0,https://demo.cyotek.com/changelog.php
1.25.2,https://demo.cyotek.com/changelog.php
tweaks,https://demo.cyotek.com/changelog.php
tweaks,https://www.cyotek.com/rss
corrected,https://demo.cyotek.com/changelog.php
corrected,https://www.cyotek.com/blog/rss
corrected,https://www.cyotek.com/rss
spelling,https://demo.cyotek.com/changelog.php
spelling,https://www.cyotek.com/blog/rss
spelling,https://www.cyotek.com/rss
badly,https://demo.cyotek.com/changelog.php
badly,https://www.cyotek.com/blog/rss
badly,https://www.cyotek.com/rss
headers,https://demo.cyotek.com/changelog.php
headers,https://www.cyotek.com/blog/rss
headers,https://demo.cyotek.com/features/index.php
headers,https://www.cyotek.com/rss
work,https://www.cyotek.com/source-code
work,https://demo.cyotek.com/changelog.php
work,https://www.cyotek.com/cyotek-gif-animator
work,https://www.cyotek.com/blog/products/introducing-webview2-support-part-1
work,https://www.cyotek.com/cyotek-palette-editor
work,https://www.cyotek.com/products
work,https://www.cyotek.com/blog/tools-we-use-2023-edition
work,https://www.cyotek.com/blog/rss
work,https://www.cyotek.com/blog/tools-we-use-2024-edition
work,https://www.cyotek.com/cyotek-webcopy
work,https://www.cyotek.com/rss
reformatted,https://demo.cyotek.com/changelog.php
documentation,https://www.cyotek.com/cyotek-spriter
documentation,https://docs.cyotek.com/
documentation,https://www.cyotek.com/cyotek-copytools
documentation,https://www.cyotek.com/cyotek-sitemap-creator
documentation,https://www.cyotek.com/contact
documentation,https://www.cyotek.com/cyotek-slicr
documentation,https://demo.cyotek.com/changelog.php
documentation,https://www.cyotek.com/cyotek-gif-animator
documentation,https://www.cyotek.com/blog/tools-we-use-2023-edition
documentation,https://www.cyotek.com/cyotek-palette-editor
documentation,https://www.cyotek.com/blog/rss
documentation,https://www.cyotek.com/blog/tools-we-use-2024-edition
documentation,https://www.cyotek.com/cyotek-webcopy
documentation,https://support.cyotek.com
documentation,https://www.cyotek.com/rss
1.25.1,https://demo.cyotek.com/changelog.php
links,https://www.cyotek.com/terms-of-use
links,https://www.cyotek.com/cyotek-sitemap-creator
links,https://www.cyotek.com/open-source
links,https://www.cyotek.com/privacy-policy
links,https://demo.cyotek.com/changelog.php
links,https://www.cyotek.com/blog/rss
links,https://www.cyotek.com/products
links,https://www.cyotek.com/cyotek-webcopy
links,https://www.cyotek.com/rss
javascript\dom,https://demo.cyotek.com/changelog.php
showing,https://www.cyotek.com/source-code
showing,https://demo.cyotek.com/changelog.php
showing,https://www.cyotek.com/blog/rss
showing,https://www.cyotek.com/blog/tools-we-use-2023-edition
showing,https://www.cyotek.com/blog/tools-we-use-2024-edition
showing,https://www.cyotek.com/rss
wrong,https://demo.cyotek.com/changelog.php
wrong,https://www.cyotek.com/blog/rss
wrong,https://www.cyotek.com/rss
sidebar,https://demo.cyotek.com/changelog.php
sidebar,https://www.cyotek.com/blog/rss
sidebar,https://www.cyotek.com/rss
1.25.0,https://demo.cyotek.com/changelog.php
features\paths,https://demo.cyotek.com/changelog.php
removed,https://demo.cyotek.com/changelog.php
removed,https://www.cyotek.com/blog/rss
removed,https://www.cyotek.com/privacy-policy
removed,https://www.cyotek.com/rss
invalid,https://demo.cyotek.com/changelog.php
invalid,https://www.cyotek.com/rss
invalid,https://www.cyotek.com/blog/rss
invalid,https://www.cyotek.com/blog/products
</div>,https://demo.cyotek.com/changelog.php
</div>,https://www.cyotek.com/blog/rss
</div>,https://www.cyotek.com/rss
template,https://www.cyotek.com/cyotek-spriter
template,https://demo.cyotek.com/changelog.php
template,https://www.cyotek.com/blog/rss
template,https://www.cyotek.com/products
template,https://www.cyotek.com/rss
1.24.1,https://demo.cyotek.com/changelog.php
features\downloads,https://demo.cyotek.com/changelog.php
will,https://www.cyotek.com/products
will,https://www.cyotek.com/blog/products
will,https://www.cyotek.com/blog/resolving-svn-error-could-not-open-the-requested-svn-filesystem
will,https://www.cyotek.com/privacy-policy
will,https://www.cyotek.com/blog/products/introducing-64bit-builds
will,https://www.cyotek.com/blog/products/crowdstrike-falcon-false-positives
will,https://www.cyotek.com/cyotek-sitemap-creator
will,https://www.cyotek.com/contact
will,https://demo.cyotek.com/changelog.php
will,https://www.cyotek.com/blog/products/introducing-webview2-support-part-1
will,https://www.cyotek.com/jewel-rush
will,https://demo.cyotek.com/html/elements/picture.php
will,https://www.cyotek.com/blog/tools-we-use-2024-edition
will,https://support.cyotek.com
will,https://www.cyotek.com/terms-of-use
will,https://www.cyotek.com/blog/tools-we-use-2023-edition
will,https://www.cyotek.com/blog/rss
will,https://www.cyotek.com/cyotek-webcopy
will,https://www.cyotek.com/rss
allow,https://www.cyotek.com/privacy-policy
allow,https://www.cyotek.com/source-code
allow,https://demo.cyotek.com/changelog.php
allow,https://www.cyotek.com/blog/rss
allow,https://www.cyotek.com/blog/products/introducing-webview2-support-part-1
allow,https://www.cyotek.com/blog/tools-we-use-2024-edition
allow,https://www.cyotek.com/rss
10mb,https://demo.cyotek.com/changelog.php
10mb,https://www.cyotek.com/jewel-rush
be,https://www.cyotek.com/cyotek-copytools
be,https://www.cyotek.com/cyotek-slicr
be,https://www.cyotek.com/products
be,https://www.cyotek.com/blog/products
be,https://www.cyotek.com/cyotek-spriter
be,https://www.cyotek.com/open-source
be,https://www.cyotek.com/blog/resolving-svn-error-could-not-open-the-requested-svn-filesystem
be,https://www.cyotek.com/downloads
be,https://www.cyotek.com/privacy-policy
be,https://www.cyotek.com/source-code
be,https://www.cyotek.com/blog/products/introducing-64bit-builds
be,https://www.cyotek.com/copyright-and-trademarks
be,https://www.cyotek.com/blog/products/crowdstrike-falcon-false-positives
be,https://www.cyotek.com/cyotek-sitemap-creator
be,https://www.cyotek.com/contact
be,https://demo.cyotek.com/html/attributes/custom.php
be,https://demo.cyotek.com/changelog.php
be,https://www.cyotek.com/blog/products/introducing-webview2-support-part-1
be,https://www.cyotek.com/cyotek-palette-editor
be,https://www.cyotek.com/jewel-rush
be,https://demo.cyotek.com/html/elements/picture.php
be,https://www.cyotek.com/blog/tools-we-use-2024-edition
be,https://www.cyotek.com/terms-of-use
be,https://www.cyotek.com/cyotek-nbt-editor
be,https://www.cyotek.com/blog
be,https://www.cyotek.com/cyotek-gif-animator
be,https://www.cyotek.com/donate
be,https://www.cyotek.com/blog/tools-we-use-2023-edition
be,https://www.cyotek.com/blog/rss
be,https://www.cyotek.com/cyotek-webcopy
be,https://www.cyotek.com/rss
returned,https://demo.cyotek.com/changelog.php
returned,https://www.cyotek.com/blog/rss
returned,https://www.cyotek.com/rss
content-length,https://demo.cyotek.com/changelog.php
send,https://docs.cyotek.com/
send,https://www.cyotek.com/contact
send,https://demo.cyotek.com/changelog.php
send,https://www.cyotek.com/blog/rss
send,https://www.cyotek.com/rss
volume,https://demo.cyotek.com/changelog.php
volume,https://www.cyotek.com/blog/rss
volume,https://www.cyotek.com/blog/tools-we-use-2023-edition
volume,https://www.cyotek.com/blog/tools-we-use-2024-edition
volume,https://www.cyotek.com/rss
longer,https://www.cyotek.com/downloads
longer,https://demo.cyotek.com/changelog.php
longer,https://www.cyotek.com/blog/rss
longer,https://www.cyotek.com/blog/products/introducing-webview2-support-part-1
longer,https://www.cyotek.com/rss
returns,https://demo.cyotek.com/changelog.php
returns,https://www.cyotek.com/blog/rss
returns,https://www.cyotek.com/rss
1mb,https://demo.cyotek.com/changelog.php
1.24.0,https://demo.cyotek.com/changelog.php
1.23.0,https://demo.cyotek.com/changelog.php
features\certificates,https://demo.cyotek.com/changelog.php
1.22.2,https://demo.cyotek.com/changelog.php
cookies,https://www.cyotek.com/open-source
cookies,https://www.cyotek.com/privacy-policy
cookies,https://www.cyotek.com/source-code
cookies,https://demo.cyotek.com/changelog.php
cookies,https://www.cyotek.com/blog/products/introducing-webview2-support-part-1
cookies,https://demo.cyotek.com/features/index.php
cookies,https://www.cyotek.com/blog/rss
cookies,https://www.cyotek.com/rss
paths,https://demo.cyotek.com/changelog.php
paths,https://www.cyotek.com/blog/rss
paths,https://demo.cyotek.com/features/index.php
paths,https://www.cyotek.com/rss
domain,https://demo.cyotek.com/changelog.php
domain,https://www.cyotek.com/blog/rss
domain,https://www.cyotek.com/blog/tools-we-use-2023-edition
domain,https://www.cyotek.com/blog/tools-we-use-2024-edition
domain,https://www.cyotek.com/rss
if,https://www.cyotek.com/cyotek-copytools
if,https://www.cyotek.com/cyotek-slicr
if,https://www.cyotek.com/products
if,https://www.cyotek.com/blog/products
if,https://www.cyotek.com/cyotek-spriter
if,https://www.cyotek.com/open-source
if,https://www.cyotek.com/blog/resolving-svn-error-could-not-open-the-requested-svn-filesystem
if,https://www.cyotek.com/downloads
if,https://www.cyotek.com/privacy-policy
if,https://www.cyotek.com/source-code
if,https://www.cyotek.com/blog/products/introducing-64bit-builds
if,https://www.cyotek.com/copyright-and-trademarks
if,https://www.cyotek.com/blog/products/crowdstrike-falcon-false-positives
if,https://www.cyotek.com/cyotek-sitemap-creator
if,https://demo.cyotek.com/html/attributes/custom.php
if,https://demo.cyotek.com/changelog.php
if,https://www.cyotek.com/blog/products/introducing-webview2-support-part-1
if,https://www.cyotek.com/cyotek-palette-editor
if,https://www.cyotek.com/jewel-rush
if,https://demo.cyotek.com/html/elements/picture.php
if,https://www.cyotek.com/blog/tools-we-use-2024-edition
if,https://www.cyotek.com/terms-of-use
if,https://www.cyotek.com/cyotek-nbt-editor
if,https://www.cyotek.com/blog
if,https://www.cyotek.com/cyotek-gif-animator
if,https://www.cyotek.com/donate
if,https://www.cyotek.com/blog/tools-we-use-2023-edition
if,https://www.cyotek.com/blog/rss
if,https://www.cyotek.com/cyotek-webcopy
if,https://www.cyotek.com/rss
port,https://demo.cyotek.com/changelog.php
port,https://www.cyotek.com/blog/rss
port,https://www.cyotek.com/rss
1.22.1,https://demo.cyotek.com/changelog.php
demonstrating,https://www.cyotek.com/open-source
demonstrating,https://www.cyotek.com/source-code
demonstrating,https://demo.cyotek.com/changelog.php
demonstrating,https://www.cyotek.com/blog/rss
demonstrating,https://www.cyotek.com/rss
wasn't,https://demo.cyotek.com/changelog.php
wasn't,https://www.cyotek.com/blog/rss
wasn't,https://www.cyotek.com/rss
unique,https://demo.cyotek.com/changelog.php
unique,https://www.cyotek.com/donate
unique,https://www.cyotek.com/blog/rss
unique,https://www.cyotek.com/rss
values,https://www.cyotek.com/cyotek-nbt-editor
values,https://demo.cyotek.com/changelog.php
values,https://www.cyotek.com/blog/rss
values,https://www.cyotek.com/rss
1.22.0,https://demo.cyotek.com/changelog.php
features\cookies,https://demo.cyotek.com/changelog.php
features\authentication,https://demo.cyotek.com/changelog.php
printarray,https://demo.cyotek.com/changelog.php
writes,https://demo.cyotek.com/changelog.php
writes,https://www.cyotek.com/blog/rss
writes,https://www.cyotek.com/rss
"""none""",https://demo.cyotek.com/changelog.php
array,https://demo.cyotek.com/changelog.php
array,https://www.cyotek.com/rss
array,https://www.cyotek.com/blog/rss
array,https://www.cyotek.com/source-code
items,https://www.cyotek.com/open-source
items,https://www.cyotek.com/cyotek-nbt-editor
items,https://www.cyotek.com/source-code
items,https://demo.cyotek.com/changelog.php
items,https://www.cyotek.com/blog/rss
items,https://www.cyotek.com/rss
1.21.0,https://demo.cyotek.com/changelog.php
features\request,https://demo.cyotek.com/changelog.php
1.20.0,https://demo.cyotek.com/changelog.php
methods\head,https://demo.cyotek.com/changelog.php
(unlinked),https://demo.cyotek.com/changelog.php
index,https://demo.cyotek.com/changelog.php
index,https://www.cyotek.com/blog/rss
index,https://www.cyotek.com/rss
methods,https://demo.cyotek.com/changelog.php
methods,https://www.cyotek.com/blog/rss
methods,https://www.cyotek.com/rss
did,https://www.cyotek.com/blog/resolving-svn-error-could-not-open-the-requested-svn-filesystem
did,https://demo.cyotek.com/changelog.php
did,https://www.cyotek.com/blog/rss
did,https://www.cyotek.com/blog/tools-we-use-2023-edition
did,https://www.cyotek.com/blog/tools-we-use-2024-edition
did,https://www.cyotek.com/rss
page.,https://demo.cyotek.com/changelog.php
page.,https://www.cyotek.com/blog/rss
page.,https://www.cyotek.com/privacy-policy
page.,https://www.cyotek.com/rss
displays,https://demo.cyotek.com/changelog.php
displays,https://demo.cyotek.com/html/elements/object.php
displays,https://www.cyotek.com/blog/rss
displays,https://www.cyotek.com/rss
normal,https://demo.cyotek.com/html/elements/object.php
normal,https://demo.cyotek.com/changelog.php
normal,https://www.cyotek.com/blog/rss
normal,https://demo.cyotek.com/html/elements/picture.php
normal,https://www.cyotek.com/rss
demonstrations.,https://demo.cyotek.com/changelog.php
1.19.0,https://demo.cyotek.com/changelog.php
text-decoration-skip-ink,https://demo.cyotek.com/changelog.php
undo,https://demo.cyotek.com/changelog.php
undo,https://www.cyotek.com/blog/rss
undo,https://www.cyotek.com/rss
google's,https://demo.cyotek.com/changelog.php
google's,https://www.cyotek.com/blog/rss
google's,https://www.cyotek.com/privacy-policy
google's,https://www.cyotek.com/rss
roughshod,https://demo.cyotek.com/changelog.php
"""we",https://demo.cyotek.com/changelog.php
know,https://www.cyotek.com/blog/products/crowdstrike-falcon-false-positives
know,https://www.cyotek.com/blog/resolving-svn-error-could-not-open-the-requested-svn-filesystem
know,https://www.cyotek.com/privacy-policy
know,https://demo.cyotek.com/changelog.php
know,https://www.cyotek.com/blog/rss
know,https://www.cyotek.com/rss
what's,https://demo.cyotek.com/changelog.php
what's,https://www.cyotek.com/blog/rss
what's,https://www.cyotek.com/rss
"you""",https://demo.cyotek.com/changelog.php
"you""",https://www.cyotek.com/blog/rss
"you""",https://www.cyotek.com/rss
1.18.0,https://demo.cyotek.com/changelog.php
action,https://www.cyotek.com/cyotek-copytools
action,https://demo.cyotek.com/changelog.php
action,https://www.cyotek.com/blog/rss
action,https://www.cyotek.com/products
action,https://www.cyotek.com/jewel-rush
action,https://www.cyotek.com/rss
html\elements\form,https://demo.cyotek.com/changelog.php
fully,https://demo.cyotek.com/changelog.php
fully,https://www.cyotek.com/blog/rss
fully,https://www.cyotek.com/blog/tools-we-use-2023-edition
fully,https://www.cyotek.com/blog/tools-we-use-2024-edition
fully,https://www.cyotek.com/rss
qualified,https://demo.cyotek.com/changelog.php
qualified,https://www.cyotek.com/blog/rss
qualified,https://www.cyotek.com/rss
urls,https://demo.cyotek.com/changelog.php
urls,https://www.cyotek.com/blog/rss
urls,https://demo.cyotek.com/features/index.php
urls,https://www.cyotek.com/rss
correct,https://www.cyotek.com/privacy-policy
correct,https://www.cyotek.com/source-code
correct,https://demo.cyotek.com/changelog.php
correct,https://www.cyotek.com/blog/rss
correct,https://www.cyotek.com/rss
protocol,https://demo.cyotek.com/changelog.php
protocol,https://www.cyotek.com/privacy-policy
protocol,https://www.cyotek.com/rss
when,https://www.cyotek.com/cyotek-spriter
when,https://www.cyotek.com/cyotek-copytools
when,https://www.cyotek.com/blog/products/crowdstrike-falcon-false-positives
when,https://www.cyotek.com/open-source
when,https://www.cyotek.com/blog/resolving-svn-error-could-not-open-the-requested-svn-filesystem
when,https://www.cyotek.com/privacy-policy
when,https://www.cyotek.com/source-code
when,https://demo.cyotek.com/changelog.php
when,https://www.cyotek.com/blog/tools-we-use-2023-edition
when,https://www.cyotek.com/blog/rss
when,https://www.cyotek.com/products
when,https://www.cyotek.com/blog/products
when,https://www.cyotek.com/blog/tools-we-use-2024-edition
when,https://www.cyotek.com/rss
https,https://demo.cyotek.com/changelog.php
https,https://www.cyotek.com/blog/rss
https,https://www.cyotek.com/rss
enabled,https://demo.cyotek.com/changelog.php
enabled,https://www.cyotek.com/blog/rss
enabled,https://www.cyotek.com/rss
1.17.1,https://demo.cyotek.com/changelog.php
hidden,https://demo.cyotek.com/changelog.php
hidden,https://www.cyotek.com/blog/rss
hidden,https://www.cyotek.com/rss
input,https://demo.cyotek.com/html/attributes/custom.php
input,https://demo.cyotek.com/changelog.php
input,https://www.cyotek.com/blog/rss
input,https://www.cyotek.com/rss
element,https://demo.cyotek.com/html/elements/object.php
element,https://demo.cyotek.com/html/attributes/custom.php
element,https://demo.cyotek.com/changelog.php
element,https://www.cyotek.com/blog/rss
element,https://demo.cyotek.com/html/elements/picture.php
element,https://demo.cyotek.com/html/elements/style.php
element,https://www.cyotek.com/rss
quoting,https://demo.cyotek.com/changelog.php
quoting,https://www.cyotek.com/blog/rss
quoting,https://www.cyotek.com/rss
value,https://demo.cyotek.com/changelog.php
value,https://www.cyotek.com/blog/rss
value,https://www.cyotek.com/rss
1.17.0,https://demo.cyotek.com/changelog.php
1.16.1,https://demo.cyotek.com/changelog.php
html\attributes\custom,https://demo.cyotek.com/changelog.php
1.16.0,https://demo.cyotek.com/changelog.php
html\elements\meta,https://demo.cyotek.com/changelog.php
type,https://www.cyotek.com/source-code
type,https://demo.cyotek.com/changelog.php
type,https://www.cyotek.com/blog/rss
type,https://www.cyotek.com/blog/tools-we-use-2023-edition
type,https://www.cyotek.com/blog/tools-we-use-2024-edition
type,https://www.cyotek.com/rss
1.15.0,https://demo.cyotek.com/changelog.php
javascript\uri,https://demo.cyotek.com/changelog.php
point,https://www.cyotek.com/blog/products/crowdstrike-falcon-false-positives
point,https://www.cyotek.com/source-code
point,https://demo.cyotek.com/changelog.php
point,https://www.cyotek.com/blog/rss
point,https://www.cyotek.com/blog/tools-we-use-2023-edition
point,https://www.cyotek.com/rss
1.14.0,https://demo.cyotek.com/changelog.php
html\elements\frameset,https://demo.cyotek.com/changelog.php
1.13.0,https://demo.cyotek.com/changelog.php
based,https://www.cyotek.com/terms-of-use
based,https://www.cyotek.com/open-source
based,https://www.cyotek.com/cyotek-slicr
based,https://www.cyotek.com/source-code
based,https://demo.cyotek.com/html/attributes/custom.php
based,https://demo.cyotek.com/changelog.php
based,https://www.cyotek.com/blog/products/introducing-webview2-support-part-1
based,https://www.cyotek.com/blog/tools-we-use-2023-edition
based,https://www.cyotek.com/products
based,https://www.cyotek.com/blog/rss
based,https://www.cyotek.com/blog/tools-we-use-2024-edition
based,https://www.cyotek.com/rss
methods\post,https://demo.cyotek.com/changelog.php
1.12.0,https://demo.cyotek.com/changelog.php
spaces,https://demo.cyotek.com/changelog.php
spaces,https://www.cyotek.com/blog/rss
spaces,https://demo.cyotek.com/features/index.php
spaces,https://www.cyotek.com/rss
1.11.0,https://demo.cyotek.com/changelog.php
mime,https://demo.cyotek.com/changelog.php
mime,https://www.cyotek.com/blog/rss
mime,https://demo.cyotek.com/features/index.php
mime,https://www.cyotek.com/rss
feature,https://demo.cyotek.com/changelog.php
feature,https://www.cyotek.com/blog/rss
feature,https://www.cyotek.com/blog/tools-we-use-2023-edition
feature,https://www.cyotek.com/blog/tools-we-use-2024-edition
feature,https://support.cyotek.com
feature,https://www.cyotek.com/rss
reinstating,https://demo.cyotek.com/changelog.php
sample,https://www.cyotek.com/open-source
sample,https://www.cyotek.com/downloads
sample,https://www.cyotek.com/source-code
sample,https://demo.cyotek.com/changelog.php
sample,https://www.cyotek.com/blog/rss
sample,https://www.cyotek.com/rss
pdf,https://www.cyotek.com/cyotek-copytools
pdf,https://www.cyotek.com/cyotek-slicr
pdf,https://www.cyotek.com/products
pdf,https://www.cyotek.com/blog/products
pdf,https://www.cyotek.com/cyotek-spriter
pdf,https://www.cyotek.com/open-source
pdf,https://www.cyotek.com/blog/resolving-svn-error-could-not-open-the-requested-svn-filesystem
pdf,https://www.cyotek.com/downloads
pdf,https://www.cyotek.com/privacy-policy
pdf,https://www.cyotek.com/source-code
pdf,https://www.cyotek.com/blog/products/introducing-64bit-builds
pdf,https://www.cyotek.com/copyright-and-trademarks
pdf,https://www.cyotek.com/blog/products/crowdstrike-falcon-false-positives
pdf,https://www.cyotek.com/cyotek-sitemap-creator
pdf,https://www.cyotek.com/sitemap
pdf,https://www.cyotek.com/contact
pdf,https://demo.cyotek.com/changelog.php
pdf,https://www.cyotek.com/blog/products/introducing-webview2-support-part-1
pdf,https://www.cyotek.com/cyotek-palette-editor
pdf,https://www.cyotek.com/jewel-rush
pdf,https://www.cyotek.com/blog/tools-we-use-2024-edition
pdf,https://www.cyotek.com/search
pdf,https://www.cyotek.com/terms-of-use
pdf,https://www.cyotek.com/cyotek-nbt-editor
pdf,https://www.cyotek.com/blog
pdf,https://www.cyotek.com/cyotek-gif-animator
pdf,https://www.cyotek.com/donate
pdf,https://www.cyotek.com/blog/tools-we-use-2023-edition
pdf,https://www.cyotek.com/blog/rss
pdf,https://www.cyotek.com/about
pdf,https://www.cyotek.com/cyotek-webcopy
pdf,https://www.cyotek.com/rss
extraction,https://demo.cyotek.com/changelog.php
extraction,https://www.cyotek.com/blog/rss
extraction,https://www.cyotek.com/rss
1.10.0,https://demo.cyotek.com/changelog.php
1.9.0,https://demo.cyotek.com/changelog.php
subdomains,https://demo.cyotek.com/changelog.php
subdomains,https://demo.cyotek.com/features/index.php
features\stylesheets,https://demo.cyotek.com/changelog.php
covered,https://demo.cyotek.com/changelog.php
covered,https://www.cyotek.com/blog/rss
covered,https://www.cyotek.com/rss
html\link,https://demo.cyotek.com/changelog.php
css\url(),https://demo.cyotek.com/changelog.php
demonstrations,https://demo.cyotek.com/changelog.php
1.8.0,https://demo.cyotek.com/changelog.php
1.7.0,https://demo.cyotek.com/changelog.php
tag,https://www.cyotek.com/cyotek-nbt-editor
tag,https://www.cyotek.com/source-code
tag,https://demo.cyotek.com/changelog.php
tag,https://www.cyotek.com/blog/rss
tag,https://www.cyotek.com/products
tag,https://www.cyotek.com/rss
declaration,https://demo.cyotek.com/changelog.php
declaration,https://www.cyotek.com/blog/rss
declaration,https://www.cyotek.com/rss
1.6.0,https://demo.cyotek.com/changelog.php
1.5.1,https://demo.cyotek.com/changelog.php
extended,https://demo.cyotek.com/changelog.php
extended,https://www.cyotek.com/blog/rss
extended,https://www.cyotek.com/rss
1.5.0,https://demo.cyotek.com/changelog.php
stored,https://demo.cyotek.com/changelog.php
stored,https://www.cyotek.com/blog/rss
stored,https://www.cyotek.com/rss
descriptions,https://demo.cyotek.com/changelog.php
descriptions,https://www.cyotek.com/blog/rss
descriptions,https://www.cyotek.com/rss
displayed,https://www.cyotek.com/open-source
displayed,https://www.cyotek.com/privacy-policy
displayed,https://demo.cyotek.com/changelog.php
displayed,https://www.cyotek.com/blog/rss
displayed,https://demo.cyotek.com/html/elements/picture.php
displayed,https://www.cyotek.com/rss
1.4.0,https://demo.cyotek.com/changelog.php
canonical,https://demo.cyotek.com/changelog.php
1.3.0,https://demo.cyotek.com/changelog.php
"code,",https://demo.cyotek.com/changelog.php
"code,",https://www.cyotek.com/blog/rss
"code,",https://www.cyotek.com/blog/tools-we-use-2023-edition
"code,",https://www.cyotek.com/blog/tools-we-use-2024-edition
"code,",https://www.cyotek.com/rss
"readme,",https://demo.cyotek.com/changelog.php
url,https://www.cyotek.com/open-source
url,https://demo.cyotek.com/changelog.php
url,https://www.cyotek.com/blog/rss
url,https://demo.cyotek.com/features/index.php
url,https://www.cyotek.com/rss
1.2.2,https://demo.cyotek.com/changelog.php
white,https://demo.cyotek.com/changelog.php
white,https://www.cyotek.com/blog/rss
white,https://www.cyotek.com/blog/tools-we-use-2023-edition
white,https://www.cyotek.com/blog/tools-we-use-2024-edition
white,https://www.cyotek.com/rss
space,https://www.cyotek.com/cyotek-spriter
space,https://www.cyotek.com/cyotek-copytools
space,https://www.cyotek.com/cyotek-sitemap-creator
space,https://www.cyotek.com/cyotek-nbt-editor
space,https://www.cyotek.com/cyotek-slicr
space,https://demo.cyotek.com/changelog.php
space,https://www.cyotek.com/cyotek-gif-animator
space,https://www.cyotek.com/blog/tools-we-use-2023-edition
space,https://www.cyotek.com/cyotek-palette-editor
space,https://www.cyotek.com/blog/rss
space,https://www.cyotek.com/jewel-rush
space,https://www.cyotek.com/blog/tools-we-use-2024-edition
space,https://www.cyotek.com/cyotek-webcopy
space,https://www.cyotek.com/rss
issues,https://www.cyotek.com/cyotek-spriter
issues,https://www.cyotek.com/cyotek-copytools
issues,https://www.cyotek.com/cyotek-sitemap-creator
issues,https://www.cyotek.com/blog/products/crowdstrike-falcon-false-positives
issues,https://www.cyotek.com/terms-of-use
issues,https://www.cyotek.com/cyotek-nbt-editor
issues,https://www.cyotek.com/cyotek-slicr
issues,https://demo.cyotek.com/changelog.php
issues,https://www.cyotek.com/cyotek-gif-animator
issues,https://www.cyotek.com/blog/tools-we-use-2023-edition
issues,https://www.cyotek.com/cyotek-palette-editor
issues,https://www.cyotek.com/blog/rss
issues,https://www.cyotek.com/jewel-rush
issues,https://www.cyotek.com/blog/tools-we-use-2024-edition
issues,https://www.cyotek.com/cyotek-webcopy
issues,https://support.cyotek.com
issues,https://www.cyotek.com/rss
affecting,https://demo.cyotek.com/changelog.php
affecting,https://www.cyotek.com/blog/rss
affecting,https://www.cyotek.com/rss
linux,https://demo.cyotek.com/changelog.php
linux,https://www.cyotek.com/blog/rss
linux,https://www.cyotek.com/rss
hosting,https://demo.cyotek.com/changelog.php
hosting,https://www.cyotek.com/blog/rss
hosting,https://www.cyotek.com/blog/tools-we-use-2023-edition
hosting,https://www.cyotek.com/blog/tools-we-use-2024-edition
hosting,https://www.cyotek.com/rss
1.2.1,https://demo.cyotek.com/changelog.php
footer,https://demo.cyotek.com/changelog.php
feedback,https://docs.cyotek.com/
feedback,https://www.cyotek.com/contact
feedback,https://demo.cyotek.com/changelog.php
feedback,https://www.cyotek.com/blog/rss
feedback,https://www.cyotek.com/rss
1.2.0,https://demo.cyotek.com/changelog.php
issuing,https://demo.cyotek.com/changelog.php
issuing,https://www.cyotek.com/blog/rss
issuing,https://www.cyotek.com/rss
1.1.0,https://demo.cyotek.com/changelog.php
add,https://www.cyotek.com/blog/products/crowdstrike-falcon-false-positives
add,https://www.cyotek.com/open-source
add,https://www.cyotek.com/blog/resolving-svn-error-could-not-open-the-requested-svn-filesystem
add,https://www.cyotek.com/cyotek-nbt-editor
add,https://www.cyotek.com/source-code
add,https://www.cyotek.com/blog
add,https://demo.cyotek.com/changelog.php
add,https://www.cyotek.com/blog/tools-we-use-2023-edition
add,https://www.cyotek.com/blog/rss
add,https://www.cyotek.com/blog/tools-we-use-2024-edition
add,https://www.cyotek.com/rss
post,https://www.cyotek.com/cyotek-spriter
post,https://www.cyotek.com/terms-of-use
post,https://www.cyotek.com/source-code
post,https://demo.cyotek.com/changelog.php
post,https://www.cyotek.com/blog/products/introducing-webview2-support-part-1
post,https://www.cyotek.com/blog/tools-we-use-2023-edition
post,https://www.cyotek.com/products
post,https://www.cyotek.com/blog/rss
post,https://www.cyotek.com/blog/products
post,https://www.cyotek.com/rss
works,https://www.cyotek.com/blog/resolving-svn-error-could-not-open-the-requested-svn-filesystem
works,https://demo.cyotek.com/changelog.php
works,https://www.cyotek.com/blog/rss
works,https://www.cyotek.com/blog/tools-we-use-2023-edition
works,https://www.cyotek.com/blog/tools-we-use-2024-edition
works,https://www.cyotek.com/rss
properly,https://demo.cyotek.com/changelog.php
properly,https://www.cyotek.com/blog/rss
properly,https://www.cyotek.com/rss
double,https://www.cyotek.com/source-code
double,https://demo.cyotek.com/changelog.php
double,https://www.cyotek.com/blog/rss
double,https://www.cyotek.com/blog/tools-we-use-2023-edition
double,https://www.cyotek.com/blog/tools-we-use-2024-edition
double,https://www.cyotek.com/rss
titles,https://demo.cyotek.com/changelog.php
titles,https://www.cyotek.com/blog/rss
titles,https://www.cyotek.com/rss
destinations,https://demo.cyotek.com/changelog.php
1.0.0,https://demo.cyotek.com/changelog.php
1.0.0,https://www.cyotek.com/source-code
initial,https://demo.cyotek.com/changelog.php
initial,https://www.cyotek.com/rss
initial,https://www.cyotek.com/blog/rss
initial,https://www.cyotek.com/source-code
commit,https://demo.cyotek.com/changelog.php
commit,https://www.cyotek.com/blog/rss
commit,https://www.cyotek.com/rss
authentication,https://www.cyotek.com/blog/rss
authentication,https://www.cyotek.com/blog/products/introducing-webview2-support-part-1
authentication,https://demo.cyotek.com/features/index.php
authentication,https://www.cyotek.com/rss
cdn,https://demo.cyotek.com/features/index.php
cdn,https://www.cyotek.com/rss
/,https://www.cyotek.com/blog/rss
/,https://www.cyotek.com/blog/tools-we-use-2023-edition
/,https://demo.cyotek.com/features/index.php
/,https://www.cyotek.com/blog/tools-we-use-2024-edition
/,https://www.cyotek.com/rss
alternative,https://demo.cyotek.com/html/attributes/custom.php
alternative,https://www.cyotek.com/blog/rss
alternative,https://www.cyotek.com/blog/tools-we-use-2023-edition
alternative,https://demo.cyotek.com/features/index.php
alternative,https://www.cyotek.com/blog/tools-we-use-2024-edition
alternative,https://www.cyotek.com/rss
hosts,https://www.cyotek.com/blog/rss
hosts,https://www.cyotek.com/blog/tools-we-use-2023-edition
hosts,https://demo.cyotek.com/features/index.php
hosts,https://www.cyotek.com/rss
certificates,https://www.cyotek.com/blog/rss
certificates,https://www.cyotek.com/blog/tools-we-use-2023-edition
certificates,https://demo.cyotek.com/features/index.php
certificates,https://www.cyotek.com/blog/tools-we-use-2024-edition
certificates,https://www.cyotek.com/rss
document,https://www.cyotek.com/cyotek-nbt-editor
document,https://www.cyotek.com/blog/rss
document,https://www.cyotek.com/blog/tools-we-use-2023-edition
document,https://demo.cyotek.com/features/index.php
document,https://www.cyotek.com/products
document,https://www.cyotek.com/blog/tools-we-use-2024-edition
document,https://www.cyotek.com/rss
refresh,https://www.cyotek.com/blog/rss
refresh,https://demo.cyotek.com/features/index.php
refresh,https://www.cyotek.com/rss
types,https://www.cyotek.com/cyotek-nbt-editor
types,https://www.cyotek.com/source-code
types,https://www.cyotek.com/blog/rss
types,https://demo.cyotek.com/features/index.php
types,https://www.cyotek.com/rss
query,https://www.cyotek.com/blog/rss
query,https://www.cyotek.com/blog/tools-we-use-2023-edition
query,https://demo.cyotek.com/features/index.php
query,https://www.cyotek.com/blog/tools-we-use-2024-edition
query,https://www.cyotek.com/rss
strings,https://www.cyotek.com/blog/rss
strings,https://www.cyotek.com/blog/tools-we-use-2023-edition
strings,https://demo.cyotek.com/features/index.php
strings,https://www.cyotek.com/blog/tools-we-use-2024-edition
strings,https://www.cyotek.com/rss
chain,https://www.cyotek.com/blog/rss
chain,https://demo.cyotek.com/features/index.php
chain,https://www.cyotek.com/rss
loop,https://www.cyotek.com/blog/rss
loop,https://demo.cyotek.com/features/index.php
loop,https://www.cyotek.com/rss
characters,https://www.cyotek.com/blog/rss
characters,https://demo.cyotek.com/features/index.php
characters,https://www.cyotek.com/rss
normalization,https://demo.cyotek.com/features/index.php
backup,https://www.cyotek.com/cyotek-copytools
backup,https://www.cyotek.com/blog/tools-we-use-2023-edition
backup,https://www.cyotek.com/blog/rss
backup,https://www.cyotek.com/products
backup,https://www.cyotek.com/blog/tools-we-use-2024-edition
backup,https://www.cyotek.com/rss
ease,https://www.cyotek.com/blog/rss
ease,https://www.cyotek.com/cyotek-copytools
ease,https://www.cyotek.com/cyotek-sitemap-creator
ease,https://www.cyotek.com/rss
overview,https://www.cyotek.com/cyotek-spriter
overview,https://www.cyotek.com/cyotek-copytools
overview,https://www.cyotek.com/cyotek-sitemap-creator
overview,https://www.cyotek.com/cyotek-nbt-editor
overview,https://www.cyotek.com/cyotek-slicr
overview,https://www.cyotek.com/blog
overview,https://www.cyotek.com/cyotek-gif-animator
overview,https://www.cyotek.com/blog/rss
overview,https://www.cyotek.com/cyotek-palette-editor
overview,https://www.cyotek.com/jewel-rush
overview,https://www.cyotek.com/cyotek-webcopy
overview,https://www.cyotek.com/rss
upcoming,https://www.cyotek.com/cyotek-spriter
upcoming,https://www.cyotek.com/cyotek-copytools
upcoming,https://www.cyotek.com/cyotek-sitemap-creator
upcoming,https://www.cyotek.com/cyotek-slicr
upcoming,https://www.cyotek.com/cyotek-gif-animator
upcoming,https://www.cyotek.com/blog/rss
upcoming,https://www.cyotek.com/cyotek-palette-editor
upcoming,https://www.cyotek.com/cyotek-webcopy
upcoming,https://www.cyotek.com/rss
roadmap,https://www.cyotek.com/cyotek-spriter
roadmap,https://www.cyotek.com/cyotek-copytools
roadmap,https://www.cyotek.com/cyotek-sitemap-creator
roadmap,https://www.cyotek.com/cyotek-nbt-editor
roadmap,https://www.cyotek.com/cyotek-slicr
roadmap,https://www.cyotek.com/cyotek-gif-animator
roadmap,https://www.cyotek.com/blog/rss
roadmap,https://www.cyotek.com/cyotek-palette-editor
roadmap,https://www.cyotek.com/jewel-rush
roadmap,https://www.cyotek.com/cyotek-webcopy
roadmap,https://support.cyotek.com
roadmap,https://www.cyotek.com/rss
known,https://www.cyotek.com/cyotek-spriter
known,https://www.cyotek.com/cyotek-copytools
known,https://www.cyotek.com/cyotek-sitemap-creator
known,https://www.cyotek.com/cyotek-nbt-editor
known,https://www.cyotek.com/cyotek-slicr
known,https://www.cyotek.com/cyotek-gif-animator
known,https://www.cyotek.com/blog/rss
known,https://www.cyotek.com/cyotek-palette-editor
known,https://www.cyotek.com/jewel-rush
known,https://www.cyotek.com/blog/tools-we-use-2024-edition
known,https://www.cyotek.com/cyotek-webcopy
known,https://support.cyotek.com
known,https://www.cyotek.com/rss
agreement,https://www.cyotek.com/cyotek-spriter
agreement,https://www.cyotek.com/cyotek-copytools
agreement,https://www.cyotek.com/cyotek-sitemap-creator
agreement,https://www.cyotek.com/cyotek-nbt-editor
agreement,https://www.cyotek.com/cyotek-slicr
agreement,https://www.cyotek.com/cyotek-gif-animator
agreement,https://www.cyotek.com/blog/rss
agreement,https://www.cyotek.com/cyotek-palette-editor
agreement,https://www.cyotek.com/jewel-rush
agreement,https://www.cyotek.com/cyotek-webcopy
agreement,https://www.cyotek.com/rss
forum,https://www.cyotek.com/cyotek-spriter
forum,https://www.cyotek.com/cyotek-copytools
forum,https://www.cyotek.com/cyotek-sitemap-creator
forum,https://www.cyotek.com/terms-of-use
forum,https://www.cyotek.com/cyotek-nbt-editor
forum,https://www.cyotek.com/cyotek-slicr
forum,https://www.cyotek.com/source-code
forum,https://www.cyotek.com/cyotek-gif-animator
forum,https://www.cyotek.com/blog/rss
forum,https://www.cyotek.com/cyotek-palette-editor
forum,https://www.cyotek.com/jewel-rush
forum,https://www.cyotek.com/cyotek-webcopy
forum,https://www.cyotek.com/rss
program,https://www.cyotek.com/cyotek-copytools
program,https://www.cyotek.com/open-source
program,https://www.cyotek.com/blog/tools-we-use-2023-edition
program,https://www.cyotek.com/blog/rss
program,https://www.cyotek.com/products
program,https://www.cyotek.com/blog/tools-we-use-2024-edition
program,https://www.cyotek.com/rss
documents.,https://www.cyotek.com/blog/rss
documents.,https://www.cyotek.com/cyotek-copytools
documents.,https://www.cyotek.com/products
documents.,https://www.cyotek.com/rss
between,https://www.cyotek.com/cyotek-copytools
between,https://www.cyotek.com/blog/resolving-svn-error-could-not-open-the-requested-svn-filesystem
between,https://www.cyotek.com/source-code
between,https://www.cyotek.com/blog/products/introducing-webview2-support-part-1
between,https://www.cyotek.com/cyotek-palette-editor
between,https://www.cyotek.com/products
between,https://www.cyotek.com/blog/tools-we-use-2023-edition
between,https://www.cyotek.com/blog/rss
between,https://www.cyotek.com/blog/tools-we-use-2024-edition
between,https://www.cyotek.com/rss
"computers,",https://www.cyotek.com/cyotek-copytools
"computers,",https://www.cyotek.com/products
remote,https://www.cyotek.com/cyotek-copytools
remote,https://www.cyotek.com/blog/tools-we-use-2023-edition
remote,https://www.cyotek.com/blog/rss
remote,https://www.cyotek.com/products
remote,https://www.cyotek.com/blog/tools-we-use-2024-edition
remote,https://www.cyotek.com/rss
"servers,",https://www.cyotek.com/cyotek-copytools
"servers,",https://www.cyotek.com/blog/tools-we-use-2023-edition
"servers,",https://www.cyotek.com/blog/rss
"servers,",https://www.cyotek.com/products
"servers,",https://www.cyotek.com/rss
usb,https://www.cyotek.com/cyotek-copytools
usb,https://www.cyotek.com/blog/tools-we-use-2023-edition
usb,https://www.cyotek.com/blog/rss
usb,https://www.cyotek.com/products
usb,https://www.cyotek.com/blog/tools-we-use-2024-edition
usb,https://www.cyotek.com/rss
devices.,https://www.cyotek.com/blog/rss
devices.,https://www.cyotek.com/cyotek-copytools
devices.,https://www.cyotek.com/products
devices.,https://www.cyotek.com/rss
each,https://www.cyotek.com/cyotek-copytools
each,https://www.cyotek.com/blog/products/crowdstrike-falcon-false-positives
each,https://www.cyotek.com/privacy-policy
each,https://www.cyotek.com/blog/rss
each,https://www.cyotek.com/blog/products/introducing-webview2-support-part-1
each,https://www.cyotek.com/products
each,https://support.cyotek.com
each,https://www.cyotek.com/rss
profile,https://www.cyotek.com/cyotek-copytools
profile,https://www.cyotek.com/blog/rss
profile,https://www.cyotek.com/blog/products/introducing-webview2-support-part-1
profile,https://www.cyotek.com/products
profile,https://www.cyotek.com/rss
scheduled,https://www.cyotek.com/cyotek-copytools
scheduled,https://www.cyotek.com/source-code
scheduled,https://www.cyotek.com/blog/rss
scheduled,https://www.cyotek.com/products
scheduled,https://www.cyotek.com/rss
"time,",https://www.cyotek.com/cyotek-copytools
"time,",https://www.cyotek.com/cyotek-slicr
"time,",https://www.cyotek.com/products
"time,",https://www.cyotek.com/blog/products
"time,",https://www.cyotek.com/cyotek-spriter
"time,",https://www.cyotek.com/open-source
"time,",https://www.cyotek.com/blog/resolving-svn-error-could-not-open-the-requested-svn-filesystem
"time,",https://www.cyotek.com/downloads
"time,",https://www.cyotek.com/source-code
"time,",https://www.cyotek.com/blog/products/introducing-64bit-builds
"time,",https://www.cyotek.com/blog/products/crowdstrike-falcon-false-positives
"time,",https://www.cyotek.com/cyotek-sitemap-creator
"time,",https://www.cyotek.com/blog/products/introducing-webview2-support-part-1
"time,",https://www.cyotek.com/cyotek-palette-editor
"time,",https://www.cyotek.com/jewel-rush
"time,",https://www.cyotek.com/blog/tools-we-use-2024-edition
"time,",https://www.cyotek.com/cyotek-nbt-editor
"time,",https://www.cyotek.com/blog
"time,",https://www.cyotek.com/cyotek-gif-animator
"time,",https://www.cyotek.com/blog/tools-we-use-2023-edition
"time,",https://www.cyotek.com/blog/rss
"time,",https://www.cyotek.com/cyotek-webcopy
"time,",https://www.cyotek.com/rss
occurs,https://www.cyotek.com/blog/rss
occurs,https://www.cyotek.com/cyotek-copytools
occurs,https://www.cyotek.com/products
occurs,https://www.cyotek.com/rss
connecting,https://www.cyotek.com/cyotek-copytools
connecting,https://www.cyotek.com/blog/tools-we-use-2023-edition
connecting,https://www.cyotek.com/blog/rss
connecting,https://www.cyotek.com/products
connecting,https://www.cyotek.com/rss
device.,https://www.cyotek.com/cyotek-copytools
device.,https://www.cyotek.com/blog/tools-we-use-2023-edition
device.,https://www.cyotek.com/blog/rss
device.,https://www.cyotek.com/products
device.,https://www.cyotek.com/blog/tools-we-use-2024-edition
device.,https://www.cyotek.com/cyotek-webcopy
device.,https://www.cyotek.com/rss
download,https://www.cyotek.com/cyotek-spriter
download,https://www.cyotek.com/cyotek-copytools
download,https://www.cyotek.com/cyotek-sitemap-creator
download,https://www.cyotek.com/cyotek-nbt-editor
download,https://www.cyotek.com/rss
download,https://www.cyotek.com/downloads
download,https://www.cyotek.com/source-code
download,https://www.cyotek.com/cyotek-gif-animator
download,https://www.cyotek.com/blog/products/introducing-webview2-support-part-1
download,https://www.cyotek.com/cyotek-palette-editor
download,https://www.cyotek.com/products
download,https://www.cyotek.com/blog/products/introducing-64bit-builds
download,https://www.cyotek.com/jewel-rush
download,https://www.cyotek.com/blog/rss
download,https://www.cyotek.com/cyotek-webcopy
download,https://www.cyotek.com/copyright-and-trademarks
archived,https://www.cyotek.com/cyotek-spriter
archived,https://www.cyotek.com/cyotek-copytools
archived,https://www.cyotek.com/cyotek-sitemap-creator
archived,https://www.cyotek.com/cyotek-nbt-editor
archived,https://www.cyotek.com/downloads
archived,https://www.cyotek.com/cyotek-gif-animator
archived,https://www.cyotek.com/blog/tools-we-use-2023-edition
archived,https://www.cyotek.com/cyotek-palette-editor
archived,https://www.cyotek.com/blog/rss
archived,https://www.cyotek.com/jewel-rush
archived,https://www.cyotek.com/blog/tools-we-use-2024-edition
archived,https://www.cyotek.com/cyotek-webcopy
archived,https://www.cyotek.com/rss
minimum,https://www.cyotek.com/cyotek-spriter
minimum,https://www.cyotek.com/cyotek-copytools
minimum,https://www.cyotek.com/cyotek-sitemap-creator
minimum,https://www.cyotek.com/cyotek-nbt-editor
minimum,https://www.cyotek.com/cyotek-slicr
minimum,https://www.cyotek.com/cyotek-gif-animator
minimum,https://www.cyotek.com/blog/products/introducing-webview2-support-part-1
minimum,https://www.cyotek.com/cyotek-palette-editor
minimum,https://www.cyotek.com/blog/rss
minimum,https://www.cyotek.com/jewel-rush
minimum,https://www.cyotek.com/cyotek-webcopy
minimum,https://www.cyotek.com/rss
requirements,https://www.cyotek.com/cyotek-spriter
requirements,https://www.cyotek.com/cyotek-copytools
requirements,https://www.cyotek.com/cyotek-sitemap-creator
requirements,https://www.cyotek.com/cyotek-nbt-editor
requirements,https://www.cyotek.com/cyotek-slicr
requirements,https://demo.cyotek.com/html/attributes/custom.php
requirements,https://www.cyotek.com/cyotek-gif-animator
requirements,https://www.cyotek.com/blog/rss
requirements,https://www.cyotek.com/cyotek-palette-editor
requirements,https://www.cyotek.com/jewel-rush
requirements,https://www.cyotek.com/cyotek-webcopy
requirements,https://www.cyotek.com/rss
"10,",https://www.cyotek.com/cyotek-spriter
"10,",https://www.cyotek.com/cyotek-copytools
"10,",https://www.cyotek.com/cyotek-sitemap-creator
"10,",https://www.cyotek.com/cyotek-nbt-editor
"10,",https://www.cyotek.com/cyotek-slicr
"10,",https://www.cyotek.com/cyotek-gif-animator
"10,",https://www.cyotek.com/blog/rss
"10,",https://www.cyotek.com/cyotek-palette-editor
"10,",https://www.cyotek.com/jewel-rush
"10,",https://www.cyotek.com/cyotek-webcopy
"10,",https://www.cyotek.com/rss
"8.1,",https://www.cyotek.com/cyotek-spriter
"8.1,",https://www.cyotek.com/cyotek-copytools
"8.1,",https://www.cyotek.com/cyotek-sitemap-creator
"8.1,",https://www.cyotek.com/cyotek-nbt-editor
"8.1,",https://www.cyotek.com/cyotek-slicr
"8.1,",https://www.cyotek.com/cyotek-gif-animator
"8.1,",https://www.cyotek.com/blog/products/introducing-webview2-support-part-1
"8.1,",https://www.cyotek.com/cyotek-palette-editor
"8.1,",https://www.cyotek.com/blog/rss
"8.1,",https://www.cyotek.com/jewel-rush
"8.1,",https://www.cyotek.com/cyotek-webcopy
"8.1,",https://www.cyotek.com/rss
"8,",https://www.cyotek.com/cyotek-spriter
"8,",https://www.cyotek.com/cyotek-copytools
"8,",https://www.cyotek.com/cyotek-sitemap-creator
"8,",https://www.cyotek.com/cyotek-nbt-editor
"8,",https://www.cyotek.com/cyotek-slicr
"8,",https://www.cyotek.com/cyotek-gif-animator
"8,",https://www.cyotek.com/blog/rss
"8,",https://www.cyotek.com/cyotek-palette-editor
"8,",https://www.cyotek.com/jewel-rush
"8,",https://www.cyotek.com/cyotek-webcopy
"8,",https://www.cyotek.com/rss
"7,",https://www.cyotek.com/cyotek-spriter
"7,",https://www.cyotek.com/cyotek-copytools
"7,",https://www.cyotek.com/cyotek-sitemap-creator
"7,",https://www.cyotek.com/cyotek-nbt-editor
"7,",https://www.cyotek.com/cyotek-slicr
"7,",https://www.cyotek.com/cyotek-gif-animator
"7,",https://www.cyotek.com/blog/products/introducing-webview2-support-part-1
"7,",https://www.cyotek.com/cyotek-palette-editor
"7,",https://www.cyotek.com/blog/rss
"7,",https://www.cyotek.com/jewel-rush
"7,",https://www.cyotek.com/cyotek-webcopy
"7,",https://www.cyotek.com/rss
vista,https://www.cyotek.com/cyotek-spriter
vista,https://www.cyotek.com/cyotek-copytools
vista,https://www.cyotek.com/cyotek-sitemap-creator
vista,https://www.cyotek.com/cyotek-nbt-editor
vista,https://www.cyotek.com/cyotek-slicr
vista,https://www.cyotek.com/source-code
vista,https://www.cyotek.com/cyotek-gif-animator
vista,https://www.cyotek.com/blog/tools-we-use-2023-edition
vista,https://www.cyotek.com/cyotek-palette-editor
vista,https://www.cyotek.com/blog/rss
vista,https://www.cyotek.com/blog/tools-we-use-2024-edition
vista,https://www.cyotek.com/cyotek-webcopy
vista,https://www.cyotek.com/rss
sp2,https://www.cyotek.com/cyotek-spriter
sp2,https://www.cyotek.com/cyotek-copytools
sp2,https://www.cyotek.com/cyotek-sitemap-creator
sp2,https://www.cyotek.com/cyotek-nbt-editor
sp2,https://www.cyotek.com/cyotek-slicr
sp2,https://www.cyotek.com/cyotek-gif-animator
sp2,https://www.cyotek.com/cyotek-palette-editor
sp2,https://www.cyotek.com/cyotek-webcopy
microsoft,https://www.cyotek.com/cyotek-spriter
microsoft,https://www.cyotek.com/cyotek-copytools
microsoft,https://www.cyotek.com/cyotek-sitemap-creator
microsoft,https://www.cyotek.com/open-source
microsoft,https://www.cyotek.com/cyotek-nbt-editor
microsoft,https://www.cyotek.com/cyotek-slicr
microsoft,https://www.cyotek.com/source-code
microsoft,https://www.cyotek.com/cyotek-gif-animator
microsoft,https://www.cyotek.com/blog/products/introducing-webview2-support-part-1
microsoft,https://www.cyotek.com/cyotek-palette-editor
microsoft,https://www.cyotek.com/blog/tools-we-use-2023-edition
microsoft,https://www.cyotek.com/jewel-rush
microsoft,https://www.cyotek.com/about
microsoft,https://www.cyotek.com/blog/rss
microsoft,https://www.cyotek.com/blog/products
microsoft,https://www.cyotek.com/blog/tools-we-use-2024-edition
microsoft,https://www.cyotek.com/cyotek-webcopy
microsoft,https://www.cyotek.com/rss
4.6,https://www.cyotek.com/cyotek-spriter
4.6,https://www.cyotek.com/cyotek-copytools
4.6,https://www.cyotek.com/cyotek-sitemap-creator
4.6,https://www.cyotek.com/cyotek-nbt-editor
4.6,https://www.cyotek.com/cyotek-slicr
4.6,https://www.cyotek.com/cyotek-gif-animator
4.6,https://www.cyotek.com/blog/rss
4.6,https://www.cyotek.com/cyotek-palette-editor
4.6,https://www.cyotek.com/cyotek-webcopy
4.6,https://www.cyotek.com/rss
20mb,https://www.cyotek.com/cyotek-spriter
20mb,https://www.cyotek.com/cyotek-copytools
20mb,https://www.cyotek.com/cyotek-sitemap-creator
20mb,https://www.cyotek.com/cyotek-slicr
20mb,https://www.cyotek.com/cyotek-gif-animator
20mb,https://www.cyotek.com/cyotek-palette-editor
20mb,https://www.cyotek.com/cyotek-webcopy
hard,https://www.cyotek.com/cyotek-spriter
hard,https://www.cyotek.com/cyotek-copytools
hard,https://www.cyotek.com/cyotek-sitemap-creator
hard,https://www.cyotek.com/cyotek-nbt-editor
hard,https://www.cyotek.com/rss
hard,https://www.cyotek.com/privacy-policy
hard,https://www.cyotek.com/cyotek-slicr
hard,https://www.cyotek.com/cyotek-gif-animator
hard,https://www.cyotek.com/donate
hard,https://www.cyotek.com/blog/products/introducing-webview2-support-part-1
hard,https://www.cyotek.com/cyotek-palette-editor
hard,https://www.cyotek.com/blog/tools-we-use-2023-edition
hard,https://www.cyotek.com/jewel-rush
hard,https://www.cyotek.com/blog/rss
hard,https://www.cyotek.com/blog/tools-we-use-2024-edition
hard,https://www.cyotek.com/cyotek-webcopy
hard,https://www.cyotek.com/copyright-and-trademarks
disk,https://www.cyotek.com/cyotek-spriter
disk,https://www.cyotek.com/cyotek-copytools
disk,https://www.cyotek.com/cyotek-sitemap-creator
disk,https://www.cyotek.com/cyotek-nbt-editor
disk,https://www.cyotek.com/rss
disk,https://www.cyotek.com/cyotek-slicr
disk,https://www.cyotek.com/cyotek-gif-animator
disk,https://www.cyotek.com/blog/products/introducing-webview2-support-part-1
disk,https://www.cyotek.com/cyotek-palette-editor
disk,https://www.cyotek.com/blog/tools-we-use-2023-edition
disk,https://www.cyotek.com/jewel-rush
disk,https://www.cyotek.com/blog/rss
disk,https://www.cyotek.com/blog/tools-we-use-2024-edition
disk,https://www.cyotek.com/cyotek-webcopy
disk,https://www.cyotek.com/copyright-and-trademarks
free,https://www.cyotek.com/cyotek-copytools
free,https://www.cyotek.com/cyotek-slicr
free,https://www.cyotek.com/products
free,https://www.cyotek.com/blog/products
free,https://www.cyotek.com/cyotek-spriter
free,https://www.cyotek.com/open-source
free,https://www.cyotek.com/blog/resolving-svn-error-could-not-open-the-requested-svn-filesystem
free,https://www.cyotek.com/downloads
free,https://www.cyotek.com/source-code
free,https://www.cyotek.com/blog/products/introducing-64bit-builds
free,https://www.cyotek.com/blog/products/crowdstrike-falcon-false-positives
