Word,URL
http,https://www.cyotek.com/blog/resolving-svn-error-could-not-open-the-requested-svn-filesystem
http,https://www.cyotek.com/blog/tools-we-use-2023-edition
http,https://demo.cyotek.com/css/url.php
http,https://demo.cyotek.com/
http,https://demo.cyotek.com/javascript/uritransform.php
http,https://www.cyotek.com/open-source
http,https://demo.cyotek.com/about.php
http,https://demo.cyotek.com/features/index.php
http,https://demo.cyotek.com/statuscodes/3xx/303.php
http,https://demo.cyotek.com/statuscodes/3xx/301.php
http,https://demo.cyotek.com/statuscodes/3xx/302.php
http,https://demo.cyotek.com/statuscodes/index.php
http,https://demo.cyotek.com/css/index.php
http,https://www.cyotek.com/blog/tools-we-use-2024-edition
http,https://www.cyotek.com/blog/rss
http,https://demo.cyotek.com/css/import.php
http,https://demo.cyotek.com/changelog.php
http,https://demo.cyotek.com/css/datauri.php
http,https://www.cyotek.com/cyotek-webcopy
http,https://www.cyotek.com/blog
http,https://demo.cyotek.com/javascript/dom.php
http,https://www.cyotek.com/rss
http,https://demo.cyotek.com/javascript/index.php
http,https://demo.cyotek.com/html/index.php
http,https://demo.cyotek.com/statuscodes/3xx/304.php
http,https://demo.cyotek.com/statuscodes/3xx/307.php
crawler,https://www.cyotek.com/blog/resolving-svn-error-could-not-open-the-requested-svn-filesystem
crawler,https://www.cyotek.com/blog/tools-we-use-2023-edition
crawler,https://demo.cyotek.com/css/url.php
crawler,https://demo.cyotek.com/
crawler,https://demo.cyotek.com/javascript/uritransform.php
crawler,https://www.cyotek.com/open-source
crawler,https://demo.cyotek.com/about.php
crawler,https://demo.cyotek.com/features/index.php
crawler,https://demo.cyotek.com/statuscodes/3xx/303.php
crawler,https://demo.cyotek.com/statuscodes/3xx/301.php
crawler,https://demo.cyotek.com/statuscodes/3xx/302.php
crawler,https://demo.cyotek.com/statuscodes/index.php
crawler,https://demo.cyotek.com/css/index.php
crawler,https://www.cyotek.com/blog/tools-we-use-2024-edition
crawler,https://www.cyotek.com/blog/rss
crawler,https://demo.cyotek.com/css/import.php
crawler,https://demo.cyotek.com/changelog.php
crawler,https://demo.cyotek.com/css/datauri.php
crawler,https://www.cyotek.com/blog
crawler,https://demo.cyotek.com/javascript/dom.php
crawler,https://www.cyotek.com/rss
crawler,https://demo.cyotek.com/javascript/index.php
crawler,https://demo.cyotek.com/html/index.php
crawler,https://demo.cyotek.com/statuscodes/3xx/304.php
crawler,https://demo.cyotek.com/statuscodes/3xx/307.php
test,https://www.cyotek.com/blog/resolving-svn-error-could-not-open-the-requested-svn-filesystem
test,https://www.cyotek.com/blog/tools-we-use-2023-edition
test,https://demo.cyotek.com/css/url.php
test,https://demo.cyotek.com/
test,https://demo.cyotek.com/javascript/uritransform.php
test,https://www.cyotek.com/open-source
test,https://demo.cyotek.com/about.php
test,https://demo.cyotek.com/features/index.php
test,https://demo.cyotek.com/statuscodes/3xx/303.php
test,https://demo.cyotek.com/statuscodes/3xx/301.php
test,https://demo.cyotek.com/statuscodes/3xx/302.php
test,https://demo.cyotek.com/statuscodes/index.php
test,https://demo.cyotek.com/css/index.php
test,https://www.cyotek.com/blog/tools-we-use-2024-edition
test,https://www.cyotek.com/blog/rss
test,https://demo.cyotek.com/css/import.php
test,https://demo.cyotek.com/changelog.php
test,https://demo.cyotek.com/css/datauri.php
test,https://www.cyotek.com/blog
test,https://demo.cyotek.com/javascript/dom.php
test,https://www.cyotek.com/rss
test,https://demo.cyotek.com/javascript/index.php
test,https://demo.cyotek.com/html/index.php
test,https://demo.cyotek.com/statuscodes/3xx/304.php
test,https://demo.cyotek.com/statuscodes/3xx/307.php
site,https://www.cyotek.com/blog/resolving-svn-error-could-not-open-the-requested-svn-filesystem
site,https://www.cyotek.com/blog/tools-we-use-2023-edition
site,https://demo.cyotek.com/css/url.php
site,https://demo.cyotek.com/
site,https://demo.cyotek.com/javascript/uritransform.php
site,https://www.cyotek.com/open-source
site,https://demo.cyotek.com/about.php
site,https://demo.cyotek.com/features/index.php
site,https://demo.cyotek.com/statuscodes/3xx/303.php
site,https://demo.cyotek.com/statuscodes/3xx/301.php
site,https://www.cyotek.com/jewel-rush
site,https://demo.cyotek.com/statuscodes/3xx/302.php
site,https://demo.cyotek.com/statuscodes/index.php
site,https://demo.cyotek.com/css/index.php
site,https://www.cyotek.com/cyotek-nbt-editor
site,https://www.cyotek.com/blog/tools-we-use-2024-edition
site,https://www.cyotek.com/source-code
site,https://www.cyotek.com/cyotek-spriter
site,https://www.cyotek.com/blog/rss
site,https://www.cyotek.com/donate
site,https://www.cyotek.com/sitemap
site,https://www.cyotek.com/cyotek-palette-editor
site,https://www.cyotek.com/cyotek-sitemap-creator
site,https://demo.cyotek.com/css/import.php
site,https://demo.cyotek.com/changelog.php
site,https://demo.cyotek.com/css/datauri.php
site,https://www.cyotek.com/blog/products/introducing-64bit-builds
site,https://www.cyotek.com/cyotek-webcopy
site,https://www.cyotek.com/blog
site,https://demo.cyotek.com/javascript/dom.php
site,https://www.cyotek.com/rss
site,https://www.cyotek.com/blog/products
site,https://www.cyotek.com/blog/products/introducing-webview2-support-part-1
site,https://www.cyotek.com/cyotek-gif-animator
site,https://demo.cyotek.com/javascript/index.php
site,https://demo.cyotek.com/html/index.php
site,https://www.cyotek.com/cyotek-copytools
site,https://www.cyotek.com/blog/products/crowdstrike-falcon-false-positives
site,https://demo.cyotek.com/statuscodes/3xx/304.php
site,https://demo.cyotek.com/statuscodes/3xx/307.php
site,https://www.cyotek.com/cyotek-slicr
site,https://www.cyotek.com/downloads
status,https://demo.cyotek.com/css/url.php
status,https://demo.cyotek.com/
status,https://demo.cyotek.com/javascript/uritransform.php
status,https://demo.cyotek.com/about.php
status,https://demo.cyotek.com/features/index.php
status,https://demo.cyotek.com/statuscodes/3xx/303.php
status,https://demo.cyotek.com/statuscodes/3xx/301.php
status,https://demo.cyotek.com/statuscodes/3xx/302.php
status,https://demo.cyotek.com/statuscodes/index.php
status,https://demo.cyotek.com/css/index.php
status,https://www.cyotek.com/blog/rss
status,https://demo.cyotek.com/css/import.php
status,https://demo.cyotek.com/changelog.php
status,https://demo.cyotek.com/css/datauri.php
status,https://demo.cyotek.com/javascript/dom.php
status,https://www.cyotek.com/rss
status,https://www.cyotek.com/cyotek-gif-animator
status,https://demo.cyotek.com/javascript/index.php
status,https://demo.cyotek.com/html/index.php
status,https://demo.cyotek.com/statuscodes/3xx/304.php
status,https://demo.cyotek.com/statuscodes/3xx/307.php
codes,https://www.cyotek.com/blog/resolving-svn-error-could-not-open-the-requested-svn-filesystem
codes,https://demo.cyotek.com/css/url.php
codes,https://demo.cyotek.com/
codes,https://demo.cyotek.com/javascript/uritransform.php
codes,https://demo.cyotek.com/about.php
codes,https://demo.cyotek.com/features/index.php
codes,https://demo.cyotek.com/statuscodes/3xx/303.php
codes,https://demo.cyotek.com/statuscodes/3xx/301.php
codes,https://demo.cyotek.com/statuscodes/3xx/302.php
codes,https://demo.cyotek.com/statuscodes/index.php
codes,https://demo.cyotek.com/css/index.php
codes,https://www.cyotek.com/blog/rss
codes,https://demo.cyotek.com/css/import.php
codes,https://demo.cyotek.com/changelog.php
codes,https://demo.cyotek.com/css/datauri.php
codes,https://demo.cyotek.com/javascript/dom.php
codes,https://www.cyotek.com/rss
codes,https://demo.cyotek.com/javascript/index.php
codes,https://demo.cyotek.com/html/index.php
codes,https://demo.cyotek.com/statuscodes/3xx/304.php
codes,https://demo.cyotek.com/statuscodes/3xx/307.php
features,https://www.cyotek.com/blog/tools-we-use-2023-edition
features,https://demo.cyotek.com/css/url.php
features,https://demo.cyotek.com/
features,https://demo.cyotek.com/javascript/uritransform.php
features,https://demo.cyotek.com/about.php
features,https://demo.cyotek.com/features/index.php
features,https://demo.cyotek.com/statuscodes/3xx/303.php
features,https://demo.cyotek.com/statuscodes/3xx/301.php
features,https://demo.cyotek.com/statuscodes/3xx/302.php
features,https://demo.cyotek.com/statuscodes/index.php
features,https://demo.cyotek.com/css/index.php
features,https://www.cyotek.com/cyotek-nbt-editor
features,https://www.cyotek.com/blog/tools-we-use-2024-edition
features,https://www.cyotek.com/cyotek-spriter
features,https://www.cyotek.com/blog/rss
features,https://www.cyotek.com/cyotek-palette-editor
features,https://www.cyotek.com/cyotek-sitemap-creator
features,https://demo.cyotek.com/css/import.php
features,https://demo.cyotek.com/changelog.php
features,https://demo.cyotek.com/css/datauri.php
features,https://www.cyotek.com/cyotek-webcopy
features,https://demo.cyotek.com/javascript/dom.php
features,https://www.cyotek.com/rss
features,https://www.cyotek.com/cyotek-gif-animator
features,https://demo.cyotek.com/javascript/index.php
features,https://demo.cyotek.com/html/index.php
features,https://www.cyotek.com/cyotek-copytools
features,https://demo.cyotek.com/statuscodes/3xx/304.php
features,https://demo.cyotek.com/statuscodes/3xx/307.php
features,https://www.cyotek.com/cyotek-slicr
css,https://demo.cyotek.com/css/url.php
css,https://demo.cyotek.com/
css,https://demo.cyotek.com/javascript/uritransform.php
css,https://www.cyotek.com/open-source
css,https://demo.cyotek.com/about.php
css,https://demo.cyotek.com/features/index.php
css,https://demo.cyotek.com/statuscodes/3xx/303.php
css,https://demo.cyotek.com/statuscodes/3xx/301.php
css,https://www.cyotek.com/products
css,https://demo.cyotek.com/statuscodes/3xx/302.php
css,https://demo.cyotek.com/statuscodes/index.php
css,https://demo.cyotek.com/css/index.php
css,https://www.cyotek.com/source-code
css,https://www.cyotek.com/cyotek-spriter
css,https://www.cyotek.com/blog/rss
css,https://demo.cyotek.com/css/import.php
css,https://demo.cyotek.com/changelog.php
css,https://demo.cyotek.com/css/datauri.php
css,https://demo.cyotek.com/javascript/dom.php
css,https://www.cyotek.com/rss
css,https://demo.cyotek.com/javascript/index.php
css,https://demo.cyotek.com/html/index.php
css,https://demo.cyotek.com/statuscodes/3xx/304.php
css,https://demo.cyotek.com/statuscodes/3xx/307.php
html,https://demo.cyotek.com/css/url.php
html,https://demo.cyotek.com/
html,https://demo.cyotek.com/javascript/uritransform.php
html,https://www.cyotek.com/open-source
html,https://demo.cyotek.com/about.php
html,https://demo.cyotek.com/features/index.php
html,https://demo.cyotek.com/statuscodes/3xx/303.php
html,https://demo.cyotek.com/statuscodes/3xx/301.php
html,https://www.cyotek.com/products
html,https://demo.cyotek.com/statuscodes/3xx/302.php
html,https://demo.cyotek.com/statuscodes/index.php
html,https://demo.cyotek.com/css/index.php
html,https://www.cyotek.com/source-code
html,https://www.cyotek.com/blog/rss
html,https://www.cyotek.com/cyotek-sitemap-creator
html,https://demo.cyotek.com/css/import.php
html,https://demo.cyotek.com/changelog.php
html,https://demo.cyotek.com/css/datauri.php
html,https://www.cyotek.com/cyotek-webcopy
html,https://demo.cyotek.com/javascript/dom.php
html,https://www.cyotek.com/rss
html,https://demo.cyotek.com/javascript/index.php
html,https://demo.cyotek.com/html/index.php
html,https://demo.cyotek.com/statuscodes/3xx/304.php
html,https://demo.cyotek.com/statuscodes/3xx/307.php
html,https://www.cyotek.com/downloads
javascript,https://demo.cyotek.com/css/url.php
javascript,https://demo.cyotek.com/
javascript,https://demo.cyotek.com/javascript/uritransform.php
javascript,https://demo.cyotek.com/about.php
javascript,https://demo.cyotek.com/features/index.php
javascript,https://demo.cyotek.com/statuscodes/3xx/303.php
javascript,https://demo.cyotek.com/statuscodes/3xx/301.php
javascript,https://demo.cyotek.com/statuscodes/3xx/302.php
javascript,https://demo.cyotek.com/statuscodes/index.php
javascript,https://demo.cyotek.com/css/index.php
javascript,https://www.cyotek.com/blog/rss
javascript,https://demo.cyotek.com/css/import.php
javascript,https://demo.cyotek.com/changelog.php
javascript,https://demo.cyotek.com/css/datauri.php
javascript,https://www.cyotek.com/cyotek-webcopy
javascript,https://demo.cyotek.com/javascript/dom.php
javascript,https://www.cyotek.com/rss
javascript,https://www.cyotek.com/blog/products
javascript,https://www.cyotek.com/blog/products/introducing-webview2-support-part-1
javascript,https://demo.cyotek.com/javascript/index.php
javascript,https://demo.cyotek.com/html/index.php
javascript,https://demo.cyotek.com/statuscodes/3xx/304.php
javascript,https://demo.cyotek.com/statuscodes/3xx/307.php
welcome,https://www.cyotek.com
welcome,https://docs.cyotek.com/
welcome,https://www.cyotek.com/
welcome,https://demo.cyotek.com/
welcome,https://www.cyotek.com/terms-of-use
welcome,https://www.cyotek.com/rss
welcome,https://www.cyotek.com/blog/rss
this,https://www.cyotek.com/blog/resolving-svn-error-could-not-open-the-requested-svn-filesystem
this,https://support.cyotek.com
this,https://www.cyotek.com/blog/tools-we-use-2023-edition
this,https://demo.cyotek.com/css/url.php
this,https://demo.cyotek.com/statuscodes/3xx/307.php
this,https://demo.cyotek.com/
this,https://demo.cyotek.com/javascript/uritransform.php
this,https://www.cyotek.com/open-source
this,https://demo.cyotek.com/about.php
this,https://demo.cyotek.com/features/index.php
this,https://demo.cyotek.com/statuscodes/3xx/301.php
this,https://www.cyotek.com/jewel-rush
this,https://demo.cyotek.com/statuscodes/3xx/302.php
this,https://demo.cyotek.com/statuscodes/index.php
this,https://demo.cyotek.com/css/index.php
this,https://www.cyotek.com/cyotek-nbt-editor
this,https://www.cyotek.com/about
this,https://www.cyotek.com/blog/tools-we-use-2024-edition
this,https://www.cyotek.com/source-code
this,https://www.cyotek.com/cyotek-spriter
this,https://www.cyotek.com/blog/rss
this,https://www.cyotek.com/donate
this,https://www.cyotek.com/cyotek-palette-editor
this,https://www.cyotek.com/cyotek-sitemap-creator
this,https://demo.cyotek.com/css/import.php
this,https://demo.cyotek.com/changelog.php
this,https://demo.cyotek.com/css/datauri.php
this,https://www.cyotek.com/blog/products/introducing-64bit-builds
this,https://www.cyotek.com/cyotek-webcopy
this,https://www.cyotek.com/blog
this,https://demo.cyotek.com/javascript/dom.php
this,https://www.cyotek.com/rss
this,https://www.cyotek.com/blog/products
this,https://www.cyotek.com/blog/products/introducing-webview2-support-part-1
this,https://www.cyotek.com/cyotek-gif-animator
this,https://demo.cyotek.com/html/index.php
this,https://www.cyotek.com/cyotek-copytools
this,https://www.cyotek.com/blog/products/crowdstrike-falcon-false-positives
this,https://www.cyotek.com/privacy-policy
this,https://demo.cyotek.com/statuscodes/3xx/304.php
this,https://www.cyotek.com/terms-of-use
this,https://www.cyotek.com/cyotek-slicr
this,https://www.cyotek.com/downloads
this,https://www.cyotek.com/copyright-and-trademarks
is,https://www.cyotek.com/blog/resolving-svn-error-could-not-open-the-requested-svn-filesystem
is,https://www.cyotek.com/blog/tools-we-use-2023-edition
is,https://demo.cyotek.com/css/url.php
is,https://demo.cyotek.com/statuscodes/3xx/307.php
is,https://demo.cyotek.com/
is,https://demo.cyotek.com/javascript/uritransform.php
is,https://www.cyotek.com/open-source
is,https://demo.cyotek.com/about.php
is,https://www.cyotek.com
is,https://www.cyotek.com/products
is,https://www.cyotek.com/jewel-rush
is,https://demo.cyotek.com/statuscodes/3xx/302.php
is,https://www.cyotek.com/cyotek-nbt-editor
is,https://www.cyotek.com/
is,https://www.cyotek.com/blog/tools-we-use-2024-edition
is,https://www.cyotek.com/source-code
is,https://www.cyotek.com/cyotek-spriter
is,https://www.cyotek.com/blog/rss
is,https://www.cyotek.com/donate
is,https://www.cyotek.com/cyotek-palette-editor
is,https://www.cyotek.com/cyotek-sitemap-creator
is,https://demo.cyotek.com/css/import.php
is,https://demo.cyotek.com/changelog.php
is,https://demo.cyotek.com/css/datauri.php
is,https://www.cyotek.com/blog/products/introducing-64bit-builds
is,https://www.cyotek.com/cyotek-webcopy
is,https://demo.cyotek.com/javascript/dom.php
is,https://www.cyotek.com/rss
is,https://www.cyotek.com/blog/products/introducing-webview2-support-part-1
is,https://www.cyotek.com/cyotek-gif-animator
is,https://demo.cyotek.com/javascript/index.php
is,https://www.cyotek.com/cyotek-copytools
is,https://www.cyotek.com/blog/products/crowdstrike-falcon-false-positives
is,https://www.cyotek.com/privacy-policy
is,https://demo.cyotek.com/statuscodes/3xx/304.php
is,https://www.cyotek.com/terms-of-use
is,https://www.cyotek.com/cyotek-slicr
is,https://www.cyotek.com/downloads
is,https://www.cyotek.com/copyright-and-trademarks
a,https://www.cyotek.com/blog/resolving-svn-error-could-not-open-the-requested-svn-filesystem
a,https://support.cyotek.com
a,https://www.cyotek.com/blog/tools-we-use-2023-edition
a,https://demo.cyotek.com/statuscodes/3xx/307.php
a,https://demo.cyotek.com/
a,https://demo.cyotek.com/javascript/uritransform.php
a,https://www.cyotek.com/open-source
a,https://demo.cyotek.com/about.php
a,https://demo.cyotek.com/features/index.php
a,https://www.cyotek.com
a,https://demo.cyotek.com/statuscodes/3xx/303.php
a,https://www.cyotek.com/products
a,https://www.cyotek.com/jewel-rush
a,https://demo.cyotek.com/statuscodes/index.php
a,https://demo.cyotek.com/css/index.php
a,https://www.cyotek.com/cyotek-nbt-editor
a,https://demo.cyotek.com/statuscodes/3xx/302.php
a,https://www.cyotek.com/
a,https://www.cyotek.com/contact
a,https://www.cyotek.com/about
a,https://www.cyotek.com/blog/tools-we-use-2024-edition
a,https://www.cyotek.com/source-code
a,https://www.cyotek.com/cyotek-spriter
a,https://www.cyotek.com/search
a,https://www.cyotek.com/blog/rss
a,https://www.cyotek.com/donate
a,https://www.cyotek.com/sitemap
a,https://www.cyotek.com/cyotek-palette-editor
a,https://www.cyotek.com/cyotek-sitemap-creator
a,https://demo.cyotek.com/changelog.php
a,https://demo.cyotek.com/css/datauri.php
a,https://www.cyotek.com/blog/products/introducing-64bit-builds
a,https://www.cyotek.com/cyotek-webcopy
a,https://www.cyotek.com/blog
a,https://demo.cyotek.com/javascript/dom.php
a,https://www.cyotek.com/rss
a,https://www.cyotek.com/blog/products
a,https://www.cyotek.com/blog/products/introducing-webview2-support-part-1
a,https://www.cyotek.com/cyotek-gif-animator
a,https://demo.cyotek.com/javascript/index.php
a,https://demo.cyotek.com/html/index.php
a,https://www.cyotek.com/cyotek-copytools
a,https://www.cyotek.com/blog/products/crowdstrike-falcon-false-positives
a,https://www.cyotek.com/privacy-policy
a,https://demo.cyotek.com/statuscodes/3xx/304.php
a,https://www.cyotek.com/terms-of-use
a,https://www.cyotek.com/cyotek-slicr
a,https://www.cyotek.com/downloads
a,https://www.cyotek.com/copyright-and-trademarks
demonstration,https://demo.cyotek.com/changelog.php
demonstration,https://demo.cyotek.com/
demonstration,https://www.cyotek.com/open-source
demonstration,https://demo.cyotek.com/about.php
demonstration,https://www.cyotek.com/rss
demonstration,https://www.cyotek.com/blog/rss
website,https://www.cyotek.com/blog/resolving-svn-error-could-not-open-the-requested-svn-filesystem
website,https://www.cyotek.com/blog/tools-we-use-2023-edition
website,https://demo.cyotek.com/css/url.php
website,https://demo.cyotek.com/
website,https://demo.cyotek.com/javascript/uritransform.php
website,https://www.cyotek.com/open-source
website,https://demo.cyotek.com/about.php
website,https://demo.cyotek.com/features/index.php
website,https://demo.cyotek.com/statuscodes/3xx/303.php
website,https://demo.cyotek.com/statuscodes/3xx/301.php
website,https://www.cyotek.com/products
website,https://demo.cyotek.com/statuscodes/3xx/302.php
website,https://demo.cyotek.com/statuscodes/index.php
website,https://demo.cyotek.com/css/index.php
website,https://www.cyotek.com/blog/tools-we-use-2024-edition
website,https://www.cyotek.com/source-code
website,https://www.cyotek.com/blog/rss
website,https://demo.cyotek.com/css/import.php
website,https://demo.cyotek.com/changelog.php
website,https://demo.cyotek.com/css/datauri.php
website,https://www.cyotek.com/cyotek-webcopy
website,https://www.cyotek.com/blog
website,https://demo.cyotek.com/javascript/dom.php
website,https://www.cyotek.com/rss
website,https://www.cyotek.com/blog/products
website,https://www.cyotek.com/blog/products/introducing-webview2-support-part-1
website,https://demo.cyotek.com/javascript/index.php
website,https://demo.cyotek.com/html/index.php
website,https://www.cyotek.com/privacy-policy
website,https://demo.cyotek.com/statuscodes/3xx/304.php
website,https://www.cyotek.com/terms-of-use
website,https://demo.cyotek.com/statuscodes/3xx/307.php
website,https://www.cyotek.com/copyright-and-trademarks
that,https://www.cyotek.com/blog/resolving-svn-error-could-not-open-the-requested-svn-filesystem
that,https://support.cyotek.com
that,https://www.cyotek.com/blog/tools-we-use-2023-edition
that,https://demo.cyotek.com/
that,https://www.cyotek.com/open-source
that,https://demo.cyotek.com/about.php
that,https://demo.cyotek.com/statuscodes/3xx/303.php
that,https://www.cyotek.com/jewel-rush
that,https://www.cyotek.com/products
that,https://demo.cyotek.com/statuscodes/index.php
that,https://www.cyotek.com/cyotek-nbt-editor
that,https://www.cyotek.com/contact
that,https://www.cyotek.com/blog/tools-we-use-2024-edition
that,https://www.cyotek.com/source-code
that,https://www.cyotek.com/blog/rss
that,https://www.cyotek.com/cyotek-sitemap-creator
that,https://demo.cyotek.com/changelog.php
that,https://demo.cyotek.com/css/datauri.php
that,https://www.cyotek.com/blog
that,https://www.cyotek.com/rss
that,https://www.cyotek.com/blog/products
that,https://www.cyotek.com/blog/products/introducing-webview2-support-part-1
that,https://www.cyotek.com/blog/products/crowdstrike-falcon-false-positives
that,https://www.cyotek.com/privacy-policy
that,https://demo.cyotek.com/statuscodes/3xx/304.php
that,https://www.cyotek.com/terms-of-use
that,https://www.cyotek.com/cyotek-slicr
designed,https://demo.cyotek.com/
designed,https://www.cyotek.com/rss
designed,https://www.cyotek.com/blog/rss
to,https://www.cyotek.com/blog/resolving-svn-error-could-not-open-the-requested-svn-filesystem
to,https://docs.cyotek.com/
to,https://support.cyotek.com
to,https://www.cyotek.com/blog/tools-we-use-2023-edition
to,https://demo.cyotek.com/css/url.php
to,https://demo.cyotek.com/statuscodes/3xx/307.php
to,https://demo.cyotek.com/
to,https://demo.cyotek.com/javascript/uritransform.php
to,https://www.cyotek.com/open-source
to,https://demo.cyotek.com/about.php
to,https://demo.cyotek.com/features/index.php
to,https://www.cyotek.com
to,https://demo.cyotek.com/statuscodes/3xx/303.php
to,https://demo.cyotek.com/statuscodes/3xx/301.php
to,https://www.cyotek.com/products
to,https://www.cyotek.com/jewel-rush
to,https://demo.cyotek.com/statuscodes/index.php
to,https://demo.cyotek.com/css/index.php
to,https://www.cyotek.com/cyotek-nbt-editor
to,https://demo.cyotek.com/statuscodes/3xx/302.php
to,https://www.cyotek.com/
to,https://www.cyotek.com/contact
to,https://www.cyotek.com/about
to,https://www.cyotek.com/blog/tools-we-use-2024-edition
to,https://www.cyotek.com/source-code
to,https://www.cyotek.com/cyotek-spriter
to,https://www.cyotek.com/search
to,https://www.cyotek.com/blog/rss
to,https://www.cyotek.com/donate
to,https://www.cyotek.com/sitemap
to,https://www.cyotek.com/cyotek-palette-editor
to,https://www.cyotek.com/cyotek-sitemap-creator
to,https://demo.cyotek.com/css/import.php
to,https://demo.cyotek.com/changelog.php
to,https://demo.cyotek.com/css/datauri.php
to,https://www.cyotek.com/blog/products/introducing-64bit-builds
to,https://www.cyotek.com/cyotek-webcopy
to,https://www.cyotek.com/blog
to,https://demo.cyotek.com/javascript/dom.php
to,https://www.cyotek.com/rss
to,https://www.cyotek.com/blog/products
to,https://www.cyotek.com/blog/products/introducing-webview2-support-part-1
to,https://www.cyotek.com/cyotek-gif-animator
to,https://demo.cyotek.com/html/index.php
to,https://www.cyotek.com/cyotek-copytools
to,https://www.cyotek.com/blog/products/crowdstrike-falcon-false-positives
to,https://www.cyotek.com/privacy-policy
to,https://demo.cyotek.com/statuscodes/3xx/304.php
to,https://www.cyotek.com/terms-of-use
to,https://www.cyotek.com/cyotek-slicr
to,https://www.cyotek.com/downloads
to,https://www.cyotek.com/copyright-and-trademarks
the,https://www.cyotek.com/blog/resolving-svn-error-could-not-open-the-requested-svn-filesystem
the,https://docs.cyotek.com/
the,https://support.cyotek.com
the,https://www.cyotek.com/blog/tools-we-use-2023-edition
the,https://demo.cyotek.com/css/url.php
the,https://demo.cyotek.com/statuscodes/3xx/307.php
the,https://demo.cyotek.com/
the,https://demo.cyotek.com/javascript/uritransform.php
the,https://www.cyotek.com/open-source
the,https://demo.cyotek.com/about.php
the,https://demo.cyotek.com/features/index.php
the,https://www.cyotek.com
the,https://demo.cyotek.com/statuscodes/3xx/303.php
the,https://demo.cyotek.com/statuscodes/3xx/301.php
the,https://www.cyotek.com/products
the,https://www.cyotek.com/jewel-rush
the,https://demo.cyotek.com/statuscodes/index.php
the,https://demo.cyotek.com/css/index.php
the,https://www.cyotek.com/cyotek-nbt-editor
the,https://demo.cyotek.com/statuscodes/3xx/302.php
the,https://www.cyotek.com/
the,https://www.cyotek.com/contact
the,https://www.cyotek.com/about
the,https://www.cyotek.com/blog/tools-we-use-2024-edition
the,https://www.cyotek.com/source-code
the,https://www.cyotek.com/cyotek-spriter
the,https://www.cyotek.com/search
the,https://www.cyotek.com/blog/rss
the,https://www.cyotek.com/donate
the,https://www.cyotek.com/sitemap
the,https://www.cyotek.com/cyotek-palette-editor
the,https://www.cyotek.com/cyotek-sitemap-creator
the,https://demo.cyotek.com/css/import.php
the,https://demo.cyotek.com/changelog.php
the,https://demo.cyotek.com/css/datauri.php
the,https://www.cyotek.com/blog/products/introducing-64bit-builds
the,https://www.cyotek.com/cyotek-webcopy
the,https://www.cyotek.com/blog
the,https://demo.cyotek.com/javascript/dom.php
the,https://www.cyotek.com/rss
the,https://www.cyotek.com/blog/products
the,https://www.cyotek.com/blog/products/introducing-webview2-support-part-1
the,https://www.cyotek.com/cyotek-gif-animator
the,https://demo.cyotek.com/javascript/index.php
the,https://demo.cyotek.com/html/index.php
the,https://www.cyotek.com/cyotek-copytools
the,https://www.cyotek.com/blog/products/crowdstrike-falcon-false-positives
the,https://www.cyotek.com/privacy-policy
the,https://demo.cyotek.com/statuscodes/3xx/304.php
the,https://www.cyotek.com/terms-of-use
the,https://www.cyotek.com/cyotek-slicr
the,https://www.cyotek.com/downloads
the,https://www.cyotek.com/copyright-and-trademarks
crawling,https://demo.cyotek.com/html/index.php
crawling,https://demo.cyotek.com/javascript/index.php
crawling,https://demo.cyotek.com/css/index.php
crawling,https://demo.cyotek.com/
crawling,https://demo.cyotek.com/features/index.php
crawling,https://www.cyotek.com/rss
crawling,https://www.cyotek.com/blog/rss
functionality,https://www.cyotek.com/blog/products/introducing-webview2-support-part-1
functionality,https://demo.cyotek.com/statuscodes/3xx/302.php
functionality,https://www.cyotek.com/blog/tools-we-use-2023-edition
functionality,https://demo.cyotek.com/
functionality,https://www.cyotek.com/source-code
functionality,https://www.cyotek.com/blog/tools-we-use-2024-edition
functionality,https://www.cyotek.com/rss
functionality,https://www.cyotek.com/blog/rss
of,https://www.cyotek.com/blog/resolving-svn-error-could-not-open-the-requested-svn-filesystem
of,https://support.cyotek.com
of,https://www.cyotek.com/blog/tools-we-use-2023-edition
of,https://demo.cyotek.com/
of,https://www.cyotek.com/open-source
of,https://demo.cyotek.com/about.php
of,https://demo.cyotek.com/features/index.php
of,https://www.cyotek.com
of,https://www.cyotek.com/products
of,https://www.cyotek.com/jewel-rush
of,https://demo.cyotek.com/statuscodes/index.php
of,https://demo.cyotek.com/css/index.php
of,https://www.cyotek.com/cyotek-nbt-editor
of,https://demo.cyotek.com/statuscodes/3xx/302.php
of,https://www.cyotek.com/
of,https://www.cyotek.com/contact
of,https://www.cyotek.com/about
of,https://www.cyotek.com/blog/tools-we-use-2024-edition
of,https://www.cyotek.com/source-code
of,https://www.cyotek.com/cyotek-spriter
of,https://www.cyotek.com/search
of,https://www.cyotek.com/blog/rss
of,https://www.cyotek.com/donate
of,https://www.cyotek.com/sitemap
of,https://www.cyotek.com/cyotek-palette-editor
of,https://www.cyotek.com/cyotek-sitemap-creator
of,https://demo.cyotek.com/changelog.php
of,https://demo.cyotek.com/css/datauri.php
of,https://www.cyotek.com/blog/products/introducing-64bit-builds
of,https://www.cyotek.com/cyotek-webcopy
of,https://www.cyotek.com/blog
of,https://www.cyotek.com/rss
of,https://www.cyotek.com/blog/products
of,https://www.cyotek.com/blog/products/introducing-webview2-support-part-1
of,https://www.cyotek.com/cyotek-gif-animator
of,https://demo.cyotek.com/javascript/index.php
of,https://demo.cyotek.com/html/index.php
of,https://www.cyotek.com/cyotek-copytools
of,https://www.cyotek.com/blog/products/crowdstrike-falcon-false-positives
of,https://www.cyotek.com/privacy-policy
of,https://www.cyotek.com/terms-of-use
of,https://www.cyotek.com/cyotek-slicr
of,https://www.cyotek.com/downloads
of,https://www.cyotek.com/copyright-and-trademarks
cyotek,https://www.cyotek.com/blog/resolving-svn-error-could-not-open-the-requested-svn-filesystem
cyotek,https://docs.cyotek.com/
cyotek,https://support.cyotek.com
cyotek,https://www.cyotek.com/blog/tools-we-use-2023-edition
cyotek,https://demo.cyotek.com/css/url.php
cyotek,https://demo.cyotek.com/statuscodes/3xx/307.php
cyotek,https://demo.cyotek.com/
cyotek,https://demo.cyotek.com/javascript/uritransform.php
cyotek,https://www.cyotek.com/open-source
cyotek,https://demo.cyotek.com/about.php
cyotek,https://demo.cyotek.com/features/index.php
cyotek,https://www.cyotek.com
cyotek,https://demo.cyotek.com/statuscodes/3xx/303.php
cyotek,https://demo.cyotek.com/statuscodes/3xx/301.php
cyotek,https://www.cyotek.com/products
cyotek,https://www.cyotek.com/jewel-rush
cyotek,https://demo.cyotek.com/statuscodes/index.php
cyotek,https://demo.cyotek.com/css/index.php
cyotek,https://www.cyotek.com/cyotek-nbt-editor
cyotek,https://demo.cyotek.com/statuscodes/3xx/302.php
cyotek,https://www.cyotek.com/
cyotek,https://www.cyotek.com/contact
cyotek,https://www.cyotek.com/about
cyotek,https://www.cyotek.com/blog/tools-we-use-2024-edition
cyotek,https://www.cyotek.com/source-code
cyotek,https://www.cyotek.com/cyotek-spriter
cyotek,https://www.cyotek.com/search
cyotek,https://www.cyotek.com/blog/rss
cyotek,https://www.cyotek.com/donate
cyotek,https://www.cyotek.com/sitemap
cyotek,https://www.cyotek.com/cyotek-palette-editor
cyotek,https://www.cyotek.com/cyotek-sitemap-creator
cyotek,https://demo.cyotek.com/css/import.php
cyotek,https://demo.cyotek.com/changelog.php
cyotek,https://demo.cyotek.com/css/datauri.php
cyotek,https://www.cyotek.com/blog/products/introducing-64bit-builds
cyotek,https://www.cyotek.com/cyotek-webcopy
cyotek,https://www.cyotek.com/blog
cyotek,https://demo.cyotek.com/javascript/dom.php
cyotek,https://www.cyotek.com/rss
cyotek,https://www.cyotek.com/blog/products
cyotek,https://www.cyotek.com/blog/products/introducing-webview2-support-part-1
cyotek,https://www.cyotek.com/cyotek-gif-animator
cyotek,https://demo.cyotek.com/javascript/index.php
cyotek,https://demo.cyotek.com/html/index.php
cyotek,https://www.cyotek.com/cyotek-copytools
cyotek,https://www.cyotek.com/blog/products/crowdstrike-falcon-false-positives
cyotek,https://www.cyotek.com/privacy-policy
cyotek,https://demo.cyotek.com/statuscodes/3xx/304.php
cyotek,https://www.cyotek.com/terms-of-use
cyotek,https://www.cyotek.com/cyotek-slicr
cyotek,https://www.cyotek.com/downloads
cyotek,https://www.cyotek.com/copyright-and-trademarks
webcopy,https://www.cyotek.com/blog/resolving-svn-error-could-not-open-the-requested-svn-filesystem
webcopy,https://docs.cyotek.com/
webcopy,https://support.cyotek.com
webcopy,https://www.cyotek.com/blog/tools-we-use-2023-edition
webcopy,https://demo.cyotek.com/statuscodes/3xx/307.php
webcopy,https://demo.cyotek.com/
webcopy,https://demo.cyotek.com/javascript/uritransform.php
webcopy,https://www.cyotek.com/open-source
webcopy,https://demo.cyotek.com/about.php
webcopy,https://www.cyotek.com
webcopy,https://demo.cyotek.com/statuscodes/3xx/303.php
webcopy,https://demo.cyotek.com/statuscodes/3xx/301.php
webcopy,https://www.cyotek.com/products
webcopy,https://www.cyotek.com/jewel-rush
webcopy,https://demo.cyotek.com/statuscodes/index.php
webcopy,https://www.cyotek.com/cyotek-nbt-editor
webcopy,https://demo.cyotek.com/statuscodes/3xx/302.php
webcopy,https://www.cyotek.com/
webcopy,https://www.cyotek.com/contact
webcopy,https://www.cyotek.com/about
webcopy,https://www.cyotek.com/blog/tools-we-use-2024-edition
webcopy,https://www.cyotek.com/source-code
webcopy,https://www.cyotek.com/cyotek-spriter
webcopy,https://www.cyotek.com/search
webcopy,https://www.cyotek.com/blog/rss
webcopy,https://www.cyotek.com/donate
webcopy,https://www.cyotek.com/sitemap
webcopy,https://www.cyotek.com/cyotek-palette-editor
webcopy,https://www.cyotek.com/cyotek-sitemap-creator
webcopy,https://demo.cyotek.com/changelog.php
webcopy,https://demo.cyotek.com/css/datauri.php
webcopy,https://www.cyotek.com/blog/products/introducing-64bit-builds
webcopy,https://www.cyotek.com/cyotek-webcopy
webcopy,https://www.cyotek.com/blog
webcopy,https://demo.cyotek.com/javascript/dom.php
webcopy,https://www.cyotek.com/rss
webcopy,https://www.cyotek.com/blog/products
webcopy,https://www.cyotek.com/blog/products/introducing-webview2-support-part-1
webcopy,https://www.cyotek.com/cyotek-gif-animator
webcopy,https://www.cyotek.com/cyotek-copytools
webcopy,https://www.cyotek.com/blog/products/crowdstrike-falcon-false-positives
webcopy,https://www.cyotek.com/privacy-policy
webcopy,https://www.cyotek.com/terms-of-use
webcopy,https://www.cyotek.com/cyotek-slicr
webcopy,https://www.cyotek.com/downloads
webcopy,https://www.cyotek.com/copyright-and-trademarks
and,https://www.cyotek.com/blog/resolving-svn-error-could-not-open-the-requested-svn-filesystem
and,https://support.cyotek.com
and,https://www.cyotek.com/blog/tools-we-use-2023-edition
and,https://demo.cyotek.com/
and,https://demo.cyotek.com/javascript/uritransform.php
and,https://www.cyotek.com/open-source
and,https://demo.cyotek.com/about.php
and,https://demo.cyotek.com/features/index.php
and,https://www.cyotek.com
and,https://demo.cyotek.com/statuscodes/3xx/303.php
and,https://demo.cyotek.com/statuscodes/3xx/301.php
and,https://www.cyotek.com/products
and,https://www.cyotek.com/jewel-rush
and,https://demo.cyotek.com/statuscodes/index.php
and,https://www.cyotek.com/cyotek-nbt-editor
and,https://demo.cyotek.com/statuscodes/3xx/302.php
and,https://www.cyotek.com/
and,https://www.cyotek.com/contact
and,https://www.cyotek.com/about
and,https://www.cyotek.com/blog/tools-we-use-2024-edition
and,https://www.cyotek.com/source-code
and,https://www.cyotek.com/cyotek-spriter
and,https://www.cyotek.com/search
and,https://www.cyotek.com/blog/rss
and,https://www.cyotek.com/donate
and,https://www.cyotek.com/sitemap
and,https://www.cyotek.com/cyotek-palette-editor
and,https://www.cyotek.com/cyotek-sitemap-creator
and,https://demo.cyotek.com/changelog.php
and,https://www.cyotek.com/blog/products/introducing-64bit-builds
and,https://www.cyotek.com/cyotek-webcopy
and,https://www.cyotek.com/blog
and,https://www.cyotek.com/rss
and,https://www.cyotek.com/blog/products
and,https://www.cyotek.com/blog/products/introducing-webview2-support-part-1
and,https://www.cyotek.com/cyotek-gif-animator
and,https://demo.cyotek.com/javascript/index.php
and,https://demo.cyotek.com/html/index.php
and,https://www.cyotek.com/cyotek-copytools
and,https://www.cyotek.com/blog/products/crowdstrike-falcon-false-positives
and,https://www.cyotek.com/privacy-policy
and,https://www.cyotek.com/terms-of-use
and,https://www.cyotek.com/cyotek-slicr
and,https://www.cyotek.com/downloads
and,https://www.cyotek.com/copyright-and-trademarks
how,https://www.cyotek.com/donate
how,https://www.cyotek.com/blog/resolving-svn-error-could-not-open-the-requested-svn-filesystem
how,https://www.cyotek.com/blog/tools-we-use-2023-edition
how,https://www.cyotek.com/privacy-policy
how,https://www.cyotek.com/blog
how,https://demo.cyotek.com/
how,https://www.cyotek.com/source-code
how,https://demo.cyotek.com/statuscodes/3xx/307.php
how,https://www.cyotek.com/open-source
how,https://www.cyotek.com/rss
how,https://www.cyotek.com/blog/rss
it,https://www.cyotek.com/blog/resolving-svn-error-could-not-open-the-requested-svn-filesystem
it,https://www.cyotek.com/blog/tools-we-use-2023-edition
it,https://demo.cyotek.com/
it,https://demo.cyotek.com/javascript/uritransform.php
it,https://www.cyotek.com/open-source
it,https://demo.cyotek.com/about.php
it,https://demo.cyotek.com/statuscodes/3xx/303.php
it,https://www.cyotek.com/products
it,https://www.cyotek.com/cyotek-nbt-editor
it,https://www.cyotek.com/blog/tools-we-use-2024-edition
it,https://www.cyotek.com/blog/rss
it,https://demo.cyotek.com/changelog.php
it,https://demo.cyotek.com/css/datauri.php
it,https://www.cyotek.com/blog/products/introducing-64bit-builds
it,https://www.cyotek.com/cyotek-webcopy
it,https://www.cyotek.com/blog
it,https://demo.cyotek.com/javascript/dom.php
it,https://www.cyotek.com/rss
it,https://www.cyotek.com/blog/products
it,https://www.cyotek.com/blog/products/introducing-webview2-support-part-1
it,https://demo.cyotek.com/javascript/index.php
it,https://www.cyotek.com/blog/products/crowdstrike-falcon-false-positives
it,https://www.cyotek.com/privacy-policy
it,https://www.cyotek.com/terms-of-use
it,https://www.cyotek.com/copyright-and-trademarks
deals,https://demo.cyotek.com/
deals,https://www.cyotek.com/rss
deals,https://www.cyotek.com/blog/rss
with,https://www.cyotek.com/blog/resolving-svn-error-could-not-open-the-requested-svn-filesystem
with,https://support.cyotek.com
with,https://www.cyotek.com/blog/tools-we-use-2023-edition
with,https://demo.cyotek.com/statuscodes/3xx/307.php
with,https://demo.cyotek.com/
with,https://demo.cyotek.com/javascript/uritransform.php
with,https://www.cyotek.com/open-source
with,https://demo.cyotek.com/about.php
with,https://www.cyotek.com
with,https://demo.cyotek.com/statuscodes/3xx/303.php
with,https://www.cyotek.com/products
with,https://www.cyotek.com/jewel-rush
with,https://demo.cyotek.com/statuscodes/index.php
with,https://www.cyotek.com/cyotek-nbt-editor
with,https://demo.cyotek.com/statuscodes/3xx/302.php
with,https://www.cyotek.com/
with,https://www.cyotek.com/about
with,https://www.cyotek.com/blog/tools-we-use-2024-edition
with,https://www.cyotek.com/source-code
with,https://www.cyotek.com/cyotek-spriter
with,https://www.cyotek.com/blog/rss
with,https://www.cyotek.com/cyotek-palette-editor
with,https://www.cyotek.com/cyotek-sitemap-creator
with,https://demo.cyotek.com/changelog.php
with,https://www.cyotek.com/blog/products/introducing-64bit-builds
with,https://www.cyotek.com/cyotek-webcopy
with,https://www.cyotek.com/blog
with,https://demo.cyotek.com/javascript/dom.php
with,https://www.cyotek.com/rss
with,https://www.cyotek.com/blog/products
with,https://www.cyotek.com/blog/products/introducing-webview2-support-part-1
with,https://www.cyotek.com/cyotek-gif-animator
with,https://www.cyotek.com/cyotek-copytools
with,https://www.cyotek.com/blog/products/crowdstrike-falcon-false-positives
with,https://www.cyotek.com/privacy-policy
with,https://www.cyotek.com/terms-of-use
with,https://www.cyotek.com/cyotek-slicr
with,https://www.cyotek.com/downloads
with,https://www.cyotek.com/copyright-and-trademarks
various,https://www.cyotek.com/products
various,https://www.cyotek.com/jewel-rush
various,https://www.cyotek.com/blog/tools-we-use-2023-edition
various,https://demo.cyotek.com/
various,https://www.cyotek.com/about
various,https://www.cyotek.com/blog/tools-we-use-2024-edition
various,https://demo.cyotek.com/about.php
various,https://www.cyotek.com/rss
various,https://www.cyotek.com/blog/rss
http.,https://demo.cyotek.com/
for,https://www.cyotek.com/blog/resolving-svn-error-could-not-open-the-requested-svn-filesystem
for,https://support.cyotek.com
for,https://www.cyotek.com/blog/tools-we-use-2023-edition
for,https://demo.cyotek.com/statuscodes/3xx/307.php
for,https://demo.cyotek.com/
for,https://www.cyotek.com/open-source
for,https://demo.cyotek.com/about.php
for,https://www.cyotek.com
for,https://www.cyotek.com/products
for,https://www.cyotek.com/jewel-rush
for,https://demo.cyotek.com/statuscodes/index.php
for,https://www.cyotek.com/cyotek-nbt-editor
for,https://www.cyotek.com/
for,https://www.cyotek.com/contact
for,https://www.cyotek.com/about
for,https://www.cyotek.com/blog/tools-we-use-2024-edition
for,https://www.cyotek.com/source-code
for,https://www.cyotek.com/cyotek-spriter
for,https://www.cyotek.com/search
for,https://www.cyotek.com/blog/rss
for,https://www.cyotek.com/donate
for,https://www.cyotek.com/sitemap
for,https://www.cyotek.com/cyotek-palette-editor
for,https://www.cyotek.com/cyotek-sitemap-creator
for,https://demo.cyotek.com/changelog.php
for,https://demo.cyotek.com/css/datauri.php
for,https://www.cyotek.com/blog/products/introducing-64bit-builds
for,https://www.cyotek.com/cyotek-webcopy
for,https://www.cyotek.com/blog
for,https://www.cyotek.com/rss
for,https://www.cyotek.com/blog/products
for,https://www.cyotek.com/blog/products/introducing-webview2-support-part-1
for,https://www.cyotek.com/cyotek-gif-animator
for,https://demo.cyotek.com/javascript/index.php
for,https://www.cyotek.com/cyotek-copytools
for,https://www.cyotek.com/blog/products/crowdstrike-falcon-false-positives
for,https://www.cyotek.com/privacy-policy
for,https://www.cyotek.com/terms-of-use
for,https://www.cyotek.com/cyotek-slicr
for,https://www.cyotek.com/downloads
for,https://www.cyotek.com/copyright-and-trademarks
more,https://www.cyotek.com/blog/resolving-svn-error-could-not-open-the-requested-svn-filesystem
more,https://support.cyotek.com
more,https://www.cyotek.com/blog/tools-we-use-2023-edition
more,https://demo.cyotek.com/javascript/uritransform.php
more,https://demo.cyotek.com/
more,https://demo.cyotek.com/statuscodes/3xx/303.php
more,https://demo.cyotek.com/statuscodes/3xx/301.php
more,https://www.cyotek.com/products
more,https://demo.cyotek.com/statuscodes/3xx/302.php
more,https://www.cyotek.com/blog/tools-we-use-2024-edition
more,https://www.cyotek.com/source-code
more,https://www.cyotek.com/cyotek-spriter
more,https://www.cyotek.com/blog/rss
more,https://www.cyotek.com/cyotek-sitemap-creator
more,https://demo.cyotek.com/changelog.php
more,https://demo.cyotek.com/javascript/dom.php
more,https://www.cyotek.com/rss
more,https://www.cyotek.com/privacy-policy
more,https://demo.cyotek.com/statuscodes/3xx/304.php
more,https://demo.cyotek.com/statuscodes/3xx/307.php
information,https://www.cyotek.com
information,https://www.cyotek.com/blog/products/introducing-webview2-support-part-1
information,https://www.cyotek.com/blog/resolving-svn-error-could-not-open-the-requested-svn-filesystem
information,https://www.cyotek.com/blog/rss
information,https://demo.cyotek.com/changelog.php
information,https://www.cyotek.com/blog/products/crowdstrike-falcon-false-positives
information,https://www.cyotek.com/blog/tools-we-use-2023-edition
information,https://www.cyotek.com/blog/products/introducing-64bit-builds
information,https://www.cyotek.com/privacy-policy
information,https://www.cyotek.com/
information,https://demo.cyotek.com/
information,https://www.cyotek.com/blog/tools-we-use-2024-edition
information,https://www.cyotek.com/blog
information,https://www.cyotek.com/terms-of-use
information,https://www.cyotek.com/rss
information,https://www.cyotek.com/blog/products
on,https://www.cyotek.com/blog/resolving-svn-error-could-not-open-the-requested-svn-filesystem
on,https://support.cyotek.com
on,https://www.cyotek.com/blog/tools-we-use-2023-edition
on,https://demo.cyotek.com/
on,https://www.cyotek.com/open-source
on,https://demo.cyotek.com/about.php
on,https://www.cyotek.com
on,https://www.cyotek.com/products
on,https://www.cyotek.com/cyotek-nbt-editor
on,https://www.cyotek.com/
on,https://www.cyotek.com/contact
on,https://www.cyotek.com/about
on,https://www.cyotek.com/blog/tools-we-use-2024-edition
on,https://www.cyotek.com/source-code
on,https://www.cyotek.com/cyotek-spriter
on,https://www.cyotek.com/blog/rss
on,https://www.cyotek.com/sitemap
on,https://www.cyotek.com/cyotek-sitemap-creator
on,https://demo.cyotek.com/changelog.php
on,https://www.cyotek.com/blog/products/introducing-64bit-builds
on,https://www.cyotek.com/blog
on,https://www.cyotek.com/rss
on,https://www.cyotek.com/blog/products
on,https://www.cyotek.com/blog/products/introducing-webview2-support-part-1
on,https://www.cyotek.com/blog/products/crowdstrike-falcon-false-positives
on,https://www.cyotek.com/privacy-policy
on,https://www.cyotek.com/terms-of-use
on,https://www.cyotek.com/cyotek-slicr
"cyotek,",https://www.cyotek.com
"cyotek,",https://www.cyotek.com/blog/resolving-svn-error-could-not-open-the-requested-svn-filesystem
"cyotek,",https://www.cyotek.com/blog/tools-we-use-2023-edition
"cyotek,",https://www.cyotek.com/
"cyotek,",https://demo.cyotek.com/
"cyotek,",https://www.cyotek.com/blog/tools-we-use-2024-edition
"cyotek,",https://www.cyotek.com/rss
or,https://www.cyotek.com/blog/resolving-svn-error-could-not-open-the-requested-svn-filesystem
or,https://support.cyotek.com
or,https://www.cyotek.com/blog/tools-we-use-2023-edition
or,https://demo.cyotek.com/css/url.php
or,https://demo.cyotek.com/statuscodes/3xx/307.php
or,https://demo.cyotek.com/
or,https://demo.cyotek.com/javascript/uritransform.php
or,https://www.cyotek.com/open-source
or,https://demo.cyotek.com/about.php
or,https://demo.cyotek.com/features/index.php
or,https://demo.cyotek.com/statuscodes/3xx/303.php
or,https://demo.cyotek.com/statuscodes/3xx/301.php
or,https://www.cyotek.com/products
or,https://www.cyotek.com/jewel-rush
or,https://demo.cyotek.com/statuscodes/index.php
or,https://demo.cyotek.com/css/index.php
or,https://www.cyotek.com/cyotek-nbt-editor
or,https://demo.cyotek.com/statuscodes/3xx/302.php
or,https://www.cyotek.com/contact
or,https://www.cyotek.com/blog/tools-we-use-2024-edition
or,https://www.cyotek.com/source-code
or,https://www.cyotek.com/cyotek-spriter
or,https://www.cyotek.com/blog/rss
or,https://www.cyotek.com/donate
or,https://www.cyotek.com/sitemap
or,https://www.cyotek.com/cyotek-palette-editor
or,https://www.cyotek.com/cyotek-sitemap-creator
or,https://demo.cyotek.com/css/import.php
or,https://demo.cyotek.com/changelog.php
or,https://demo.cyotek.com/css/datauri.php
or,https://www.cyotek.com/blog/products/introducing-64bit-builds
or,https://www.cyotek.com/cyotek-webcopy
or,https://www.cyotek.com/blog
or,https://demo.cyotek.com/javascript/dom.php
or,https://www.cyotek.com/rss
or,https://www.cyotek.com/blog/products
or,https://www.cyotek.com/blog/products/introducing-webview2-support-part-1
or,https://www.cyotek.com/cyotek-gif-animator
or,https://demo.cyotek.com/javascript/index.php
or,https://demo.cyotek.com/html/index.php
or,https://www.cyotek.com/cyotek-copytools
or,https://www.cyotek.com/blog/products/crowdstrike-falcon-false-positives
or,https://www.cyotek.com/privacy-policy
or,https://demo.cyotek.com/statuscodes/3xx/304.php
or,https://www.cyotek.com/terms-of-use
or,https://www.cyotek.com/cyotek-slicr
or,https://www.cyotek.com/downloads
or,https://www.cyotek.com/copyright-and-trademarks
any,https://support.cyotek.com
any,https://www.cyotek.com/blog/tools-we-use-2023-edition
any,https://demo.cyotek.com/
any,https://demo.cyotek.com/statuscodes/index.php
any,https://www.cyotek.com/cyotek-nbt-editor
any,https://www.cyotek.com/contact
any,https://www.cyotek.com/blog/tools-we-use-2024-edition
any,https://www.cyotek.com/source-code
any,https://www.cyotek.com/blog/rss
any,https://www.cyotek.com/cyotek-palette-editor
any,https://demo.cyotek.com/css/datauri.php
any,https://www.cyotek.com/cyotek-webcopy
any,https://www.cyotek.com/rss
any,https://www.cyotek.com/blog/products/introducing-webview2-support-part-1
any,https://www.cyotek.com/cyotek-gif-animator
any,https://www.cyotek.com/blog/products/crowdstrike-falcon-false-positives
any,https://www.cyotek.com/privacy-policy
any,https://www.cyotek.com/terms-of-use
any,https://www.cyotek.com/copyright-and-trademarks
our,https://www.cyotek.com/blog/products/introducing-webview2-support-part-1
our,https://www.cyotek.com/donate
our,https://www.cyotek.com/blog/resolving-svn-error-could-not-open-the-requested-svn-filesystem
our,https://support.cyotek.com
our,https://www.cyotek.com/blog/tools-we-use-2023-edition
our,https://www.cyotek.com/blog/products/crowdstrike-falcon-false-positives
our,https://www.cyotek.com/blog/products/introducing-64bit-builds
our,https://www.cyotek.com/privacy-policy
our,https://www.cyotek.com/contact
our,https://demo.cyotek.com/
our,https://www.cyotek.com/about
our,https://www.cyotek.com/blog/tools-we-use-2024-edition
our,https://www.cyotek.com/source-code
our,https://www.cyotek.com/terms-of-use
our,https://demo.cyotek.com/about.php
our,https://www.cyotek.com/rss
our,https://www.cyotek.com/copyright-and-trademarks
our,https://www.cyotek.com/blog/rss
other,https://www.cyotek.com/blog/resolving-svn-error-could-not-open-the-requested-svn-filesystem
other,https://support.cyotek.com
other,https://www.cyotek.com/blog/tools-we-use-2023-edition
other,https://demo.cyotek.com/
other,https://www.cyotek.com
other,https://demo.cyotek.com/statuscodes/3xx/303.php
other,https://demo.cyotek.com/statuscodes/3xx/301.php
other,https://www.cyotek.com/products
other,https://demo.cyotek.com/statuscodes/3xx/302.php
other,https://demo.cyotek.com/statuscodes/index.php
other,https://www.cyotek.com/cyotek-nbt-editor
other,https://www.cyotek.com/
other,https://www.cyotek.com/blog/tools-we-use-2024-edition
other,https://www.cyotek.com/source-code
other,https://www.cyotek.com/blog/rss
other,https://www.cyotek.com/donate
other,https://www.cyotek.com/cyotek-palette-editor
other,https://demo.cyotek.com/css/import.php
other,https://www.cyotek.com/blog/products/introducing-64bit-builds
other,https://www.cyotek.com/cyotek-webcopy
other,https://www.cyotek.com/rss
other,https://www.cyotek.com/privacy-policy
other,https://demo.cyotek.com/statuscodes/3xx/304.php
other,https://www.cyotek.com/terms-of-use
other,https://www.cyotek.com/cyotek-slicr
other,https://demo.cyotek.com/statuscodes/3xx/307.php
other,https://www.cyotek.com/copyright-and-trademarks
products,https://www.cyotek.com/blog/resolving-svn-error-could-not-open-the-requested-svn-filesystem
products,https://support.cyotek.com
products,https://www.cyotek.com/blog/tools-we-use-2023-edition
products,https://demo.cyotek.com/
products,https://www.cyotek.com/open-source
products,https://demo.cyotek.com/about.php
products,https://www.cyotek.com
products,https://www.cyotek.com/products
products,https://www.cyotek.com/jewel-rush
products,https://www.cyotek.com/cyotek-nbt-editor
products,https://www.cyotek.com/
products,https://www.cyotek.com/contact
products,https://www.cyotek.com/about
products,https://www.cyotek.com/blog/tools-we-use-2024-edition
products,https://www.cyotek.com/source-code
products,https://www.cyotek.com/cyotek-spriter
products,https://www.cyotek.com/search
products,https://www.cyotek.com/blog/rss
products,https://www.cyotek.com/donate
products,https://www.cyotek.com/sitemap
products,https://www.cyotek.com/cyotek-palette-editor
products,https://www.cyotek.com/cyotek-sitemap-creator
products,https://www.cyotek.com/blog/products/introducing-64bit-builds
products,https://www.cyotek.com/cyotek-webcopy
products,https://www.cyotek.com/blog
products,https://www.cyotek.com/rss
products,https://www.cyotek.com/blog/products
products,https://www.cyotek.com/blog/products/introducing-webview2-support-part-1
products,https://www.cyotek.com/cyotek-gif-animator
products,https://www.cyotek.com/cyotek-copytools
products,https://www.cyotek.com/blog/products/crowdstrike-falcon-false-positives
products,https://www.cyotek.com/privacy-policy
products,https://www.cyotek.com/terms-of-use
products,https://www.cyotek.com/cyotek-slicr
products,https://www.cyotek.com/downloads
products,https://www.cyotek.com/copyright-and-trademarks
please,https://www.cyotek.com/blog/resolving-svn-error-could-not-open-the-requested-svn-filesystem
please,https://www.cyotek.com/blog/tools-we-use-2023-edition
please,https://demo.cyotek.com/
please,https://www.cyotek.com/open-source
please,https://www.cyotek.com/jewel-rush
please,https://www.cyotek.com/cyotek-nbt-editor
please,https://www.cyotek.com/contact
please,https://www.cyotek.com/blog/tools-we-use-2024-edition
please,https://www.cyotek.com/source-code
please,https://www.cyotek.com/cyotek-spriter
please,https://www.cyotek.com/search
please,https://www.cyotek.com/blog/rss
please,https://www.cyotek.com/cyotek-palette-editor
please,https://www.cyotek.com/cyotek-sitemap-creator
please,https://www.cyotek.com/blog/products/introducing-64bit-builds
please,https://www.cyotek.com/cyotek-webcopy
please,https://www.cyotek.com/blog
please,https://www.cyotek.com/rss
please,https://www.cyotek.com/blog/products
please,https://www.cyotek.com/blog/products/introducing-webview2-support-part-1
please,https://www.cyotek.com/cyotek-gif-animator
please,https://www.cyotek.com/cyotek-copytools
please,https://www.cyotek.com/blog/products/crowdstrike-falcon-false-positives
please,https://www.cyotek.com/privacy-policy
please,https://www.cyotek.com/cyotek-slicr
please,https://www.cyotek.com/downloads
visit,https://www.cyotek.com/blog/products/introducing-webview2-support-part-1
visit,https://www.cyotek.com/blog/resolving-svn-error-could-not-open-the-requested-svn-filesystem
visit,https://www.cyotek.com/blog/rss
visit,https://www.cyotek.com/blog/tools-we-use-2023-edition
visit,https://www.cyotek.com/blog/products/crowdstrike-falcon-false-positives
visit,https://www.cyotek.com/blog/products/introducing-64bit-builds
visit,https://www.cyotek.com/privacy-policy
visit,https://www.cyotek.com/blog
visit,https://demo.cyotek.com/javascript/uritransform.php
visit,https://demo.cyotek.com/
visit,https://www.cyotek.com/blog/tools-we-use-2024-edition
visit,https://www.cyotek.com/rss
visit,https://www.cyotek.com/blog/products
www.cyotek.com,https://demo.cyotek.com/
.,https://www.cyotek.com
.,https://www.cyotek.com/cyotek-gif-animator
.,https://www.cyotek.com/blog/products/introducing-webview2-support-part-1
.,https://www.cyotek.com/blog/resolving-svn-error-could-not-open-the-requested-svn-filesystem
.,https://www.cyotek.com/cyotek-palette-editor
.,https://www.cyotek.com/blog/tools-we-use-2023-edition
.,https://www.cyotek.com/blog/products/crowdstrike-falcon-false-positives
.,https://www.cyotek.com/blog/products/introducing-64bit-builds
.,https://www.cyotek.com/privacy-policy
.,https://www.cyotek.com/
.,https://demo.cyotek.com/
.,https://www.cyotek.com/blog/tools-we-use-2024-edition
.,https://www.cyotek.com/contact
.,https://www.cyotek.com/source-code
.,https://www.cyotek.com/blog
.,https://demo.cyotek.com/about.php
.,https://www.cyotek.com/blog/products
copyright,https://www.cyotek.com/blog/resolving-svn-error-could-not-open-the-requested-svn-filesystem
copyright,https://support.cyotek.com
copyright,https://www.cyotek.com/blog/tools-we-use-2023-edition
copyright,https://demo.cyotek.com/css/url.php
copyright,https://demo.cyotek.com/statuscodes/3xx/307.php
copyright,https://demo.cyotek.com/
copyright,https://demo.cyotek.com/javascript/uritransform.php
copyright,https://www.cyotek.com/open-source
copyright,https://demo.cyotek.com/about.php
copyright,https://demo.cyotek.com/features/index.php
copyright,https://www.cyotek.com
copyright,https://demo.cyotek.com/statuscodes/3xx/303.php
copyright,https://demo.cyotek.com/statuscodes/3xx/301.php
copyright,https://www.cyotek.com/products
copyright,https://www.cyotek.com/jewel-rush
copyright,https://demo.cyotek.com/statuscodes/index.php
copyright,https://demo.cyotek.com/css/index.php
copyright,https://www.cyotek.com/cyotek-nbt-editor
copyright,https://demo.cyotek.com/statuscodes/3xx/302.php
copyright,https://www.cyotek.com/
copyright,https://www.cyotek.com/contact
copyright,https://www.cyotek.com/about
copyright,https://www.cyotek.com/blog/tools-we-use-2024-edition
copyright,https://www.cyotek.com/source-code
copyright,https://www.cyotek.com/cyotek-spriter
copyright,https://www.cyotek.com/search
copyright,https://www.cyotek.com/blog/rss
copyright,https://www.cyotek.com/donate
copyright,https://www.cyotek.com/sitemap
copyright,https://www.cyotek.com/cyotek-palette-editor
copyright,https://www.cyotek.com/cyotek-sitemap-creator
copyright,https://demo.cyotek.com/css/import.php
copyright,https://demo.cyotek.com/changelog.php
copyright,https://demo.cyotek.com/css/datauri.php
copyright,https://www.cyotek.com/blog/products/introducing-64bit-builds
copyright,https://www.cyotek.com/cyotek-webcopy
copyright,https://www.cyotek.com/blog
copyright,https://demo.cyotek.com/javascript/dom.php
copyright,https://www.cyotek.com/rss
copyright,https://www.cyotek.com/blog/products
copyright,https://www.cyotek.com/blog/products/introducing-webview2-support-part-1
copyright,https://www.cyotek.com/cyotek-gif-animator
copyright,https://demo.cyotek.com/javascript/index.php
copyright,https://demo.cyotek.com/html/index.php
copyright,https://www.cyotek.com/cyotek-copytools
copyright,https://www.cyotek.com/blog/products/crowdstrike-falcon-false-positives
copyright,https://www.cyotek.com/privacy-policy
copyright,https://demo.cyotek.com/statuscodes/3xx/304.php
copyright,https://www.cyotek.com/terms-of-use
copyright,https://www.cyotek.com/cyotek-slicr
copyright,https://www.cyotek.com/downloads
copyright,https://www.cyotek.com/copyright-and-trademarks
©,https://www.cyotek.com/blog/resolving-svn-error-could-not-open-the-requested-svn-filesystem
©,https://docs.cyotek.com/
©,https://support.cyotek.com
©,https://www.cyotek.com/blog/tools-we-use-2023-edition
©,https://demo.cyotek.com/css/url.php
©,https://demo.cyotek.com/statuscodes/3xx/307.php
©,https://demo.cyotek.com/
©,https://demo.cyotek.com/javascript/uritransform.php
©,https://www.cyotek.com/open-source
©,https://demo.cyotek.com/about.php
©,https://demo.cyotek.com/features/index.php
©,https://www.cyotek.com
©,https://demo.cyotek.com/statuscodes/3xx/303.php
©,https://demo.cyotek.com/statuscodes/3xx/301.php
©,https://www.cyotek.com/products
©,https://www.cyotek.com/jewel-rush
©,https://demo.cyotek.com/statuscodes/index.php
©,https://demo.cyotek.com/css/index.php
©,https://www.cyotek.com/cyotek-nbt-editor
©,https://demo.cyotek.com/statuscodes/3xx/302.php
©,https://www.cyotek.com/
©,https://www.cyotek.com/contact
©,https://www.cyotek.com/about
©,https://www.cyotek.com/blog/tools-we-use-2024-edition
©,https://www.cyotek.com/source-code
©,https://www.cyotek.com/cyotek-spriter
©,https://www.cyotek.com/search
©,https://www.cyotek.com/blog/rss
©,https://www.cyotek.com/donate
©,https://www.cyotek.com/sitemap
©,https://www.cyotek.com/cyotek-palette-editor
©,https://www.cyotek.com/cyotek-sitemap-creator
©,https://demo.cyotek.com/css/import.php
©,https://demo.cyotek.com/changelog.php
©,https://demo.cyotek.com/css/datauri.php
©,https://www.cyotek.com/blog/products/introducing-64bit-builds
©,https://www.cyotek.com/cyotek-webcopy
©,https://www.cyotek.com/blog
©,https://demo.cyotek.com/javascript/dom.php
©,https://www.cyotek.com/rss
©,https://www.cyotek.com/blog/products
©,https://www.cyotek.com/blog/products/introducing-webview2-support-part-1
©,https://www.cyotek.com/cyotek-gif-animator
©,https://demo.cyotek.com/javascript/index.php
©,https://demo.cyotek.com/html/index.php
©,https://www.cyotek.com/cyotek-copytools
©,https://www.cyotek.com/blog/products/crowdstrike-falcon-false-positives
©,https://www.cyotek.com/privacy-policy
©,https://demo.cyotek.com/statuscodes/3xx/304.php
©,https://www.cyotek.com/terms-of-use
©,https://www.cyotek.com/cyotek-slicr
©,https://www.cyotek.com/downloads
©,https://www.cyotek.com/copyright-and-trademarks
2015-2025,https://demo.cyotek.com/statuscodes/3xx/303.php
2015-2025,https://demo.cyotek.com/javascript/index.php
2015-2025,https://demo.cyotek.com/html/index.php
2015-2025,https://demo.cyotek.com/statuscodes/3xx/301.php
2015-2025,https://demo.cyotek.com/css/import.php
2015-2025,https://demo.cyotek.com/statuscodes/index.php
2015-2025,https://demo.cyotek.com/changelog.php
2015-2025,https://demo.cyotek.com/css/index.php
2015-2025,https://demo.cyotek.com/css/datauri.php
2015-2025,https://demo.cyotek.com/statuscodes/3xx/302.php
2015-2025,https://demo.cyotek.com/css/url.php
2015-2025,https://demo.cyotek.com/
2015-2025,https://demo.cyotek.com/javascript/uritransform.php
2015-2025,https://demo.cyotek.com/javascript/dom.php
2015-2025,https://demo.cyotek.com/statuscodes/3xx/304.php
2015-2025,https://demo.cyotek.com/statuscodes/3xx/307.php
2015-2025,https://demo.cyotek.com/about.php
2015-2025,https://demo.cyotek.com/features/index.php
ltd.,https://www.cyotek.com/blog/resolving-svn-error-could-not-open-the-requested-svn-filesystem
ltd.,https://docs.cyotek.com/
ltd.,https://support.cyotek.com
ltd.,https://www.cyotek.com/blog/tools-we-use-2023-edition
ltd.,https://demo.cyotek.com/css/url.php
ltd.,https://demo.cyotek.com/statuscodes/3xx/307.php
ltd.,https://demo.cyotek.com/
ltd.,https://demo.cyotek.com/javascript/uritransform.php
ltd.,https://www.cyotek.com/open-source
ltd.,https://demo.cyotek.com/about.php
ltd.,https://demo.cyotek.com/features/index.php
ltd.,https://www.cyotek.com
ltd.,https://demo.cyotek.com/statuscodes/3xx/303.php
ltd.,https://demo.cyotek.com/statuscodes/3xx/301.php
ltd.,https://www.cyotek.com/products
ltd.,https://www.cyotek.com/jewel-rush
ltd.,https://demo.cyotek.com/statuscodes/index.php
ltd.,https://demo.cyotek.com/css/index.php
ltd.,https://www.cyotek.com/cyotek-nbt-editor
ltd.,https://demo.cyotek.com/statuscodes/3xx/302.php
ltd.,https://www.cyotek.com/
ltd.,https://www.cyotek.com/contact
ltd.,https://www.cyotek.com/about
ltd.,https://www.cyotek.com/blog/tools-we-use-2024-edition
ltd.,https://www.cyotek.com/source-code
ltd.,https://www.cyotek.com/cyotek-spriter
ltd.,https://www.cyotek.com/search
ltd.,https://www.cyotek.com/blog/rss
ltd.,https://www.cyotek.com/donate
ltd.,https://www.cyotek.com/sitemap
ltd.,https://www.cyotek.com/cyotek-palette-editor
ltd.,https://www.cyotek.com/cyotek-sitemap-creator
ltd.,https://demo.cyotek.com/css/import.php
ltd.,https://demo.cyotek.com/changelog.php
ltd.,https://demo.cyotek.com/css/datauri.php
ltd.,https://www.cyotek.com/blog/products/introducing-64bit-builds
ltd.,https://www.cyotek.com/cyotek-webcopy
ltd.,https://www.cyotek.com/blog
ltd.,https://demo.cyotek.com/javascript/dom.php
ltd.,https://www.cyotek.com/rss
ltd.,https://www.cyotek.com/blog/products
ltd.,https://www.cyotek.com/blog/products/introducing-webview2-support-part-1
ltd.,https://www.cyotek.com/cyotek-gif-animator
ltd.,https://demo.cyotek.com/javascript/index.php
ltd.,https://demo.cyotek.com/html/index.php
ltd.,https://www.cyotek.com/cyotek-copytools
ltd.,https://www.cyotek.com/blog/products/crowdstrike-falcon-false-positives
ltd.,https://www.cyotek.com/privacy-policy
ltd.,https://demo.cyotek.com/statuscodes/3xx/304.php
ltd.,https://www.cyotek.com/terms-of-use
ltd.,https://www.cyotek.com/cyotek-slicr
ltd.,https://www.cyotek.com/downloads
ltd.,https://www.cyotek.com/copyright-and-trademarks
all,https://www.cyotek.com/blog/resolving-svn-error-could-not-open-the-requested-svn-filesystem
all,https://docs.cyotek.com/
all,https://support.cyotek.com
all,https://www.cyotek.com/blog/tools-we-use-2023-edition
all,https://demo.cyotek.com/css/url.php
all,https://demo.cyotek.com/statuscodes/3xx/307.php
all,https://demo.cyotek.com/
all,https://demo.cyotek.com/javascript/uritransform.php
all,https://www.cyotek.com/open-source
all,https://demo.cyotek.com/about.php
all,https://demo.cyotek.com/features/index.php
all,https://www.cyotek.com
all,https://demo.cyotek.com/statuscodes/3xx/303.php
all,https://demo.cyotek.com/statuscodes/3xx/301.php
all,https://www.cyotek.com/products
all,https://www.cyotek.com/jewel-rush
all,https://demo.cyotek.com/statuscodes/index.php
all,https://demo.cyotek.com/css/index.php
all,https://www.cyotek.com/cyotek-nbt-editor
all,https://demo.cyotek.com/statuscodes/3xx/302.php
all,https://www.cyotek.com/
all,https://www.cyotek.com/contact
all,https://www.cyotek.com/about
all,https://www.cyotek.com/blog/tools-we-use-2024-edition
all,https://www.cyotek.com/source-code
all,https://www.cyotek.com/cyotek-spriter
all,https://www.cyotek.com/search
all,https://www.cyotek.com/blog/rss
all,https://www.cyotek.com/donate
all,https://www.cyotek.com/sitemap
all,https://www.cyotek.com/cyotek-palette-editor
all,https://www.cyotek.com/cyotek-sitemap-creator
all,https://demo.cyotek.com/css/import.php
all,https://demo.cyotek.com/changelog.php
all,https://demo.cyotek.com/css/datauri.php
all,https://www.cyotek.com/blog/products/introducing-64bit-builds
all,https://www.cyotek.com/cyotek-webcopy
all,https://www.cyotek.com/blog
all,https://demo.cyotek.com/javascript/dom.php
all,https://www.cyotek.com/rss
all,https://www.cyotek.com/blog/products
all,https://www.cyotek.com/blog/products/introducing-webview2-support-part-1
all,https://www.cyotek.com/cyotek-gif-animator
all,https://demo.cyotek.com/javascript/index.php
all,https://demo.cyotek.com/html/index.php
all,https://www.cyotek.com/cyotek-copytools
all,https://www.cyotek.com/blog/products/crowdstrike-falcon-false-positives
all,https://www.cyotek.com/privacy-policy
all,https://demo.cyotek.com/statuscodes/3xx/304.php
all,https://www.cyotek.com/terms-of-use
all,https://www.cyotek.com/cyotek-slicr
all,https://www.cyotek.com/downloads
all,https://www.cyotek.com/copyright-and-trademarks
rights,https://www.cyotek.com/blog/resolving-svn-error-could-not-open-the-requested-svn-filesystem
rights,https://docs.cyotek.com/
rights,https://support.cyotek.com
rights,https://www.cyotek.com/blog/tools-we-use-2023-edition
rights,https://demo.cyotek.com/css/url.php
rights,https://demo.cyotek.com/statuscodes/3xx/307.php
rights,https://demo.cyotek.com/
rights,https://demo.cyotek.com/javascript/uritransform.php
rights,https://www.cyotek.com/open-source
rights,https://demo.cyotek.com/about.php
rights,https://demo.cyotek.com/features/index.php
rights,https://www.cyotek.com
rights,https://demo.cyotek.com/statuscodes/3xx/303.php
rights,https://demo.cyotek.com/statuscodes/3xx/301.php
rights,https://www.cyotek.com/products
rights,https://www.cyotek.com/jewel-rush
rights,https://demo.cyotek.com/statuscodes/index.php
rights,https://demo.cyotek.com/css/index.php
rights,https://www.cyotek.com/cyotek-nbt-editor
rights,https://demo.cyotek.com/statuscodes/3xx/302.php
rights,https://www.cyotek.com/
rights,https://www.cyotek.com/contact
rights,https://www.cyotek.com/about
rights,https://www.cyotek.com/blog/tools-we-use-2024-edition
rights,https://www.cyotek.com/source-code
rights,https://www.cyotek.com/cyotek-spriter
rights,https://www.cyotek.com/search
rights,https://www.cyotek.com/blog/rss
rights,https://www.cyotek.com/donate
rights,https://www.cyotek.com/sitemap
rights,https://www.cyotek.com/cyotek-palette-editor
rights,https://www.cyotek.com/cyotek-sitemap-creator
rights,https://demo.cyotek.com/css/import.php
rights,https://demo.cyotek.com/changelog.php
rights,https://demo.cyotek.com/css/datauri.php
rights,https://www.cyotek.com/blog/products/introducing-64bit-builds
rights,https://www.cyotek.com/cyotek-webcopy
rights,https://www.cyotek.com/blog
rights,https://demo.cyotek.com/javascript/dom.php
rights,https://www.cyotek.com/rss
rights,https://www.cyotek.com/blog/products
rights,https://www.cyotek.com/blog/products/introducing-webview2-support-part-1
rights,https://www.cyotek.com/cyotek-gif-animator
rights,https://demo.cyotek.com/javascript/index.php
rights,https://demo.cyotek.com/html/index.php
rights,https://www.cyotek.com/cyotek-copytools
rights,https://www.cyotek.com/blog/products/crowdstrike-falcon-false-positives
rights,https://www.cyotek.com/privacy-policy
rights,https://demo.cyotek.com/statuscodes/3xx/304.php
rights,https://www.cyotek.com/terms-of-use
rights,https://www.cyotek.com/cyotek-slicr
rights,https://www.cyotek.com/downloads
rights,https://www.cyotek.com/copyright-and-trademarks
reserved.,https://www.cyotek.com/blog/resolving-svn-error-could-not-open-the-requested-svn-filesystem
reserved.,https://docs.cyotek.com/
reserved.,https://support.cyotek.com
reserved.,https://www.cyotek.com/blog/tools-we-use-2023-edition
reserved.,https://demo.cyotek.com/css/url.php
reserved.,https://demo.cyotek.com/statuscodes/3xx/307.php
reserved.,https://demo.cyotek.com/
reserved.,https://demo.cyotek.com/javascript/uritransform.php
reserved.,https://www.cyotek.com/open-source
reserved.,https://demo.cyotek.com/about.php
reserved.,https://demo.cyotek.com/features/index.php
reserved.,https://www.cyotek.com
reserved.,https://demo.cyotek.com/statuscodes/3xx/303.php
reserved.,https://demo.cyotek.com/statuscodes/3xx/301.php
reserved.,https://www.cyotek.com/products
reserved.,https://www.cyotek.com/jewel-rush
reserved.,https://demo.cyotek.com/statuscodes/index.php
reserved.,https://demo.cyotek.com/css/index.php
reserved.,https://www.cyotek.com/cyotek-nbt-editor
reserved.,https://demo.cyotek.com/statuscodes/3xx/302.php
reserved.,https://www.cyotek.com/
reserved.,https://www.cyotek.com/contact
reserved.,https://www.cyotek.com/about
reserved.,https://www.cyotek.com/blog/tools-we-use-2024-edition
reserved.,https://www.cyotek.com/source-code
reserved.,https://www.cyotek.com/cyotek-spriter
reserved.,https://www.cyotek.com/search
reserved.,https://www.cyotek.com/blog/rss
reserved.,https://www.cyotek.com/donate
reserved.,https://www.cyotek.com/sitemap
reserved.,https://www.cyotek.com/cyotek-palette-editor
reserved.,https://www.cyotek.com/cyotek-sitemap-creator
reserved.,https://demo.cyotek.com/css/import.php
reserved.,https://demo.cyotek.com/changelog.php
reserved.,https://demo.cyotek.com/css/datauri.php
reserved.,https://www.cyotek.com/blog/products/introducing-64bit-builds
reserved.,https://www.cyotek.com/cyotek-webcopy
reserved.,https://www.cyotek.com/blog
reserved.,https://demo.cyotek.com/javascript/dom.php
reserved.,https://www.cyotek.com/rss
reserved.,https://www.cyotek.com/blog/products
reserved.,https://www.cyotek.com/blog/products/introducing-webview2-support-part-1
reserved.,https://www.cyotek.com/cyotek-gif-animator
reserved.,https://demo.cyotek.com/javascript/index.php
reserved.,https://demo.cyotek.com/html/index.php
reserved.,https://www.cyotek.com/cyotek-copytools
reserved.,https://www.cyotek.com/blog/products/crowdstrike-falcon-false-positives
reserved.,https://www.cyotek.com/privacy-policy
reserved.,https://demo.cyotek.com/statuscodes/3xx/304.php
reserved.,https://www.cyotek.com/terms-of-use
reserved.,https://www.cyotek.com/cyotek-slicr
reserved.,https://www.cyotek.com/downloads
reserved.,https://www.cyotek.com/copyright-and-trademarks
version,https://www.cyotek.com/blog/resolving-svn-error-could-not-open-the-requested-svn-filesystem
version,https://www.cyotek.com/blog/tools-we-use-2023-edition
version,https://demo.cyotek.com/css/url.php
version,https://demo.cyotek.com/
version,https://demo.cyotek.com/javascript/uritransform.php
version,https://demo.cyotek.com/about.php
version,https://demo.cyotek.com/features/index.php
version,https://demo.cyotek.com/statuscodes/3xx/303.php
version,https://demo.cyotek.com/statuscodes/3xx/301.php
version,https://demo.cyotek.com/statuscodes/3xx/302.php
version,https://demo.cyotek.com/statuscodes/index.php
version,https://demo.cyotek.com/css/index.php
version,https://www.cyotek.com/blog/tools-we-use-2024-edition
version,https://www.cyotek.com/source-code
version,https://www.cyotek.com/blog/rss
version,https://demo.cyotek.com/css/import.php
version,https://demo.cyotek.com/changelog.php
version,https://demo.cyotek.com/css/datauri.php
version,https://demo.cyotek.com/javascript/dom.php
version,https://www.cyotek.com/rss
version,https://www.cyotek.com/blog/products/introducing-webview2-support-part-1
version,https://demo.cyotek.com/javascript/index.php
version,https://demo.cyotek.com/html/index.php
version,https://demo.cyotek.com/statuscodes/3xx/304.php
version,https://demo.cyotek.com/statuscodes/3xx/307.php
version,https://www.cyotek.com/downloads
1.30.0,https://demo.cyotek.com/statuscodes/3xx/303.php
1.30.0,https://demo.cyotek.com/javascript/index.php
1.30.0,https://demo.cyotek.com/html/index.php
1.30.0,https://demo.cyotek.com/statuscodes/3xx/301.php
1.30.0,https://demo.cyotek.com/css/import.php
1.30.0,https://demo.cyotek.com/statuscodes/index.php
1.30.0,https://demo.cyotek.com/changelog.php
1.30.0,https://demo.cyotek.com/css/index.php
1.30.0,https://demo.cyotek.com/css/datauri.php
1.30.0,https://demo.cyotek.com/statuscodes/3xx/302.php
1.30.0,https://demo.cyotek.com/css/url.php
1.30.0,https://demo.cyotek.com/
1.30.0,https://demo.cyotek.com/javascript/uritransform.php
1.30.0,https://demo.cyotek.com/javascript/dom.php
1.30.0,https://demo.cyotek.com/statuscodes/3xx/304.php
1.30.0,https://demo.cyotek.com/statuscodes/3xx/307.php
1.30.0,https://demo.cyotek.com/about.php
1.30.0,https://demo.cyotek.com/features/index.php
about,https://www.cyotek.com/blog/resolving-svn-error-could-not-open-the-requested-svn-filesystem
about,https://support.cyotek.com
about,https://www.cyotek.com/blog/tools-we-use-2023-edition
about,https://demo.cyotek.com/css/url.php
about,https://demo.cyotek.com/statuscodes/3xx/307.php
about,https://demo.cyotek.com/
about,https://demo.cyotek.com/javascript/uritransform.php
about,https://www.cyotek.com/open-source
about,https://demo.cyotek.com/about.php
about,https://demo.cyotek.com/features/index.php
about,https://www.cyotek.com
about,https://demo.cyotek.com/statuscodes/3xx/303.php
about,https://demo.cyotek.com/statuscodes/3xx/301.php
about,https://www.cyotek.com/products
about,https://www.cyotek.com/jewel-rush
about,https://demo.cyotek.com/statuscodes/index.php
about,https://demo.cyotek.com/css/index.php
about,https://www.cyotek.com/cyotek-nbt-editor
about,https://demo.cyotek.com/statuscodes/3xx/302.php
about,https://www.cyotek.com/
about,https://www.cyotek.com/contact
about,https://www.cyotek.com/about
about,https://www.cyotek.com/blog/tools-we-use-2024-edition
about,https://www.cyotek.com/source-code
about,https://www.cyotek.com/cyotek-spriter
about,https://www.cyotek.com/search
about,https://www.cyotek.com/blog/rss
about,https://www.cyotek.com/donate
about,https://www.cyotek.com/sitemap
about,https://www.cyotek.com/cyotek-palette-editor
about,https://www.cyotek.com/cyotek-sitemap-creator
about,https://demo.cyotek.com/css/import.php
about,https://demo.cyotek.com/changelog.php
about,https://demo.cyotek.com/css/datauri.php
about,https://www.cyotek.com/blog/products/introducing-64bit-builds
about,https://www.cyotek.com/cyotek-webcopy
about,https://www.cyotek.com/blog
about,https://demo.cyotek.com/javascript/dom.php
about,https://www.cyotek.com/rss
about,https://www.cyotek.com/blog/products
about,https://www.cyotek.com/blog/products/introducing-webview2-support-part-1
about,https://www.cyotek.com/cyotek-gif-animator
about,https://demo.cyotek.com/javascript/index.php
about,https://demo.cyotek.com/html/index.php
about,https://www.cyotek.com/cyotek-copytools
about,https://www.cyotek.com/blog/products/crowdstrike-falcon-false-positives
about,https://www.cyotek.com/privacy-policy
about,https://demo.cyotek.com/statuscodes/3xx/304.php
about,https://www.cyotek.com/terms-of-use
about,https://www.cyotek.com/cyotek-slicr
about,https://www.cyotek.com/downloads
about,https://www.cyotek.com/copyright-and-trademarks
change,https://www.cyotek.com/blog/tools-we-use-2023-edition
change,https://demo.cyotek.com/css/url.php
change,https://demo.cyotek.com/
change,https://demo.cyotek.com/javascript/uritransform.php
change,https://demo.cyotek.com/about.php
change,https://demo.cyotek.com/features/index.php
change,https://demo.cyotek.com/statuscodes/3xx/303.php
change,https://demo.cyotek.com/statuscodes/3xx/301.php
change,https://www.cyotek.com/jewel-rush
change,https://demo.cyotek.com/statuscodes/3xx/302.php
change,https://demo.cyotek.com/statuscodes/index.php
change,https://demo.cyotek.com/css/index.php
change,https://www.cyotek.com/cyotek-nbt-editor
change,https://www.cyotek.com/cyotek-spriter
change,https://www.cyotek.com/blog/rss
change,https://www.cyotek.com/cyotek-palette-editor
change,https://www.cyotek.com/cyotek-sitemap-creator
change,https://demo.cyotek.com/css/import.php
change,https://demo.cyotek.com/changelog.php
change,https://demo.cyotek.com/css/datauri.php
change,https://www.cyotek.com/cyotek-webcopy
change,https://demo.cyotek.com/javascript/dom.php
change,https://www.cyotek.com/rss
change,https://www.cyotek.com/blog/products
change,https://www.cyotek.com/cyotek-gif-animator
change,https://demo.cyotek.com/javascript/index.php
change,https://demo.cyotek.com/html/index.php
change,https://www.cyotek.com/cyotek-copytools
change,https://www.cyotek.com/privacy-policy
change,https://demo.cyotek.com/statuscodes/3xx/304.php
change,https://www.cyotek.com/terms-of-use
change,https://www.cyotek.com/cyotek-slicr
change,https://demo.cyotek.com/statuscodes/3xx/307.php
log,https://demo.cyotek.com/css/url.php
log,https://demo.cyotek.com/
log,https://demo.cyotek.com/javascript/uritransform.php
log,https://demo.cyotek.com/about.php
log,https://demo.cyotek.com/features/index.php
log,https://demo.cyotek.com/statuscodes/3xx/303.php
log,https://demo.cyotek.com/statuscodes/3xx/301.php
log,https://www.cyotek.com/jewel-rush
log,https://demo.cyotek.com/statuscodes/3xx/302.php
log,https://demo.cyotek.com/statuscodes/index.php
log,https://demo.cyotek.com/css/index.php
log,https://www.cyotek.com/cyotek-nbt-editor
log,https://www.cyotek.com/cyotek-spriter
log,https://www.cyotek.com/blog/rss
log,https://www.cyotek.com/cyotek-palette-editor
log,https://www.cyotek.com/cyotek-sitemap-creator
log,https://demo.cyotek.com/css/import.php
log,https://demo.cyotek.com/changelog.php
log,https://demo.cyotek.com/css/datauri.php
log,https://www.cyotek.com/cyotek-webcopy
log,https://demo.cyotek.com/javascript/dom.php
log,https://www.cyotek.com/rss
log,https://www.cyotek.com/blog/products/introducing-webview2-support-part-1
log,https://www.cyotek.com/cyotek-gif-animator
log,https://demo.cyotek.com/javascript/index.php
log,https://demo.cyotek.com/html/index.php
log,https://www.cyotek.com/cyotek-copytools
log,https://www.cyotek.com/privacy-policy
log,https://demo.cyotek.com/statuscodes/3xx/304.php
log,https://demo.cyotek.com/statuscodes/3xx/307.php
log,https://www.cyotek.com/cyotek-slicr
comments,https://www.cyotek.com/blog/resolving-svn-error-could-not-open-the-requested-svn-filesystem
comments,https://www.cyotek.com/blog/tools-we-use-2023-edition
comments,https://demo.cyotek.com/css/url.php
comments,https://demo.cyotek.com/
comments,https://demo.cyotek.com/javascript/uritransform.php
comments,https://demo.cyotek.com/about.php
comments,https://demo.cyotek.com/features/index.php
comments,https://demo.cyotek.com/statuscodes/3xx/303.php
comments,https://demo.cyotek.com/statuscodes/3xx/301.php
comments,https://demo.cyotek.com/statuscodes/3xx/302.php
comments,https://demo.cyotek.com/statuscodes/index.php
comments,https://demo.cyotek.com/css/index.php
comments,https://www.cyotek.com/blog/tools-we-use-2024-edition
comments,https://www.cyotek.com/blog/rss
comments,https://demo.cyotek.com/css/import.php
comments,https://demo.cyotek.com/changelog.php
comments,https://demo.cyotek.com/css/datauri.php
comments,https://www.cyotek.com/blog/products/introducing-64bit-builds
comments,https://www.cyotek.com/blog
comments,https://demo.cyotek.com/javascript/dom.php
comments,https://www.cyotek.com/rss
comments,https://www.cyotek.com/blog/products
comments,https://www.cyotek.com/blog/products/introducing-webview2-support-part-1
comments,https://demo.cyotek.com/javascript/index.php
comments,https://demo.cyotek.com/html/index.php
comments,https://www.cyotek.com/blog/products/crowdstrike-falcon-false-positives
comments,https://demo.cyotek.com/statuscodes/3xx/304.php
comments,https://www.cyotek.com/terms-of-use
comments,https://demo.cyotek.com/statuscodes/3xx/307.php
suggestions?,https://demo.cyotek.com/statuscodes/3xx/303.php
suggestions?,https://demo.cyotek.com/javascript/index.php
suggestions?,https://demo.cyotek.com/html/index.php
suggestions?,https://demo.cyotek.com/statuscodes/3xx/301.php
suggestions?,https://demo.cyotek.com/css/import.php
suggestions?,https://demo.cyotek.com/statuscodes/index.php
suggestions?,https://demo.cyotek.com/changelog.php
suggestions?,https://demo.cyotek.com/css/index.php
suggestions?,https://demo.cyotek.com/css/datauri.php
suggestions?,https://demo.cyotek.com/statuscodes/3xx/302.php
suggestions?,https://demo.cyotek.com/css/url.php
suggestions?,https://demo.cyotek.com/
suggestions?,https://demo.cyotek.com/javascript/uritransform.php
suggestions?,https://demo.cyotek.com/javascript/dom.php
suggestions?,https://demo.cyotek.com/statuscodes/3xx/304.php
suggestions?,https://demo.cyotek.com/statuscodes/3xx/307.php
suggestions?,https://demo.cyotek.com/about.php
suggestions?,https://demo.cyotek.com/features/index.php
•,https://www.cyotek.com/blog/resolving-svn-error-could-not-open-the-requested-svn-filesystem
•,https://www.cyotek.com/blog/tools-we-use-2023-edition
•,https://demo.cyotek.com/css/url.php
•,https://demo.cyotek.com/statuscodes/3xx/307.php
•,https://demo.cyotek.com/javascript/uritransform.php
•,https://www.cyotek.com/open-source
•,https://demo.cyotek.com/about.php
•,https://demo.cyotek.com/features/index.php
•,https://www.cyotek.com
•,https://demo.cyotek.com/statuscodes/3xx/303.php
•,https://demo.cyotek.com/statuscodes/3xx/301.php
•,https://www.cyotek.com/products
•,https://www.cyotek.com/jewel-rush
•,https://demo.cyotek.com/statuscodes/index.php
•,https://demo.cyotek.com/css/index.php
•,https://www.cyotek.com/cyotek-nbt-editor
•,https://demo.cyotek.com/statuscodes/3xx/302.php
•,https://www.cyotek.com/
•,https://www.cyotek.com/contact
•,https://www.cyotek.com/about
•,https://www.cyotek.com/blog/tools-we-use-2024-edition
•,https://www.cyotek.com/source-code
•,https://www.cyotek.com/cyotek-spriter
•,https://www.cyotek.com/search
•,https://www.cyotek.com/blog/rss
•,https://www.cyotek.com/donate
•,https://www.cyotek.com/sitemap
•,https://www.cyotek.com/cyotek-palette-editor
•,https://www.cyotek.com/cyotek-sitemap-creator
•,https://demo.cyotek.com/css/import.php
•,https://demo.cyotek.com/changelog.php
•,https://demo.cyotek.com/css/datauri.php
•,https://www.cyotek.com/blog/products/introducing-64bit-builds
•,https://www.cyotek.com/cyotek-webcopy
•,https://www.cyotek.com/blog
•,https://demo.cyotek.com/javascript/dom.php
•,https://www.cyotek.com/rss
•,https://www.cyotek.com/blog/products
•,https://www.cyotek.com/blog/products/introducing-webview2-support-part-1
•,https://www.cyotek.com/cyotek-gif-animator
•,https://demo.cyotek.com/javascript/index.php
•,https://demo.cyotek.com/html/index.php
•,https://www.cyotek.com/cyotek-copytools
•,https://www.cyotek.com/blog/products/crowdstrike-falcon-false-positives
•,https://www.cyotek.com/privacy-policy
•,https://demo.cyotek.com/statuscodes/3xx/304.php
•,https://www.cyotek.com/terms-of-use
•,https://www.cyotek.com/cyotek-slicr
•,https://www.cyotek.com/downloads
•,https://www.cyotek.com/copyright-and-trademarks
page,https://www.cyotek.com/blog/products/introducing-webview2-support-part-1
page,https://demo.cyotek.com/html/index.php
page,https://www.cyotek.com/sitemap
page,https://www.cyotek.com/blog/rss
page,https://www.cyotek.com/downloads
page,https://demo.cyotek.com/statuscodes/index.php
page,https://demo.cyotek.com/css/index.php
page,https://demo.cyotek.com/changelog.php
page,https://demo.cyotek.com/css/datauri.php
page,https://www.cyotek.com/privacy-policy
page,https://www.cyotek.com/blog
page,https://demo.cyotek.com/javascript/uritransform.php
page,https://www.cyotek.com/source-code
page,https://demo.cyotek.com/javascript/dom.php
page,https://demo.cyotek.com/about.php
page,https://demo.cyotek.com/features/index.php
page,https://www.cyotek.com/rss
page,https://www.cyotek.com/blog/products
indexes,https://demo.cyotek.com/html/index.php
indexes,https://demo.cyotek.com/statuscodes/index.php
indexes,https://demo.cyotek.com/css/index.php
indexes,https://demo.cyotek.com/features/index.php
indexes,https://www.cyotek.com/rss
indexes,https://www.cyotek.com/blog/rss
which,https://www.cyotek.com/blog/resolving-svn-error-could-not-open-the-requested-svn-filesystem
which,https://www.cyotek.com/blog/tools-we-use-2023-edition
which,https://demo.cyotek.com/javascript/uritransform.php
which,https://www.cyotek.com/open-source
which,https://demo.cyotek.com/features/index.php
which,https://www.cyotek.com/products
which,https://demo.cyotek.com/css/index.php
which,https://www.cyotek.com/cyotek-nbt-editor
which,https://www.cyotek.com/blog/tools-we-use-2024-edition
which,https://www.cyotek.com/source-code
which,https://www.cyotek.com/blog/rss
which,https://demo.cyotek.com/css/import.php
which,https://demo.cyotek.com/css/datauri.php
which,https://www.cyotek.com/blog/products/introducing-64bit-builds
which,https://www.cyotek.com/cyotek-webcopy
which,https://www.cyotek.com/blog
which,https://www.cyotek.com/rss
which,https://www.cyotek.com/blog/products/introducing-webview2-support-part-1
which,https://demo.cyotek.com/javascript/index.php
which,https://demo.cyotek.com/html/index.php
which,https://www.cyotek.com/blog/products/crowdstrike-falcon-false-positives
which,https://www.cyotek.com/privacy-policy
which,https://www.cyotek.com/terms-of-use
have,https://www.cyotek.com/blog/resolving-svn-error-could-not-open-the-requested-svn-filesystem
have,https://support.cyotek.com
have,https://www.cyotek.com/blog/tools-we-use-2023-edition
have,https://www.cyotek.com/open-source
have,https://demo.cyotek.com/about.php
have,https://demo.cyotek.com/features/index.php
have,https://www.cyotek.com/products
have,https://www.cyotek.com/jewel-rush
have,https://demo.cyotek.com/statuscodes/index.php
have,https://demo.cyotek.com/css/index.php
have,https://www.cyotek.com/cyotek-nbt-editor
have,https://www.cyotek.com/contact
have,https://www.cyotek.com/about
have,https://www.cyotek.com/blog/tools-we-use-2024-edition
have,https://www.cyotek.com/source-code
have,https://www.cyotek.com/cyotek-spriter
have,https://www.cyotek.com/blog/rss
have,https://www.cyotek.com/donate
have,https://www.cyotek.com/cyotek-palette-editor
have,https://www.cyotek.com/cyotek-sitemap-creator
have,https://www.cyotek.com/blog/products/introducing-64bit-builds
have,https://www.cyotek.com/cyotek-webcopy
have,https://www.cyotek.com/blog
have,https://www.cyotek.com/rss
have,https://www.cyotek.com/blog/products
have,https://www.cyotek.com/blog/products/introducing-webview2-support-part-1
have,https://www.cyotek.com/cyotek-gif-animator
have,https://demo.cyotek.com/html/index.php
have,https://www.cyotek.com/cyotek-copytools
have,https://www.cyotek.com/blog/products/crowdstrike-falcon-false-positives
have,https://www.cyotek.com/privacy-policy
have,https://www.cyotek.com/terms-of-use
have,https://www.cyotek.com/cyotek-slicr
have,https://www.cyotek.com/downloads
relevance,https://demo.cyotek.com/features/index.php
relevance,https://demo.cyotek.com/html/index.php
relevance,https://demo.cyotek.com/css/index.php
website.,https://demo.cyotek.com/html/index.php
website.,https://demo.cyotek.com/css/index.php
website.,https://www.cyotek.com/privacy-policy
website.,https://www.cyotek.com/cyotek-webcopy
website.,https://www.cyotek.com/terms-of-use
website.,https://demo.cyotek.com/features/index.php
website.,https://www.cyotek.com/rss
website.,https://www.cyotek.com/blog/rss
@import,https://demo.cyotek.com/css/import.php
@import,https://demo.cyotek.com/css/index.php
@import,https://demo.cyotek.com/css/datauri.php
@import,https://demo.cyotek.com/changelog.php
@import,https://demo.cyotek.com/css/url.php
data,https://www.cyotek.com/blog/products/introducing-webview2-support-part-1
data,https://demo.cyotek.com/statuscodes/3xx/303.php
data,https://demo.cyotek.com/css/import.php
data,https://demo.cyotek.com/css/index.php
data,https://demo.cyotek.com/css/datauri.php
data,https://demo.cyotek.com/changelog.php
data,https://www.cyotek.com/cyotek-nbt-editor
data,https://www.cyotek.com/blog/tools-we-use-2023-edition
data,https://demo.cyotek.com/css/url.php
data,https://www.cyotek.com/privacy-policy
data,https://www.cyotek.com/cyotek-webcopy
data,https://www.cyotek.com/blog/tools-we-use-2024-edition
data,https://www.cyotek.com/terms-of-use
data,https://www.cyotek.com/open-source
data,https://demo.cyotek.com/features/index.php
data,https://www.cyotek.com/rss
data,https://www.cyotek.com/blog/rss
uris,https://demo.cyotek.com/css/url.php
uris,https://demo.cyotek.com/css/import.php
uris,https://demo.cyotek.com/css/index.php
uris,https://demo.cyotek.com/css/datauri.php
url(),https://demo.cyotek.com/css/url.php
url(),https://demo.cyotek.com/css/import.php
url(),https://demo.cyotek.com/css/index.php
url(),https://demo.cyotek.com/css/datauri.php
"javascript,",https://demo.cyotek.com/javascript/index.php
"javascript,",https://www.cyotek.com/blog/products
"javascript,",https://demo.cyotek.com/javascript/uritransform.php
"javascript,",https://demo.cyotek.com/javascript/dom.php
"javascript,",https://www.cyotek.com/rss
"javascript,",https://www.cyotek.com/blog/rss
often,https://www.cyotek.com/blog/resolving-svn-error-could-not-open-the-requested-svn-filesystem
often,https://demo.cyotek.com/javascript/index.php
often,https://www.cyotek.com/blog/tools-we-use-2023-edition
often,https://www.cyotek.com/blog/tools-we-use-2024-edition
often,https://www.cyotek.com/rss
often,https://www.cyotek.com/blog/rss
abbreviated,https://demo.cyotek.com/javascript/index.php
as,https://www.cyotek.com/blog/resolving-svn-error-could-not-open-the-requested-svn-filesystem
as,https://www.cyotek.com/blog/tools-we-use-2023-edition
as,https://demo.cyotek.com/javascript/uritransform.php
as,https://www.cyotek.com/open-source
as,https://demo.cyotek.com/about.php
as,https://www.cyotek.com
as,https://www.cyotek.com/products
as,https://www.cyotek.com/jewel-rush
as,https://demo.cyotek.com/statuscodes/index.php
as,https://www.cyotek.com/cyotek-nbt-editor
as,https://www.cyotek.com/
as,https://www.cyotek.com/about
as,https://www.cyotek.com/blog/tools-we-use-2024-edition
as,https://www.cyotek.com/source-code
as,https://www.cyotek.com/cyotek-spriter
as,https://www.cyotek.com/blog/rss
as,https://www.cyotek.com/cyotek-palette-editor
as,https://www.cyotek.com/cyotek-sitemap-creator
as,https://demo.cyotek.com/changelog.php
as,https://demo.cyotek.com/css/datauri.php
as,https://www.cyotek.com/blog/products/introducing-64bit-builds
as,https://www.cyotek.com/cyotek-webcopy
as,https://www.cyotek.com/blog
as,https://www.cyotek.com/rss
as,https://www.cyotek.com/blog/products
as,https://www.cyotek.com/blog/products/introducing-webview2-support-part-1
as,https://www.cyotek.com/cyotek-gif-animator
as,https://demo.cyotek.com/javascript/index.php
as,https://www.cyotek.com/cyotek-copytools
as,https://www.cyotek.com/blog/products/crowdstrike-falcon-false-positives
as,https://www.cyotek.com/privacy-policy
as,https://www.cyotek.com/terms-of-use
as,https://www.cyotek.com/cyotek-slicr
as,https://www.cyotek.com/downloads
as,https://www.cyotek.com/copyright-and-trademarks
"""js"",",https://demo.cyotek.com/javascript/index.php
"high-level,",https://demo.cyotek.com/javascript/index.php
"dynamic,",https://demo.cyotek.com/javascript/index.php
"dynamic,",https://www.cyotek.com/rss
"dynamic,",https://www.cyotek.com/blog/rss
"untyped,",https://demo.cyotek.com/javascript/index.php
interpreted,https://demo.cyotek.com/javascript/index.php
run-time,https://demo.cyotek.com/javascript/index.php
language.,https://demo.cyotek.com/javascript/index.php
language.,https://www.cyotek.com/rss
language.,https://www.cyotek.com/blog/rss
alongside,https://demo.cyotek.com/javascript/index.php
alongside,https://www.cyotek.com/about
alongside,https://www.cyotek.com/rss
alongside,https://www.cyotek.com/blog/rss
"css,",https://demo.cyotek.com/javascript/index.php
"css,",https://www.cyotek.com/rss
"css,",https://www.cyotek.com/blog/rss
one,https://www.cyotek.com/blog/products/introducing-webview2-support-part-1
one,https://www.cyotek.com/blog/resolving-svn-error-could-not-open-the-requested-svn-filesystem
one,https://demo.cyotek.com/javascript/index.php
one,https://www.cyotek.com/blog/tools-we-use-2023-edition
one,https://www.cyotek.com/blog/products/crowdstrike-falcon-false-positives
one,https://www.cyotek.com/blog/tools-we-use-2024-edition
one,https://www.cyotek.com/source-code
one,https://www.cyotek.com/rss
one,https://www.cyotek.com/blog/rss
three,https://demo.cyotek.com/javascript/index.php
three,https://www.cyotek.com/source-code
three,https://www.cyotek.com/rss
three,https://www.cyotek.com/blog/rss
core,https://demo.cyotek.com/javascript/index.php
core,https://www.cyotek.com/blog/tools-we-use-2023-edition
core,https://www.cyotek.com/blog/tools-we-use-2024-edition
core,https://www.cyotek.com/source-code
core,https://www.cyotek.com/open-source
core,https://demo.cyotek.com/about.php
core,https://www.cyotek.com/rss
core,https://www.cyotek.com/blog/rss
technologies,https://demo.cyotek.com/javascript/index.php
technologies,https://www.cyotek.com/rss
technologies,https://www.cyotek.com/blog/rss
world,https://www.cyotek.com
world,https://demo.cyotek.com/javascript/index.php
world,https://www.cyotek.com/blog/tools-we-use-2023-edition
world,https://www.cyotek.com/
world,https://www.cyotek.com/rss
world,https://www.cyotek.com/blog/rss
wide,https://demo.cyotek.com/javascript/index.php
wide,https://www.cyotek.com/rss
wide,https://www.cyotek.com/blog/rss
web,https://www.cyotek.com/blog/products/introducing-webview2-support-part-1
web,https://www.cyotek.com/donate
web,https://demo.cyotek.com/javascript/index.php
web,https://www.cyotek.com/blog/resolving-svn-error-could-not-open-the-requested-svn-filesystem
web,https://www.cyotek.com/blog/tools-we-use-2023-edition
web,https://www.cyotek.com/privacy-policy
web,https://www.cyotek.com/cyotek-webcopy
web,https://www.cyotek.com/blog/tools-we-use-2024-edition
web,https://demo.cyotek.com/javascript/dom.php
web,https://www.cyotek.com/source-code
web,https://www.cyotek.com/open-source
web,https://demo.cyotek.com/about.php
web,https://www.cyotek.com/rss
web,https://www.cyotek.com/blog/rss
content,https://www.cyotek.com/blog/resolving-svn-error-could-not-open-the-requested-svn-filesystem
content,https://www.cyotek.com/blog/tools-we-use-2023-edition
content,https://demo.cyotek.com/css/url.php
content,https://www.cyotek.com/products
content,https://www.cyotek.com/cyotek-nbt-editor
content,https://www.cyotek.com/blog/tools-we-use-2024-edition
content,https://www.cyotek.com/blog/rss
content,https://www.cyotek.com/sitemap
content,https://demo.cyotek.com/changelog.php
content,https://www.cyotek.com/blog/products/introducing-64bit-builds
content,https://www.cyotek.com/cyotek-webcopy
content,https://www.cyotek.com/blog
content,https://www.cyotek.com/rss
content,https://www.cyotek.com/blog/products
content,https://www.cyotek.com/blog/products/introducing-webview2-support-part-1
content,https://demo.cyotek.com/javascript/index.php
content,https://www.cyotek.com/blog/products/crowdstrike-falcon-false-positives
content,https://www.cyotek.com/terms-of-use
content,https://www.cyotek.com/copyright-and-trademarks
production;,https://demo.cyotek.com/javascript/index.php
majority,https://demo.cyotek.com/javascript/index.php
majority,https://www.cyotek.com/rss
majority,https://www.cyotek.com/blog/rss
websites,https://www.cyotek.com
websites,https://www.cyotek.com/blog/products/introducing-webview2-support-part-1
websites,https://demo.cyotek.com/javascript/index.php
websites,https://www.cyotek.com/blog/rss
websites,https://www.cyotek.com/products
websites,https://www.cyotek.com/cyotek-sitemap-creator
websites,https://www.cyotek.com/privacy-policy
websites,https://www.cyotek.com/cyotek-webcopy
websites,https://www.cyotek.com/
websites,https://demo.cyotek.com/javascript/dom.php
websites,https://www.cyotek.com/terms-of-use
websites,https://www.cyotek.com/rss
websites,https://www.cyotek.com/blog/products
employ,https://demo.cyotek.com/javascript/index.php
"it,",https://www.cyotek.com/blog/resolving-svn-error-could-not-open-the-requested-svn-filesystem
"it,",https://demo.cyotek.com/javascript/index.php
"it,",https://www.cyotek.com/blog/tools-we-use-2023-edition
"it,",https://www.cyotek.com/blog/tools-we-use-2024-edition
"it,",https://www.cyotek.com/rss
"it,",https://www.cyotek.com/blog/rss
modern,https://www.cyotek.com/blog/products/introducing-webview2-support-part-1
modern,https://demo.cyotek.com/javascript/index.php
modern,https://www.cyotek.com/blog/tools-we-use-2023-edition
modern,https://www.cyotek.com/blog/tools-we-use-2024-edition
modern,https://www.cyotek.com/rss
modern,https://www.cyotek.com/blog/rss
browsers,https://www.cyotek.com/blog/products/introducing-webview2-support-part-1
browsers,https://demo.cyotek.com/javascript/index.php
browsers,https://demo.cyotek.com/statuscodes/3xx/302.php
browsers,https://www.cyotek.com/privacy-policy
browsers,https://www.cyotek.com/rss
browsers,https://www.cyotek.com/blog/rss
support,https://www.cyotek.com/blog/resolving-svn-error-could-not-open-the-requested-svn-filesystem
support,https://support.cyotek.com
support,https://www.cyotek.com/blog/tools-we-use-2023-edition
support,https://demo.cyotek.com/javascript/uritransform.php
support,https://www.cyotek.com/open-source
support,https://www.cyotek.com
support,https://www.cyotek.com/products
support,https://www.cyotek.com/jewel-rush
support,https://www.cyotek.com/cyotek-nbt-editor
support,https://www.cyotek.com/
support,https://www.cyotek.com/contact
support,https://www.cyotek.com/about
support,https://www.cyotek.com/blog/tools-we-use-2024-edition
support,https://www.cyotek.com/source-code
support,https://www.cyotek.com/cyotek-spriter
support,https://www.cyotek.com/search
support,https://www.cyotek.com/blog/rss
support,https://www.cyotek.com/donate
support,https://www.cyotek.com/sitemap
support,https://www.cyotek.com/cyotek-palette-editor
support,https://www.cyotek.com/cyotek-sitemap-creator
support,https://www.cyotek.com/blog/products/introducing-64bit-builds
support,https://www.cyotek.com/cyotek-webcopy
support,https://www.cyotek.com/blog
support,https://www.cyotek.com/rss
support,https://www.cyotek.com/blog/products
support,https://www.cyotek.com/blog/products/introducing-webview2-support-part-1
support,https://www.cyotek.com/cyotek-gif-animator
support,https://demo.cyotek.com/javascript/index.php
support,https://www.cyotek.com/cyotek-copytools
support,https://www.cyotek.com/blog/products/crowdstrike-falcon-false-positives
support,https://www.cyotek.com/privacy-policy
support,https://www.cyotek.com/terms-of-use
support,https://www.cyotek.com/cyotek-slicr
support,https://www.cyotek.com/downloads
support,https://www.cyotek.com/copyright-and-trademarks
without,https://www.cyotek.com/blog/resolving-svn-error-could-not-open-the-requested-svn-filesystem
without,https://demo.cyotek.com/javascript/index.php
without,https://www.cyotek.com/products
without,https://demo.cyotek.com/statuscodes/index.php
without,https://www.cyotek.com/blog/tools-we-use-2023-edition
without,https://www.cyotek.com/blog/tools-we-use-2024-edition
without,https://www.cyotek.com/source-code
without,https://www.cyotek.com/terms-of-use
without,https://www.cyotek.com/open-source
without,https://www.cyotek.com/cyotek-spriter
without,https://www.cyotek.com/rss
without,https://www.cyotek.com/blog/rss
need,https://www.cyotek.com/blog/resolving-svn-error-could-not-open-the-requested-svn-filesystem
need,https://demo.cyotek.com/javascript/index.php
need,https://www.cyotek.com/blog/rss
need,https://www.cyotek.com/cyotek-nbt-editor
need,https://demo.cyotek.com/css/datauri.php
need,https://www.cyotek.com/blog/tools-we-use-2023-edition
need,https://www.cyotek.com/privacy-policy
need,https://www.cyotek.com/blog/tools-we-use-2024-edition
need,https://demo.cyotek.com/statuscodes/3xx/304.php
need,https://demo.cyotek.com/about.php
need,https://www.cyotek.com/rss
need,https://www.cyotek.com/blog/products
plug-ins.,https://demo.cyotek.com/javascript/index.php
"however,",https://www.cyotek.com/blog/resolving-svn-error-could-not-open-the-requested-svn-filesystem
"however,",https://demo.cyotek.com/javascript/index.php
"however,",https://www.cyotek.com/blog/tools-we-use-2023-edition
"however,",https://www.cyotek.com/cyotek-nbt-editor
"however,",https://www.cyotek.com/privacy-policy
"however,",https://www.cyotek.com/blog/tools-we-use-2024-edition
"however,",https://www.cyotek.com/terms-of-use
"however,",https://demo.cyotek.com/statuscodes/3xx/307.php
"however,",https://www.cyotek.com/rss
"however,",https://www.cyotek.com/blog/rss
not,https://www.cyotek.com/blog/resolving-svn-error-could-not-open-the-requested-svn-filesystem
not,https://support.cyotek.com
not,https://www.cyotek.com/blog/tools-we-use-2023-edition
not,https://demo.cyotek.com/statuscodes/3xx/307.php
not,https://demo.cyotek.com/javascript/uritransform.php
not,https://www.cyotek.com/open-source
not,https://www.cyotek.com
not,https://demo.cyotek.com/statuscodes/3xx/303.php
not,https://demo.cyotek.com/statuscodes/3xx/301.php
not,https://www.cyotek.com/products
not,https://www.cyotek.com/jewel-rush
not,https://demo.cyotek.com/statuscodes/index.php
not,https://www.cyotek.com/cyotek-nbt-editor
not,https://demo.cyotek.com/statuscodes/3xx/302.php
not,https://www.cyotek.com/
not,https://www.cyotek.com/contact
not,https://www.cyotek.com/about
not,https://www.cyotek.com/blog/tools-we-use-2024-edition
not,https://www.cyotek.com/source-code
not,https://www.cyotek.com/cyotek-spriter
not,https://www.cyotek.com/search
not,https://www.cyotek.com/blog/rss
not,https://www.cyotek.com/donate
not,https://www.cyotek.com/sitemap
not,https://www.cyotek.com/cyotek-palette-editor
not,https://www.cyotek.com/cyotek-sitemap-creator
not,https://demo.cyotek.com/changelog.php
not,https://www.cyotek.com/blog/products/introducing-64bit-builds
not,https://www.cyotek.com/cyotek-webcopy
not,https://www.cyotek.com/blog
not,https://demo.cyotek.com/javascript/dom.php
not,https://www.cyotek.com/rss
not,https://www.cyotek.com/blog/products
not,https://www.cyotek.com/blog/products/introducing-webview2-support-part-1
not,https://www.cyotek.com/cyotek-gif-animator
not,https://demo.cyotek.com/javascript/index.php
not,https://www.cyotek.com/cyotek-copytools
not,https://www.cyotek.com/blog/products/crowdstrike-falcon-false-positives
not,https://www.cyotek.com/privacy-policy
not,https://demo.cyotek.com/statuscodes/3xx/304.php
not,https://www.cyotek.com/terms-of-use
not,https://www.cyotek.com/cyotek-slicr
not,https://www.cyotek.com/downloads
not,https://www.cyotek.com/copyright-and-trademarks
crawlers,https://demo.cyotek.com/javascript/index.php
javascripts,https://demo.cyotek.com/javascript/index.php
javascripts,https://www.cyotek.com/rss
javascripts,https://www.cyotek.com/blog/rss
can,https://www.cyotek.com/blog/resolving-svn-error-could-not-open-the-requested-svn-filesystem
can,https://www.cyotek.com/blog/tools-we-use-2023-edition
can,https://demo.cyotek.com/javascript/uritransform.php
can,https://www.cyotek.com/open-source
can,https://demo.cyotek.com/about.php
can,https://demo.cyotek.com/statuscodes/3xx/303.php
can,https://www.cyotek.com/products
can,https://www.cyotek.com/cyotek-nbt-editor
can,https://www.cyotek.com/blog/tools-we-use-2024-edition
can,https://www.cyotek.com/source-code
can,https://www.cyotek.com/blog/rss
can,https://www.cyotek.com/cyotek-palette-editor
can,https://demo.cyotek.com/css/datauri.php
can,https://www.cyotek.com/blog/products/introducing-64bit-builds
can,https://www.cyotek.com/cyotek-webcopy
can,https://www.cyotek.com/rss
can,https://www.cyotek.com/blog/products/introducing-webview2-support-part-1
can,https://www.cyotek.com/cyotek-gif-animator
can,https://demo.cyotek.com/javascript/index.php
can,https://www.cyotek.com/cyotek-copytools
can,https://www.cyotek.com/privacy-policy
can,https://www.cyotek.com/cyotek-slicr
make,https://www.cyotek.com/blog/products/introducing-webview2-support-part-1
make,https://www.cyotek.com/cyotek-gif-animator
make,https://www.cyotek.com/donate
make,https://demo.cyotek.com/javascript/index.php
make,https://www.cyotek.com/sitemap
make,https://www.cyotek.com/products
make,https://demo.cyotek.com/css/datauri.php
make,https://www.cyotek.com/privacy-policy
make,https://www.cyotek.com/cyotek-webcopy
make,https://www.cyotek.com/blog/tools-we-use-2024-edition
make,https://www.cyotek.com/terms-of-use
make,https://demo.cyotek.com/about.php
make,https://www.cyotek.com/rss
make,https://www.cyotek.com/blog/rss
copying,https://www.cyotek.com/blog/resolving-svn-error-could-not-open-the-requested-svn-filesystem
copying,https://demo.cyotek.com/javascript/index.php
copying,https://www.cyotek.com/cyotek-webcopy
copying,https://demo.cyotek.com/javascript/dom.php
copying,https://www.cyotek.com/rss
copying,https://www.cyotek.com/blog/rss
such,https://www.cyotek.com/blog/resolving-svn-error-could-not-open-the-requested-svn-filesystem
such,https://www.cyotek.com/blog/tools-we-use-2023-edition
such,https://demo.cyotek.com/javascript/uritransform.php
such,https://www.cyotek.com/products
such,https://demo.cyotek.com/statuscodes/index.php
such,https://www.cyotek.com/cyotek-nbt-editor
such,https://www.cyotek.com/about
such,https://www.cyotek.com/blog/tools-we-use-2024-edition
such,https://www.cyotek.com/source-code
such,https://www.cyotek.com/cyotek-spriter
such,https://www.cyotek.com/blog/rss
such,https://www.cyotek.com/cyotek-palette-editor
such,https://demo.cyotek.com/css/datauri.php
such,https://www.cyotek.com/cyotek-webcopy
such,https://www.cyotek.com/rss
such,https://www.cyotek.com/blog/products/introducing-webview2-support-part-1
such,https://www.cyotek.com/cyotek-gif-animator
such,https://demo.cyotek.com/javascript/index.php
such,https://www.cyotek.com/cyotek-copytools
such,https://www.cyotek.com/privacy-policy
such,https://www.cyotek.com/terms-of-use
sites,https://demo.cyotek.com/javascript/index.php
sites,https://www.cyotek.com/blog/tools-we-use-2023-edition
sites,https://www.cyotek.com/privacy-policy
sites,https://www.cyotek.com/blog/tools-we-use-2024-edition
sites,https://www.cyotek.com/open-source
sites,https://www.cyotek.com/rss
sites,https://www.cyotek.com/blog/rss
impossible,https://demo.cyotek.com/javascript/index.php
impossible,https://www.cyotek.com/rss
impossible,https://www.cyotek.com/blog/rss
given,https://www.cyotek.com/blog/products/introducing-webview2-support-part-1
given,https://demo.cyotek.com/javascript/index.php
given,https://www.cyotek.com/cyotek-copytools
given,https://demo.cyotek.com/statuscodes/3xx/301.php
given,https://www.cyotek.com/products
given,https://www.cyotek.com/blog/tools-we-use-2023-edition
given,https://www.cyotek.com/blog/tools-we-use-2024-edition
given,https://www.cyotek.com/open-source
given,https://www.cyotek.com/cyotek-slicr
given,https://www.cyotek.com/rss
given,https://www.cyotek.com/blog/rss
crawler.,https://demo.cyotek.com/javascript/index.php
attribute,https://demo.cyotek.com/javascript/index.php
attribute,https://demo.cyotek.com/changelog.php
attribute,https://demo.cyotek.com/javascript/uritransform.php
attribute,https://demo.cyotek.com/javascript/dom.php
attribute,https://www.cyotek.com/rss
attribute,https://www.cyotek.com/blog/rss
transformation,https://demo.cyotek.com/javascript/uritransform.php
transformation,https://demo.cyotek.com/javascript/index.php
transformation,https://demo.cyotek.com/changelog.php
transformation,https://demo.cyotek.com/javascript/dom.php
dom,https://demo.cyotek.com/javascript/uritransform.php
dom,https://www.cyotek.com/cyotek-webcopy
dom,https://demo.cyotek.com/javascript/index.php
dom,https://demo.cyotek.com/javascript/dom.php
modification,https://demo.cyotek.com/javascript/index.php
modification,https://demo.cyotek.com/changelog.php
modification,https://demo.cyotek.com/javascript/uritransform.php
modification,https://demo.cyotek.com/javascript/dom.php
modification,https://www.cyotek.com/rss
modification,https://www.cyotek.com/blog/rss
home,https://www.cyotek.com/blog/resolving-svn-error-could-not-open-the-requested-svn-filesystem
home,https://docs.cyotek.com/
home,https://www.cyotek.com/blog/tools-we-use-2023-edition
home,https://www.cyotek.com/open-source
home,https://www.cyotek.com
home,https://www.cyotek.com/products
home,https://www.cyotek.com/jewel-rush
home,https://www.cyotek.com/cyotek-nbt-editor
home,https://www.cyotek.com/
home,https://www.cyotek.com/contact
home,https://www.cyotek.com/about
home,https://www.cyotek.com/blog/tools-we-use-2024-edition
home,https://www.cyotek.com/source-code
home,https://www.cyotek.com/cyotek-spriter
home,https://www.cyotek.com/search
home,https://www.cyotek.com/blog/rss
home,https://www.cyotek.com/donate
home,https://www.cyotek.com/sitemap
home,https://www.cyotek.com/cyotek-palette-editor
home,https://www.cyotek.com/cyotek-sitemap-creator
home,https://demo.cyotek.com/changelog.php
home,https://www.cyotek.com/blog/products/introducing-64bit-builds
home,https://www.cyotek.com/cyotek-webcopy
home,https://www.cyotek.com/blog
home,https://www.cyotek.com/rss
home,https://www.cyotek.com/blog/products
home,https://www.cyotek.com/blog/products/introducing-webview2-support-part-1
home,https://www.cyotek.com/cyotek-gif-animator
home,https://www.cyotek.com/cyotek-copytools
home,https://www.cyotek.com/blog/products/crowdstrike-falcon-false-positives
home,https://www.cyotek.com/privacy-policy
home,https://www.cyotek.com/terms-of-use
home,https://www.cyotek.com/cyotek-slicr
home,https://www.cyotek.com/downloads
home,https://www.cyotek.com/copyright-and-trademarks
"webcopy,",https://www.cyotek.com
"webcopy,",https://www.cyotek.com/blog/products/introducing-64bit-builds
"webcopy,",https://www.cyotek.com/
"webcopy,",https://www.cyotek.com/about
"webcopy,",https://www.cyotek.com/rss
copytools,https://www.cyotek.com/blog/resolving-svn-error-could-not-open-the-requested-svn-filesystem
copytools,https://docs.cyotek.com/
copytools,https://support.cyotek.com
copytools,https://www.cyotek.com/blog/tools-we-use-2023-edition
copytools,https://www.cyotek.com/open-source
copytools,https://www.cyotek.com
copytools,https://www.cyotek.com/products
copytools,https://www.cyotek.com/jewel-rush
copytools,https://www.cyotek.com/cyotek-nbt-editor
copytools,https://www.cyotek.com/
copytools,https://www.cyotek.com/contact
copytools,https://www.cyotek.com/about
copytools,https://www.cyotek.com/blog/tools-we-use-2024-edition
copytools,https://www.cyotek.com/source-code
copytools,https://www.cyotek.com/cyotek-spriter
copytools,https://www.cyotek.com/search
copytools,https://www.cyotek.com/blog/rss
copytools,https://www.cyotek.com/donate
copytools,https://www.cyotek.com/sitemap
copytools,https://www.cyotek.com/cyotek-palette-editor
copytools,https://www.cyotek.com/cyotek-sitemap-creator
copytools,https://www.cyotek.com/blog/products/introducing-64bit-builds
copytools,https://www.cyotek.com/cyotek-webcopy
copytools,https://www.cyotek.com/blog
copytools,https://www.cyotek.com/rss
copytools,https://www.cyotek.com/blog/products
copytools,https://www.cyotek.com/blog/products/introducing-webview2-support-part-1
copytools,https://www.cyotek.com/cyotek-gif-animator
copytools,https://www.cyotek.com/cyotek-copytools
copytools,https://www.cyotek.com/blog/products/crowdstrike-falcon-false-positives
copytools,https://www.cyotek.com/privacy-policy
copytools,https://www.cyotek.com/terms-of-use
copytools,https://www.cyotek.com/cyotek-slicr
copytools,https://www.cyotek.com/downloads
copytools,https://www.cyotek.com/copyright-and-trademarks
gif,https://www.cyotek.com/blog/resolving-svn-error-could-not-open-the-requested-svn-filesystem
gif,https://docs.cyotek.com/
gif,https://support.cyotek.com
gif,https://www.cyotek.com/blog/tools-we-use-2023-edition
gif,https://www.cyotek.com/open-source
gif,https://www.cyotek.com
gif,https://www.cyotek.com/products
gif,https://www.cyotek.com/jewel-rush
gif,https://www.cyotek.com/cyotek-nbt-editor
gif,https://www.cyotek.com/
gif,https://www.cyotek.com/contact
gif,https://www.cyotek.com/about
gif,https://www.cyotek.com/blog/tools-we-use-2024-edition
gif,https://www.cyotek.com/source-code
gif,https://www.cyotek.com/cyotek-spriter
gif,https://www.cyotek.com/search
gif,https://www.cyotek.com/blog/rss
gif,https://www.cyotek.com/donate
gif,https://www.cyotek.com/sitemap
gif,https://www.cyotek.com/cyotek-palette-editor
gif,https://www.cyotek.com/cyotek-sitemap-creator
gif,https://www.cyotek.com/blog/products/introducing-64bit-builds
gif,https://www.cyotek.com/cyotek-webcopy
gif,https://www.cyotek.com/blog
gif,https://www.cyotek.com/rss
gif,https://www.cyotek.com/blog/products
gif,https://www.cyotek.com/blog/products/introducing-webview2-support-part-1
gif,https://www.cyotek.com/cyotek-gif-animator
gif,https://www.cyotek.com/cyotek-copytools
gif,https://www.cyotek.com/blog/products/crowdstrike-falcon-false-positives
gif,https://www.cyotek.com/privacy-policy
gif,https://www.cyotek.com/terms-of-use
gif,https://www.cyotek.com/cyotek-slicr
gif,https://www.cyotek.com/downloads
gif,https://www.cyotek.com/copyright-and-trademarks
animator,https://www.cyotek.com/blog/resolving-svn-error-could-not-open-the-requested-svn-filesystem
animator,https://docs.cyotek.com/
animator,https://support.cyotek.com
animator,https://www.cyotek.com/blog/tools-we-use-2023-edition
animator,https://www.cyotek.com/open-source
animator,https://www.cyotek.com
animator,https://www.cyotek.com/products
animator,https://www.cyotek.com/jewel-rush
animator,https://www.cyotek.com/cyotek-nbt-editor
animator,https://www.cyotek.com/
animator,https://www.cyotek.com/contact
animator,https://www.cyotek.com/about
animator,https://www.cyotek.com/blog/tools-we-use-2024-edition
animator,https://www.cyotek.com/source-code
animator,https://www.cyotek.com/cyotek-spriter
animator,https://www.cyotek.com/search
animator,https://www.cyotek.com/blog/rss
animator,https://www.cyotek.com/donate
animator,https://www.cyotek.com/sitemap
animator,https://www.cyotek.com/cyotek-palette-editor
animator,https://www.cyotek.com/cyotek-sitemap-creator
animator,https://www.cyotek.com/blog/products/introducing-64bit-builds
animator,https://www.cyotek.com/cyotek-webcopy
animator,https://www.cyotek.com/blog
animator,https://www.cyotek.com/rss
animator,https://www.cyotek.com/blog/products
animator,https://www.cyotek.com/blog/products/introducing-webview2-support-part-1
animator,https://www.cyotek.com/cyotek-gif-animator
animator,https://www.cyotek.com/cyotek-copytools
animator,https://www.cyotek.com/blog/products/crowdstrike-falcon-false-positives
animator,https://www.cyotek.com/privacy-policy
animator,https://www.cyotek.com/terms-of-use
animator,https://www.cyotek.com/cyotek-slicr
animator,https://www.cyotek.com/downloads
animator,https://www.cyotek.com/copyright-and-trademarks
color,https://www.cyotek.com/blog/resolving-svn-error-could-not-open-the-requested-svn-filesystem
color,https://www.cyotek.com/blog/tools-we-use-2023-edition
color,https://www.cyotek.com/open-source
color,https://www.cyotek.com
color,https://www.cyotek.com/products
color,https://www.cyotek.com/jewel-rush
color,https://www.cyotek.com/cyotek-nbt-editor
color,https://www.cyotek.com/
color,https://www.cyotek.com/contact
color,https://www.cyotek.com/about
color,https://www.cyotek.com/blog/tools-we-use-2024-edition
color,https://www.cyotek.com/source-code
color,https://www.cyotek.com/cyotek-spriter
color,https://www.cyotek.com/search
color,https://www.cyotek.com/blog/rss
color,https://www.cyotek.com/donate
color,https://www.cyotek.com/sitemap
color,https://www.cyotek.com/cyotek-palette-editor
color,https://www.cyotek.com/cyotek-sitemap-creator
color,https://www.cyotek.com/blog/products/introducing-64bit-builds
color,https://www.cyotek.com/cyotek-webcopy
color,https://www.cyotek.com/blog
color,https://www.cyotek.com/rss
color,https://www.cyotek.com/blog/products
color,https://www.cyotek.com/blog/products/introducing-webview2-support-part-1
color,https://www.cyotek.com/cyotek-gif-animator
color,https://www.cyotek.com/cyotek-copytools
color,https://www.cyotek.com/blog/products/crowdstrike-falcon-false-positives
color,https://www.cyotek.com/privacy-policy
color,https://www.cyotek.com/terms-of-use
color,https://www.cyotek.com/cyotek-slicr
color,https://www.cyotek.com/downloads
color,https://www.cyotek.com/copyright-and-trademarks
palette,https://www.cyotek.com/blog/resolving-svn-error-could-not-open-the-requested-svn-filesystem
palette,https://docs.cyotek.com/
palette,https://support.cyotek.com
palette,https://www.cyotek.com/blog/tools-we-use-2023-edition
palette,https://www.cyotek.com/open-source
palette,https://www.cyotek.com
palette,https://www.cyotek.com/products
palette,https://www.cyotek.com/jewel-rush
palette,https://www.cyotek.com/cyotek-nbt-editor
palette,https://www.cyotek.com/
palette,https://www.cyotek.com/contact
palette,https://www.cyotek.com/about
palette,https://www.cyotek.com/blog/tools-we-use-2024-edition
palette,https://www.cyotek.com/source-code
palette,https://www.cyotek.com/cyotek-spriter
palette,https://www.cyotek.com/search
palette,https://www.cyotek.com/blog/rss
palette,https://www.cyotek.com/donate
palette,https://www.cyotek.com/sitemap
palette,https://www.cyotek.com/cyotek-palette-editor
palette,https://www.cyotek.com/cyotek-sitemap-creator
palette,https://www.cyotek.com/blog/products/introducing-64bit-builds
palette,https://www.cyotek.com/cyotek-webcopy
palette,https://www.cyotek.com/blog
palette,https://www.cyotek.com/rss
palette,https://www.cyotek.com/blog/products
palette,https://www.cyotek.com/blog/products/introducing-webview2-support-part-1
palette,https://www.cyotek.com/cyotek-gif-animator
palette,https://www.cyotek.com/cyotek-copytools
palette,https://www.cyotek.com/blog/products/crowdstrike-falcon-false-positives
palette,https://www.cyotek.com/privacy-policy
palette,https://www.cyotek.com/terms-of-use
palette,https://www.cyotek.com/cyotek-slicr
palette,https://www.cyotek.com/downloads
palette,https://www.cyotek.com/copyright-and-trademarks
editor,https://www.cyotek.com/blog/resolving-svn-error-could-not-open-the-requested-svn-filesystem
editor,https://docs.cyotek.com/
editor,https://support.cyotek.com
editor,https://www.cyotek.com/blog/tools-we-use-2023-edition
editor,https://www.cyotek.com/open-source
editor,https://www.cyotek.com
editor,https://www.cyotek.com/products
editor,https://www.cyotek.com/jewel-rush
editor,https://www.cyotek.com/cyotek-nbt-editor
editor,https://www.cyotek.com/
editor,https://www.cyotek.com/contact
editor,https://www.cyotek.com/about
editor,https://www.cyotek.com/blog/tools-we-use-2024-edition
editor,https://www.cyotek.com/source-code
editor,https://www.cyotek.com/cyotek-spriter
editor,https://www.cyotek.com/search
editor,https://www.cyotek.com/blog/rss
editor,https://www.cyotek.com/donate
editor,https://www.cyotek.com/sitemap
editor,https://www.cyotek.com/cyotek-palette-editor
editor,https://www.cyotek.com/cyotek-sitemap-creator
editor,https://www.cyotek.com/blog/products/introducing-64bit-builds
editor,https://www.cyotek.com/cyotek-webcopy
editor,https://www.cyotek.com/blog
editor,https://www.cyotek.com/rss
editor,https://www.cyotek.com/blog/products
editor,https://www.cyotek.com/blog/products/introducing-webview2-support-part-1
editor,https://www.cyotek.com/cyotek-gif-animator
editor,https://www.cyotek.com/cyotek-copytools
editor,https://www.cyotek.com/blog/products/crowdstrike-falcon-false-positives
editor,https://www.cyotek.com/privacy-policy
editor,https://www.cyotek.com/terms-of-use
editor,https://www.cyotek.com/cyotek-slicr
editor,https://www.cyotek.com/downloads
editor,https://www.cyotek.com/copyright-and-trademarks
jewel,https://www.cyotek.com/blog/resolving-svn-error-could-not-open-the-requested-svn-filesystem
jewel,https://www.cyotek.com/blog/tools-we-use-2023-edition
jewel,https://www.cyotek.com/open-source
jewel,https://www.cyotek.com
jewel,https://www.cyotek.com/products
jewel,https://www.cyotek.com/jewel-rush
jewel,https://www.cyotek.com/cyotek-nbt-editor
jewel,https://www.cyotek.com/
jewel,https://www.cyotek.com/contact
jewel,https://www.cyotek.com/about
jewel,https://www.cyotek.com/blog/tools-we-use-2024-edition
jewel,https://www.cyotek.com/source-code
jewel,https://www.cyotek.com/cyotek-spriter
jewel,https://www.cyotek.com/search
jewel,https://www.cyotek.com/donate
jewel,https://www.cyotek.com/sitemap
jewel,https://www.cyotek.com/cyotek-palette-editor
jewel,https://www.cyotek.com/cyotek-sitemap-creator
jewel,https://www.cyotek.com/blog/products/introducing-64bit-builds
jewel,https://www.cyotek.com/cyotek-webcopy
jewel,https://www.cyotek.com/blog
jewel,https://www.cyotek.com/blog/products
jewel,https://www.cyotek.com/blog/products/introducing-webview2-support-part-1
jewel,https://www.cyotek.com/cyotek-gif-animator
jewel,https://www.cyotek.com/cyotek-copytools
jewel,https://www.cyotek.com/blog/products/crowdstrike-falcon-false-positives
jewel,https://www.cyotek.com/privacy-policy
jewel,https://www.cyotek.com/terms-of-use
jewel,https://www.cyotek.com/cyotek-slicr
jewel,https://www.cyotek.com/downloads
jewel,https://www.cyotek.com/copyright-and-trademarks
rush,https://www.cyotek.com/blog/resolving-svn-error-could-not-open-the-requested-svn-filesystem
rush,https://www.cyotek.com/blog/tools-we-use-2023-edition
rush,https://www.cyotek.com/open-source
rush,https://www.cyotek.com
rush,https://www.cyotek.com/products
rush,https://www.cyotek.com/jewel-rush
rush,https://www.cyotek.com/cyotek-nbt-editor
rush,https://www.cyotek.com/
rush,https://www.cyotek.com/contact
rush,https://www.cyotek.com/about
rush,https://www.cyotek.com/blog/tools-we-use-2024-edition
rush,https://www.cyotek.com/source-code
rush,https://www.cyotek.com/cyotek-spriter
rush,https://www.cyotek.com/search
rush,https://www.cyotek.com/donate
rush,https://www.cyotek.com/sitemap
rush,https://www.cyotek.com/cyotek-palette-editor
rush,https://www.cyotek.com/cyotek-sitemap-creator
rush,https://www.cyotek.com/blog/products/introducing-64bit-builds
rush,https://www.cyotek.com/cyotek-webcopy
rush,https://www.cyotek.com/blog
rush,https://www.cyotek.com/blog/products
rush,https://www.cyotek.com/blog/products/introducing-webview2-support-part-1
rush,https://www.cyotek.com/cyotek-gif-animator
rush,https://www.cyotek.com/cyotek-copytools
rush,https://www.cyotek.com/blog/products/crowdstrike-falcon-false-positives
rush,https://www.cyotek.com/privacy-policy
rush,https://www.cyotek.com/terms-of-use
rush,https://www.cyotek.com/cyotek-slicr
rush,https://www.cyotek.com/downloads
rush,https://www.cyotek.com/copyright-and-trademarks
nbt,https://www.cyotek.com/blog/resolving-svn-error-could-not-open-the-requested-svn-filesystem
nbt,https://www.cyotek.com/blog/tools-we-use-2023-edition
nbt,https://www.cyotek.com/open-source
nbt,https://www.cyotek.com
nbt,https://www.cyotek.com/products
nbt,https://www.cyotek.com/jewel-rush
nbt,https://www.cyotek.com/cyotek-nbt-editor
nbt,https://www.cyotek.com/
nbt,https://www.cyotek.com/contact
nbt,https://www.cyotek.com/about
nbt,https://www.cyotek.com/blog/tools-we-use-2024-edition
nbt,https://www.cyotek.com/source-code
nbt,https://www.cyotek.com/cyotek-spriter
nbt,https://www.cyotek.com/search
nbt,https://www.cyotek.com/donate
nbt,https://www.cyotek.com/sitemap
nbt,https://www.cyotek.com/cyotek-palette-editor
nbt,https://www.cyotek.com/cyotek-sitemap-creator
nbt,https://www.cyotek.com/blog/products/introducing-64bit-builds
nbt,https://www.cyotek.com/cyotek-webcopy
nbt,https://www.cyotek.com/blog
nbt,https://www.cyotek.com/blog/products
nbt,https://www.cyotek.com/blog/products/introducing-webview2-support-part-1
nbt,https://www.cyotek.com/cyotek-gif-animator
nbt,https://www.cyotek.com/cyotek-copytools
nbt,https://www.cyotek.com/blog/products/crowdstrike-falcon-false-positives
nbt,https://www.cyotek.com/privacy-policy
nbt,https://www.cyotek.com/terms-of-use
nbt,https://www.cyotek.com/cyotek-slicr
nbt,https://www.cyotek.com/downloads
nbt,https://www.cyotek.com/copyright-and-trademarks
sitemap,https://www.cyotek.com/blog/resolving-svn-error-could-not-open-the-requested-svn-filesystem
sitemap,https://docs.cyotek.com/
sitemap,https://support.cyotek.com
sitemap,https://www.cyotek.com/blog/tools-we-use-2023-edition
sitemap,https://www.cyotek.com/open-source
sitemap,https://www.cyotek.com
sitemap,https://www.cyotek.com/products
sitemap,https://www.cyotek.com/jewel-rush
sitemap,https://www.cyotek.com/cyotek-nbt-editor
sitemap,https://www.cyotek.com/
sitemap,https://www.cyotek.com/contact
sitemap,https://www.cyotek.com/about
sitemap,https://www.cyotek.com/blog/tools-we-use-2024-edition
sitemap,https://www.cyotek.com/source-code
sitemap,https://www.cyotek.com/cyotek-spriter
sitemap,https://www.cyotek.com/search
sitemap,https://www.cyotek.com/blog/rss
sitemap,https://www.cyotek.com/donate
sitemap,https://www.cyotek.com/sitemap
sitemap,https://www.cyotek.com/cyotek-palette-editor
sitemap,https://www.cyotek.com/cyotek-sitemap-creator
sitemap,https://www.cyotek.com/blog/products/introducing-64bit-builds
sitemap,https://www.cyotek.com/cyotek-webcopy
sitemap,https://www.cyotek.com/blog
sitemap,https://www.cyotek.com/rss
sitemap,https://www.cyotek.com/blog/products
sitemap,https://www.cyotek.com/blog/products/introducing-webview2-support-part-1
sitemap,https://www.cyotek.com/cyotek-gif-animator
sitemap,https://www.cyotek.com/cyotek-copytools
sitemap,https://www.cyotek.com/blog/products/crowdstrike-falcon-false-positives
sitemap,https://www.cyotek.com/privacy-policy
sitemap,https://www.cyotek.com/terms-of-use
sitemap,https://www.cyotek.com/cyotek-slicr
sitemap,https://www.cyotek.com/downloads
sitemap,https://www.cyotek.com/copyright-and-trademarks
creator,https://www.cyotek.com/blog/resolving-svn-error-could-not-open-the-requested-svn-filesystem
creator,https://docs.cyotek.com/
creator,https://support.cyotek.com
creator,https://www.cyotek.com/blog/tools-we-use-2023-edition
creator,https://www.cyotek.com/open-source
creator,https://www.cyotek.com
creator,https://www.cyotek.com/products
creator,https://www.cyotek.com/jewel-rush
creator,https://www.cyotek.com/cyotek-nbt-editor
creator,https://www.cyotek.com/
creator,https://www.cyotek.com/contact
creator,https://www.cyotek.com/about
creator,https://www.cyotek.com/blog/tools-we-use-2024-edition
creator,https://www.cyotek.com/source-code
creator,https://www.cyotek.com/cyotek-spriter
creator,https://www.cyotek.com/search
creator,https://www.cyotek.com/blog/rss
creator,https://www.cyotek.com/donate
creator,https://www.cyotek.com/sitemap
creator,https://www.cyotek.com/cyotek-palette-editor
creator,https://www.cyotek.com/cyotek-sitemap-creator
creator,https://www.cyotek.com/blog/products/introducing-64bit-builds
creator,https://www.cyotek.com/cyotek-webcopy
creator,https://www.cyotek.com/blog
creator,https://www.cyotek.com/rss
creator,https://www.cyotek.com/blog/products
creator,https://www.cyotek.com/blog/products/introducing-webview2-support-part-1
creator,https://www.cyotek.com/cyotek-gif-animator
creator,https://www.cyotek.com/cyotek-copytools
creator,https://www.cyotek.com/blog/products/crowdstrike-falcon-false-positives
creator,https://www.cyotek.com/privacy-policy
creator,https://www.cyotek.com/terms-of-use
creator,https://www.cyotek.com/cyotek-slicr
creator,https://www.cyotek.com/downloads
creator,https://www.cyotek.com/copyright-and-trademarks
slicr,https://www.cyotek.com/blog/resolving-svn-error-could-not-open-the-requested-svn-filesystem
slicr,https://docs.cyotek.com/
slicr,https://support.cyotek.com
slicr,https://www.cyotek.com/blog/tools-we-use-2023-edition
slicr,https://www.cyotek.com/open-source
slicr,https://www.cyotek.com
slicr,https://www.cyotek.com/products
slicr,https://www.cyotek.com/jewel-rush
slicr,https://www.cyotek.com/cyotek-nbt-editor
slicr,https://www.cyotek.com/
slicr,https://www.cyotek.com/contact
slicr,https://www.cyotek.com/about
slicr,https://www.cyotek.com/blog/tools-we-use-2024-edition
slicr,https://www.cyotek.com/source-code
slicr,https://www.cyotek.com/cyotek-spriter
slicr,https://www.cyotek.com/search
slicr,https://www.cyotek.com/donate
slicr,https://www.cyotek.com/sitemap
slicr,https://www.cyotek.com/cyotek-palette-editor
slicr,https://www.cyotek.com/cyotek-sitemap-creator
slicr,https://www.cyotek.com/blog/products/introducing-64bit-builds
slicr,https://www.cyotek.com/cyotek-webcopy
slicr,https://www.cyotek.com/blog
slicr,https://www.cyotek.com/rss
slicr,https://www.cyotek.com/blog/products
slicr,https://www.cyotek.com/blog/products/introducing-webview2-support-part-1
slicr,https://www.cyotek.com/cyotek-gif-animator
slicr,https://www.cyotek.com/cyotek-copytools
slicr,https://www.cyotek.com/blog/products/crowdstrike-falcon-false-positives
slicr,https://www.cyotek.com/privacy-policy
slicr,https://www.cyotek.com/terms-of-use
slicr,https://www.cyotek.com/cyotek-slicr
slicr,https://www.cyotek.com/downloads
slicr,https://www.cyotek.com/copyright-and-trademarks
spriter,https://www.cyotek.com/blog/resolving-svn-error-could-not-open-the-requested-svn-filesystem
spriter,https://docs.cyotek.com/
spriter,https://support.cyotek.com
spriter,https://www.cyotek.com/blog/tools-we-use-2023-edition
spriter,https://www.cyotek.com/open-source
spriter,https://www.cyotek.com
spriter,https://www.cyotek.com/products
spriter,https://www.cyotek.com/jewel-rush
spriter,https://www.cyotek.com/cyotek-nbt-editor
spriter,https://www.cyotek.com/
spriter,https://www.cyotek.com/contact
spriter,https://www.cyotek.com/about
spriter,https://www.cyotek.com/blog/tools-we-use-2024-edition
spriter,https://www.cyotek.com/source-code
spriter,https://www.cyotek.com/cyotek-spriter
spriter,https://www.cyotek.com/search
spriter,https://www.cyotek.com/donate
spriter,https://www.cyotek.com/sitemap
spriter,https://www.cyotek.com/cyotek-palette-editor
spriter,https://www.cyotek.com/cyotek-sitemap-creator
spriter,https://www.cyotek.com/blog/products/introducing-64bit-builds
spriter,https://www.cyotek.com/cyotek-webcopy
spriter,https://www.cyotek.com/blog
spriter,https://www.cyotek.com/rss
spriter,https://www.cyotek.com/blog/products
spriter,https://www.cyotek.com/blog/products/introducing-webview2-support-part-1
spriter,https://www.cyotek.com/cyotek-gif-animator
spriter,https://www.cyotek.com/cyotek-copytools
spriter,https://www.cyotek.com/blog/products/crowdstrike-falcon-false-positives
spriter,https://www.cyotek.com/privacy-policy
spriter,https://www.cyotek.com/terms-of-use
spriter,https://www.cyotek.com/cyotek-slicr
spriter,https://www.cyotek.com/downloads
spriter,https://www.cyotek.com/copyright-and-trademarks
downloads,https://www.cyotek.com/blog/resolving-svn-error-could-not-open-the-requested-svn-filesystem
downloads,https://support.cyotek.com
downloads,https://www.cyotek.com/blog/tools-we-use-2023-edition
downloads,https://www.cyotek.com/open-source
downloads,https://demo.cyotek.com/features/index.php
downloads,https://www.cyotek.com
downloads,https://www.cyotek.com/products
downloads,https://www.cyotek.com/jewel-rush
downloads,https://www.cyotek.com/cyotek-nbt-editor
downloads,https://www.cyotek.com/
downloads,https://www.cyotek.com/contact
downloads,https://www.cyotek.com/about
downloads,https://www.cyotek.com/blog/tools-we-use-2024-edition
downloads,https://www.cyotek.com/source-code
downloads,https://www.cyotek.com/cyotek-spriter
downloads,https://www.cyotek.com/search
downloads,https://www.cyotek.com/donate
downloads,https://www.cyotek.com/sitemap
downloads,https://www.cyotek.com/cyotek-palette-editor
downloads,https://www.cyotek.com/cyotek-sitemap-creator
downloads,https://www.cyotek.com/blog/products/introducing-64bit-builds
downloads,https://www.cyotek.com/cyotek-webcopy
downloads,https://www.cyotek.com/blog
downloads,https://www.cyotek.com/rss
downloads,https://www.cyotek.com/blog/products
downloads,https://www.cyotek.com/blog/products/introducing-webview2-support-part-1
downloads,https://www.cyotek.com/cyotek-gif-animator
downloads,https://www.cyotek.com/cyotek-copytools
downloads,https://www.cyotek.com/blog/products/crowdstrike-falcon-false-positives
downloads,https://www.cyotek.com/privacy-policy
downloads,https://www.cyotek.com/terms-of-use
downloads,https://www.cyotek.com/cyotek-slicr
downloads,https://www.cyotek.com/downloads
downloads,https://www.cyotek.com/copyright-and-trademarks
files,https://www.cyotek.com/blog/resolving-svn-error-could-not-open-the-requested-svn-filesystem
files,https://www.cyotek.com/blog/tools-we-use-2023-edition
files,https://www.cyotek.com/open-source
files,https://demo.cyotek.com/about.php
files,https://www.cyotek.com
files,https://www.cyotek.com/products
files,https://www.cyotek.com/jewel-rush
files,https://www.cyotek.com/cyotek-nbt-editor
files,https://www.cyotek.com/
files,https://www.cyotek.com/contact
files,https://www.cyotek.com/about
files,https://www.cyotek.com/blog/tools-we-use-2024-edition
files,https://www.cyotek.com/source-code
files,https://www.cyotek.com/cyotek-spriter
files,https://www.cyotek.com/search
files,https://www.cyotek.com/blog/rss
files,https://www.cyotek.com/donate
files,https://www.cyotek.com/sitemap
files,https://www.cyotek.com/cyotek-palette-editor
files,https://www.cyotek.com/cyotek-sitemap-creator
files,https://demo.cyotek.com/css/datauri.php
files,https://www.cyotek.com/blog/products/introducing-64bit-builds
files,https://www.cyotek.com/cyotek-webcopy
files,https://www.cyotek.com/blog
files,https://www.cyotek.com/rss
files,https://www.cyotek.com/blog/products
files,https://www.cyotek.com/blog/products/introducing-webview2-support-part-1
files,https://www.cyotek.com/cyotek-gif-animator
files,https://www.cyotek.com/cyotek-copytools
files,https://www.cyotek.com/blog/products/crowdstrike-falcon-false-positives
files,https://www.cyotek.com/privacy-policy
files,https://www.cyotek.com/terms-of-use
files,https://www.cyotek.com/cyotek-slicr
files,https://www.cyotek.com/downloads
files,https://www.cyotek.com/copyright-and-trademarks
source,https://www.cyotek.com/blog/resolving-svn-error-could-not-open-the-requested-svn-filesystem
source,https://support.cyotek.com
source,https://www.cyotek.com/blog/tools-we-use-2023-edition
source,https://demo.cyotek.com/javascript/uritransform.php
source,https://www.cyotek.com/open-source
source,https://demo.cyotek.com/about.php
source,https://www.cyotek.com
source,https://www.cyotek.com/products
source,https://www.cyotek.com/jewel-rush
source,https://www.cyotek.com/cyotek-nbt-editor
source,https://www.cyotek.com/
source,https://www.cyotek.com/contact
source,https://www.cyotek.com/about
source,https://www.cyotek.com/blog/tools-we-use-2024-edition
source,https://www.cyotek.com/source-code
source,https://www.cyotek.com/cyotek-spriter
source,https://www.cyotek.com/search
source,https://www.cyotek.com/blog/rss
source,https://www.cyotek.com/donate
source,https://www.cyotek.com/sitemap
source,https://www.cyotek.com/cyotek-palette-editor
source,https://www.cyotek.com/cyotek-sitemap-creator
source,https://demo.cyotek.com/changelog.php
source,https://www.cyotek.com/blog/products/introducing-64bit-builds
source,https://www.cyotek.com/cyotek-webcopy
source,https://www.cyotek.com/blog
source,https://www.cyotek.com/rss
source,https://www.cyotek.com/blog/products
source,https://www.cyotek.com/blog/products/introducing-webview2-support-part-1
source,https://www.cyotek.com/cyotek-gif-animator
source,https://www.cyotek.com/cyotek-copytools
source,https://www.cyotek.com/blog/products/crowdstrike-falcon-false-positives
source,https://www.cyotek.com/privacy-policy
source,https://www.cyotek.com/terms-of-use
source,https://www.cyotek.com/cyotek-slicr
source,https://www.cyotek.com/downloads
source,https://www.cyotek.com/copyright-and-trademarks
code,https://www.cyotek.com/blog/resolving-svn-error-could-not-open-the-requested-svn-filesystem
code,https://support.cyotek.com
code,https://www.cyotek.com/blog/tools-we-use-2023-edition
code,https://www.cyotek.com/open-source
code,https://demo.cyotek.com/about.php
code,https://www.cyotek.com
code,https://www.cyotek.com/products
code,https://www.cyotek.com/jewel-rush
code,https://www.cyotek.com/cyotek-nbt-editor
code,https://www.cyotek.com/
code,https://www.cyotek.com/contact
code,https://www.cyotek.com/about
code,https://www.cyotek.com/blog/tools-we-use-2024-edition
code,https://www.cyotek.com/source-code
code,https://www.cyotek.com/cyotek-spriter
code,https://www.cyotek.com/search
code,https://www.cyotek.com/blog/rss
code,https://www.cyotek.com/donate
code,https://www.cyotek.com/sitemap
code,https://www.cyotek.com/cyotek-palette-editor
code,https://www.cyotek.com/cyotek-sitemap-creator
code,https://www.cyotek.com/blog/products/introducing-64bit-builds
code,https://www.cyotek.com/cyotek-webcopy
code,https://www.cyotek.com/blog
code,https://www.cyotek.com/rss
code,https://www.cyotek.com/blog/products
code,https://www.cyotek.com/blog/products/introducing-webview2-support-part-1
code,https://www.cyotek.com/cyotek-gif-animator
code,https://www.cyotek.com/cyotek-copytools
code,https://www.cyotek.com/blog/products/crowdstrike-falcon-false-positives
code,https://www.cyotek.com/privacy-policy
code,https://www.cyotek.com/terms-of-use
code,https://www.cyotek.com/cyotek-slicr
code,https://www.cyotek.com/downloads
code,https://www.cyotek.com/copyright-and-trademarks
open,https://www.cyotek.com/blog/resolving-svn-error-could-not-open-the-requested-svn-filesystem
open,https://www.cyotek.com/blog/tools-we-use-2023-edition
open,https://www.cyotek.com/open-source
open,https://www.cyotek.com
open,https://www.cyotek.com/products
open,https://www.cyotek.com/jewel-rush
open,https://www.cyotek.com/cyotek-nbt-editor
open,https://www.cyotek.com/
open,https://www.cyotek.com/contact
open,https://www.cyotek.com/about
open,https://www.cyotek.com/blog/tools-we-use-2024-edition
open,https://www.cyotek.com/source-code
open,https://www.cyotek.com/cyotek-spriter
open,https://www.cyotek.com/search
open,https://www.cyotek.com/blog/rss
open,https://www.cyotek.com/donate
open,https://www.cyotek.com/sitemap
open,https://www.cyotek.com/cyotek-palette-editor
open,https://www.cyotek.com/cyotek-sitemap-creator
open,https://www.cyotek.com/blog/products/introducing-64bit-builds
open,https://www.cyotek.com/cyotek-webcopy
open,https://www.cyotek.com/blog
open,https://www.cyotek.com/rss
open,https://www.cyotek.com/blog/products
open,https://www.cyotek.com/blog/products/introducing-webview2-support-part-1
open,https://www.cyotek.com/cyotek-gif-animator
open,https://www.cyotek.com/cyotek-copytools
open,https://www.cyotek.com/blog/products/crowdstrike-falcon-false-positives
open,https://www.cyotek.com/privacy-policy
open,https://www.cyotek.com/terms-of-use
open,https://www.cyotek.com/cyotek-slicr
open,https://www.cyotek.com/downloads
open,https://www.cyotek.com/copyright-and-trademarks
blog,https://www.cyotek.com/blog/resolving-svn-error-could-not-open-the-requested-svn-filesystem
blog,https://support.cyotek.com
blog,https://www.cyotek.com/blog/tools-we-use-2023-edition
blog,https://www.cyotek.com/open-source
blog,https://www.cyotek.com
blog,https://www.cyotek.com/products
blog,https://www.cyotek.com/jewel-rush
blog,https://www.cyotek.com/cyotek-nbt-editor
blog,https://www.cyotek.com/
blog,https://www.cyotek.com/contact
blog,https://www.cyotek.com/about
blog,https://www.cyotek.com/blog/tools-we-use-2024-edition
blog,https://www.cyotek.com/source-code
blog,https://www.cyotek.com/cyotek-spriter
blog,https://www.cyotek.com/search
blog,https://www.cyotek.com/blog/rss
blog,https://www.cyotek.com/donate
blog,https://www.cyotek.com/sitemap
blog,https://www.cyotek.com/cyotek-palette-editor
blog,https://www.cyotek.com/cyotek-sitemap-creator
blog,https://www.cyotek.com/blog/products/introducing-64bit-builds
blog,https://www.cyotek.com/cyotek-webcopy
blog,https://www.cyotek.com/blog
blog,https://www.cyotek.com/rss
blog,https://www.cyotek.com/blog/products
blog,https://www.cyotek.com/blog/products/introducing-webview2-support-part-1
blog,https://www.cyotek.com/cyotek-gif-animator
blog,https://www.cyotek.com/cyotek-copytools
blog,https://www.cyotek.com/blog/products/crowdstrike-falcon-false-positives
blog,https://www.cyotek.com/privacy-policy
blog,https://www.cyotek.com/terms-of-use
blog,https://www.cyotek.com/cyotek-slicr
blog,https://www.cyotek.com/downloads
blog,https://www.cyotek.com/copyright-and-trademarks
.net,https://www.cyotek.com/blog/resolving-svn-error-could-not-open-the-requested-svn-filesystem
.net,https://support.cyotek.com
.net,https://www.cyotek.com/blog/tools-we-use-2023-edition
.net,https://www.cyotek.com/open-source
.net,https://demo.cyotek.com/about.php
.net,https://www.cyotek.com
.net,https://www.cyotek.com/products
.net,https://www.cyotek.com/jewel-rush
.net,https://www.cyotek.com/cyotek-nbt-editor
.net,https://www.cyotek.com/
.net,https://www.cyotek.com/contact
.net,https://www.cyotek.com/about
.net,https://www.cyotek.com/blog/tools-we-use-2024-edition
.net,https://www.cyotek.com/source-code
.net,https://www.cyotek.com/cyotek-spriter
.net,https://www.cyotek.com/search
.net,https://www.cyotek.com/blog/rss
.net,https://www.cyotek.com/donate
.net,https://www.cyotek.com/sitemap
.net,https://www.cyotek.com/cyotek-palette-editor
.net,https://www.cyotek.com/cyotek-sitemap-creator
.net,https://demo.cyotek.com/css/datauri.php
.net,https://www.cyotek.com/blog/products/introducing-64bit-builds
.net,https://www.cyotek.com/cyotek-webcopy
.net,https://www.cyotek.com/blog
.net,https://www.cyotek.com/rss
.net,https://www.cyotek.com/blog/products
.net,https://www.cyotek.com/blog/products/introducing-webview2-support-part-1
.net,https://www.cyotek.com/cyotek-gif-animator
.net,https://www.cyotek.com/cyotek-copytools
.net,https://www.cyotek.com/blog/products/crowdstrike-falcon-false-positives
.net,https://www.cyotek.com/privacy-policy
.net,https://www.cyotek.com/terms-of-use
.net,https://www.cyotek.com/cyotek-slicr
.net,https://www.cyotek.com/downloads
.net,https://www.cyotek.com/copyright-and-trademarks
product,https://www.cyotek.com/blog/resolving-svn-error-could-not-open-the-requested-svn-filesystem
product,https://support.cyotek.com
product,https://www.cyotek.com/blog/tools-we-use-2023-edition
product,https://www.cyotek.com/open-source
product,https://www.cyotek.com
product,https://www.cyotek.com/products
product,https://www.cyotek.com/jewel-rush
product,https://www.cyotek.com/cyotek-nbt-editor
product,https://www.cyotek.com/
product,https://www.cyotek.com/contact
product,https://www.cyotek.com/about
product,https://www.cyotek.com/blog/tools-we-use-2024-edition
product,https://www.cyotek.com/source-code
product,https://www.cyotek.com/cyotek-spriter
product,https://www.cyotek.com/search
product,https://www.cyotek.com/blog/rss
product,https://www.cyotek.com/donate
product,https://www.cyotek.com/sitemap
product,https://www.cyotek.com/cyotek-palette-editor
product,https://www.cyotek.com/cyotek-sitemap-creator
product,https://www.cyotek.com/blog/products/introducing-64bit-builds
product,https://www.cyotek.com/cyotek-webcopy
product,https://www.cyotek.com/blog
product,https://www.cyotek.com/rss
product,https://www.cyotek.com/blog/products
product,https://www.cyotek.com/blog/products/introducing-webview2-support-part-1
product,https://www.cyotek.com/cyotek-gif-animator
product,https://www.cyotek.com/cyotek-copytools
product,https://www.cyotek.com/blog/products/crowdstrike-falcon-false-positives
product,https://www.cyotek.com/privacy-policy
product,https://www.cyotek.com/terms-of-use
product,https://www.cyotek.com/cyotek-slicr
product,https://www.cyotek.com/downloads
product,https://www.cyotek.com/copyright-and-trademarks
forums,https://www.cyotek.com/blog/resolving-svn-error-could-not-open-the-requested-svn-filesystem
forums,https://support.cyotek.com
forums,https://www.cyotek.com/blog/tools-we-use-2023-edition
forums,https://www.cyotek.com/open-source
forums,https://www.cyotek.com
forums,https://www.cyotek.com/products
forums,https://www.cyotek.com/jewel-rush
forums,https://www.cyotek.com/cyotek-nbt-editor
forums,https://www.cyotek.com/
forums,https://www.cyotek.com/contact
forums,https://www.cyotek.com/about
forums,https://www.cyotek.com/blog/tools-we-use-2024-edition
forums,https://www.cyotek.com/source-code
forums,https://www.cyotek.com/cyotek-spriter
forums,https://www.cyotek.com/search
forums,https://www.cyotek.com/blog/rss
forums,https://www.cyotek.com/donate
forums,https://www.cyotek.com/sitemap
forums,https://www.cyotek.com/cyotek-palette-editor
forums,https://www.cyotek.com/cyotek-sitemap-creator
forums,https://www.cyotek.com/blog/products/introducing-64bit-builds
forums,https://www.cyotek.com/cyotek-webcopy
forums,https://www.cyotek.com/blog
forums,https://www.cyotek.com/rss
forums,https://www.cyotek.com/blog/products
forums,https://www.cyotek.com/blog/products/introducing-webview2-support-part-1
forums,https://www.cyotek.com/cyotek-gif-animator
forums,https://www.cyotek.com/cyotek-copytools
forums,https://www.cyotek.com/blog/products/crowdstrike-falcon-false-positives
forums,https://www.cyotek.com/privacy-policy
forums,https://www.cyotek.com/terms-of-use
forums,https://www.cyotek.com/cyotek-slicr
forums,https://www.cyotek.com/downloads
forums,https://www.cyotek.com/copyright-and-trademarks
we,https://www.cyotek.com/blog/resolving-svn-error-could-not-open-the-requested-svn-filesystem
we,https://support.cyotek.com
we,https://www.cyotek.com/blog/tools-we-use-2023-edition
we,https://www.cyotek.com/open-source
we,https://demo.cyotek.com/about.php
we,https://www.cyotek.com
we,https://www.cyotek.com/products
we,https://www.cyotek.com/jewel-rush
we,https://www.cyotek.com/cyotek-nbt-editor
we,https://www.cyotek.com/
we,https://www.cyotek.com/contact
we,https://www.cyotek.com/about
we,https://www.cyotek.com/blog/tools-we-use-2024-edition
we,https://www.cyotek.com/source-code
we,https://www.cyotek.com/cyotek-spriter
we,https://www.cyotek.com/search
we,https://www.cyotek.com/blog/rss
we,https://www.cyotek.com/donate
we,https://www.cyotek.com/sitemap
we,https://www.cyotek.com/cyotek-palette-editor
we,https://www.cyotek.com/cyotek-sitemap-creator
we,https://www.cyotek.com/blog/products/introducing-64bit-builds
we,https://www.cyotek.com/cyotek-webcopy
we,https://www.cyotek.com/blog
we,https://www.cyotek.com/rss
we,https://www.cyotek.com/blog/products
we,https://www.cyotek.com/blog/products/introducing-webview2-support-part-1
we,https://www.cyotek.com/cyotek-gif-animator
we,https://www.cyotek.com/cyotek-copytools
we,https://www.cyotek.com/blog/products/crowdstrike-falcon-false-positives
we,https://www.cyotek.com/privacy-policy
we,https://www.cyotek.com/terms-of-use
we,https://www.cyotek.com/cyotek-slicr
we,https://www.cyotek.com/downloads
we,https://www.cyotek.com/copyright-and-trademarks
offer,https://www.cyotek.com
offer,https://www.cyotek.com/
offer,https://www.cyotek.com/rss
offer,https://www.cyotek.com/blog/rss
number,https://www.cyotek.com
number,https://www.cyotek.com/blog/tools-we-use-2023-edition
number,https://www.cyotek.com/
number,https://www.cyotek.com/about
number,https://www.cyotek.com/blog/tools-we-use-2024-edition
number,https://www.cyotek.com/open-source
number,https://www.cyotek.com/rss
number,https://www.cyotek.com/blog/rss
innovative,https://www.cyotek.com
innovative,https://www.cyotek.com/
"products,",https://www.cyotek.com
"products,",https://support.cyotek.com
"products,",https://www.cyotek.com/
"products,",https://www.cyotek.com/terms-of-use
"products,",https://www.cyotek.com/rss
"products,",https://www.cyotek.com/blog/rss
including,https://www.cyotek.com
including,https://www.cyotek.com/products
including,https://www.cyotek.com/jewel-rush
including,https://www.cyotek.com/blog/tools-we-use-2023-edition
including,https://www.cyotek.com/privacy-policy
including,https://www.cyotek.com/
including,https://demo.cyotek.com/javascript/uritransform.php
including,https://www.cyotek.com/blog/tools-we-use-2024-edition
including,https://www.cyotek.com/source-code
including,https://www.cyotek.com/terms-of-use
including,https://www.cyotek.com/cyotek-spriter
including,https://www.cyotek.com/rss
including,https://www.cyotek.com/blog/rss
"spriter,",https://www.cyotek.com
"spriter,",https://www.cyotek.com/
"spriter,",https://www.cyotek.com/rss
sprite,https://www.cyotek.com
sprite,https://www.cyotek.com/blog/resolving-svn-error-could-not-open-the-requested-svn-filesystem
sprite,https://www.cyotek.com/products
sprite,https://www.cyotek.com/blog/tools-we-use-2023-edition
sprite,https://www.cyotek.com/
sprite,https://www.cyotek.com/blog
sprite,https://www.cyotek.com/blog/tools-we-use-2024-edition
sprite,https://www.cyotek.com/open-source
sprite,https://www.cyotek.com/cyotek-spriter
sprite,https://www.cyotek.com/rss
sprite,https://www.cyotek.com/blog/rss
sheet,https://www.cyotek.com
sheet,https://www.cyotek.com/blog/resolving-svn-error-could-not-open-the-requested-svn-filesystem
sheet,https://www.cyotek.com/products
sheet,https://www.cyotek.com/blog/tools-we-use-2023-edition
sheet,https://www.cyotek.com/
sheet,https://www.cyotek.com/blog
sheet,https://www.cyotek.com/blog/tools-we-use-2024-edition
sheet,https://www.cyotek.com/open-source
sheet,https://www.cyotek.com/cyotek-spriter
sheet,https://www.cyotek.com/rss
sheet,https://www.cyotek.com/blog/rss
"generator,",https://www.cyotek.com
"generator,",https://www.cyotek.com/
"generator,",https://www.cyotek.com/rss
"generator,",https://www.cyotek.com/blog/rss
copy,https://www.cyotek.com
copy,https://www.cyotek.com/cyotek-copytools
copy,https://www.cyotek.com/products
copy,https://www.cyotek.com/cyotek-webcopy
copy,https://www.cyotek.com/
copy,https://www.cyotek.com/rss
copy,https://www.cyotek.com/copyright-and-trademarks
copy,https://www.cyotek.com/blog/rss
offline,https://www.cyotek.com
offline,https://www.cyotek.com/products
offline,https://www.cyotek.com/blog/tools-we-use-2023-edition
offline,https://www.cyotek.com/cyotek-webcopy
offline,https://www.cyotek.com/
offline,https://www.cyotek.com/blog/tools-we-use-2024-edition
offline,https://www.cyotek.com/rss
offline,https://www.cyotek.com/blog/rss
"use,",https://www.cyotek.com
"use,",https://www.cyotek.com/
"use,",https://www.cyotek.com/terms-of-use
"use,",https://www.cyotek.com/rss
"use,",https://www.cyotek.com/copyright-and-trademarks
"use,",https://www.cyotek.com/blog/rss
backing,https://www.cyotek.com
backing,https://www.cyotek.com/blog/tools-we-use-2023-edition
backing,https://www.cyotek.com/
backing,https://www.cyotek.com/blog/tools-we-use-2024-edition
backing,https://www.cyotek.com/rss
backing,https://www.cyotek.com/blog/rss
up,https://www.cyotek.com
up,https://www.cyotek.com/blog/products/introducing-webview2-support-part-1
up,https://www.cyotek.com/blog/resolving-svn-error-could-not-open-the-requested-svn-filesystem
up,https://www.cyotek.com/products
up,https://www.cyotek.com/blog/tools-we-use-2023-edition
up,https://www.cyotek.com/
up,https://www.cyotek.com/blog
up,https://www.cyotek.com/blog/tools-we-use-2024-edition
up,https://www.cyotek.com/terms-of-use
up,https://www.cyotek.com/cyotek-slicr
up,https://www.cyotek.com/rss
up,https://www.cyotek.com/blog/rss
your,https://www.cyotek.com/blog/resolving-svn-error-could-not-open-the-requested-svn-filesystem
your,https://www.cyotek.com/blog/tools-we-use-2023-edition
your,https://www.cyotek.com/open-source
your,https://www.cyotek.com
your,https://www.cyotek.com/products
your,https://www.cyotek.com/jewel-rush
your,https://www.cyotek.com/
your,https://www.cyotek.com/blog/tools-we-use-2024-edition
your,https://www.cyotek.com/source-code
your,https://www.cyotek.com/search
your,https://www.cyotek.com/blog/rss
your,https://www.cyotek.com/donate
your,https://www.cyotek.com/cyotek-sitemap-creator
your,https://www.cyotek.com/blog/products/introducing-64bit-builds
your,https://www.cyotek.com/cyotek-webcopy
your,https://www.cyotek.com/rss
your,https://www.cyotek.com/blog/products/introducing-webview2-support-part-1
your,https://www.cyotek.com/cyotek-copytools
your,https://www.cyotek.com/blog/products/crowdstrike-falcon-false-positives
your,https://www.cyotek.com/privacy-policy
your,https://www.cyotek.com/terms-of-use
your,https://www.cyotek.com/copyright-and-trademarks
"files,",https://www.cyotek.com
"files,",https://www.cyotek.com/cyotek-nbt-editor
"files,",https://www.cyotek.com/
"files,",https://www.cyotek.com/rss
"files,",https://www.cyotek.com/blog/rss
creating,https://www.cyotek.com/blog/resolving-svn-error-could-not-open-the-requested-svn-filesystem
creating,https://www.cyotek.com/blog/tools-we-use-2023-edition
creating,https://www.cyotek.com/open-source
creating,https://www.cyotek.com
creating,https://www.cyotek.com/products
creating,https://www.cyotek.com/jewel-rush
creating,https://www.cyotek.com/cyotek-nbt-editor
creating,https://www.cyotek.com/
creating,https://www.cyotek.com/contact
creating,https://www.cyotek.com/about
creating,https://www.cyotek.com/blog/tools-we-use-2024-edition
creating,https://www.cyotek.com/source-code
creating,https://www.cyotek.com/cyotek-spriter
creating,https://www.cyotek.com/search
creating,https://www.cyotek.com/blog/rss
creating,https://www.cyotek.com/donate
creating,https://www.cyotek.com/sitemap
creating,https://www.cyotek.com/cyotek-palette-editor
creating,https://www.cyotek.com/cyotek-sitemap-creator
creating,https://www.cyotek.com/blog/products/introducing-64bit-builds
creating,https://www.cyotek.com/cyotek-webcopy
creating,https://www.cyotek.com/blog
creating,https://www.cyotek.com/rss
creating,https://www.cyotek.com/blog/products
creating,https://www.cyotek.com/blog/products/introducing-webview2-support-part-1
creating,https://www.cyotek.com/cyotek-gif-animator
creating,https://www.cyotek.com/cyotek-copytools
creating,https://www.cyotek.com/blog/products/crowdstrike-falcon-false-positives
creating,https://www.cyotek.com/privacy-policy
creating,https://www.cyotek.com/terms-of-use
creating,https://www.cyotek.com/cyotek-slicr
creating,https://www.cyotek.com/downloads
creating,https://www.cyotek.com/copyright-and-trademarks
"animations,",https://www.cyotek.com
"animations,",https://www.cyotek.com/cyotek-gif-animator
"animations,",https://www.cyotek.com/products
"animations,",https://www.cyotek.com/
"animations,",https://www.cyotek.com/rss
more.,https://www.cyotek.com
more.,https://www.cyotek.com/cyotek-gif-animator
more.,https://www.cyotek.com/products
more.,https://www.cyotek.com/cyotek-webcopy
more.,https://www.cyotek.com/
more.,https://www.cyotek.com/rss
more.,https://www.cyotek.com/blog/rss
view,https://www.cyotek.com
view,https://www.cyotek.com/blog/resolving-svn-error-could-not-open-the-requested-svn-filesystem
view,https://www.cyotek.com/sitemap
view,https://www.cyotek.com/downloads
view,https://docs.cyotek.com/
view,https://www.cyotek.com/blog/tools-we-use-2023-edition
view,https://www.cyotek.com/blog/products/crowdstrike-falcon-false-positives
view,https://www.cyotek.com/
view,https://www.cyotek.com/blog
view,https://www.cyotek.com/blog/tools-we-use-2024-edition
view,https://www.cyotek.com/source-code
view,https://www.cyotek.com/open-source
view,https://demo.cyotek.com/about.php
view,https://www.cyotek.com/rss
view,https://www.cyotek.com/blog/rss
contains,https://www.cyotek.com
contains,https://www.cyotek.com/
contains,https://www.cyotek.com/terms-of-use
contains,https://www.cyotek.com/open-source
contains,https://www.cyotek.com/rss
contains,https://www.cyotek.com/blog/rss
variety,https://www.cyotek.com
variety,https://www.cyotek.com/cyotek-palette-editor
variety,https://www.cyotek.com/products
variety,https://www.cyotek.com/blog/tools-we-use-2023-edition
variety,https://www.cyotek.com/
variety,https://www.cyotek.com/blog/tools-we-use-2024-edition
variety,https://www.cyotek.com/cyotek-spriter
variety,https://www.cyotek.com/rss
variety,https://www.cyotek.com/blog/rss
range,https://www.cyotek.com
range,https://www.cyotek.com/
range,https://www.cyotek.com/rss
range,https://www.cyotek.com/blog/rss
development,https://www.cyotek.com/blog/resolving-svn-error-could-not-open-the-requested-svn-filesystem
development,https://www.cyotek.com/blog/tools-we-use-2023-edition
development,https://www.cyotek.com/open-source
development,https://www.cyotek.com
development,https://www.cyotek.com/products
development,https://www.cyotek.com/jewel-rush
development,https://www.cyotek.com/cyotek-nbt-editor
development,https://www.cyotek.com/
development,https://www.cyotek.com/contact
development,https://www.cyotek.com/about
development,https://www.cyotek.com/blog/tools-we-use-2024-edition
development,https://www.cyotek.com/source-code
development,https://www.cyotek.com/cyotek-spriter
development,https://www.cyotek.com/search
development,https://www.cyotek.com/blog/rss
development,https://www.cyotek.com/donate
development,https://www.cyotek.com/sitemap
development,https://www.cyotek.com/cyotek-palette-editor
development,https://www.cyotek.com/cyotek-sitemap-creator
development,https://www.cyotek.com/blog/products/introducing-64bit-builds
development,https://www.cyotek.com/cyotek-webcopy
development,https://www.cyotek.com/blog
development,https://www.cyotek.com/rss
development,https://www.cyotek.com/blog/products
development,https://www.cyotek.com/blog/products/introducing-webview2-support-part-1
development,https://www.cyotek.com/cyotek-gif-animator
development,https://www.cyotek.com/cyotek-copytools
development,https://www.cyotek.com/blog/products/crowdstrike-falcon-false-positives
development,https://www.cyotek.com/privacy-policy
development,https://www.cyotek.com/terms-of-use
development,https://www.cyotek.com/cyotek-slicr
development,https://www.cyotek.com/downloads
development,https://www.cyotek.com/copyright-and-trademarks
topics,https://www.cyotek.com
topics,https://www.cyotek.com/blog/resolving-svn-error-could-not-open-the-requested-svn-filesystem
topics,https://www.cyotek.com/blog/tools-we-use-2023-edition
topics,https://www.cyotek.com/
topics,https://www.cyotek.com/blog
topics,https://www.cyotek.com/blog/tools-we-use-2024-edition
topics,https://www.cyotek.com/rss
topics,https://www.cyotek.com/blog/rss
describe,https://www.cyotek.com
describe,https://www.cyotek.com/
describe,https://www.cyotek.com/rss
describe,https://www.cyotek.com/blog/rss
solutions,https://www.cyotek.com
solutions,https://www.cyotek.com/
solutions,https://www.cyotek.com/rss
solutions,https://www.cyotek.com/blog/rss
created,https://www.cyotek.com
created,https://www.cyotek.com/blog/products/introducing-webview2-support-part-1
created,https://www.cyotek.com/blog/resolving-svn-error-could-not-open-the-requested-svn-filesystem
created,https://www.cyotek.com/cyotek-palette-editor
created,https://www.cyotek.com/products
created,https://support.cyotek.com
created,https://www.cyotek.com/cyotek-nbt-editor
created,https://www.cyotek.com/blog/tools-we-use-2023-edition
created,https://www.cyotek.com/
created,https://www.cyotek.com/blog/tools-we-use-2024-edition
created,https://www.cyotek.com/source-code
created,https://demo.cyotek.com/about.php
created,https://www.cyotek.com/rss
created,https://www.cyotek.com/blog/rss
using,https://www.cyotek.com/blog/resolving-svn-error-could-not-open-the-requested-svn-filesystem
using,https://www.cyotek.com/blog/tools-we-use-2023-edition
using,https://demo.cyotek.com/statuscodes/3xx/307.php
using,https://www.cyotek.com/open-source
using,https://demo.cyotek.com/about.php
using,https://www.cyotek.com
using,https://demo.cyotek.com/statuscodes/3xx/303.php
using,https://www.cyotek.com/products
using,https://www.cyotek.com/jewel-rush
using,https://demo.cyotek.com/statuscodes/index.php
using,https://www.cyotek.com/cyotek-nbt-editor
using,https://www.cyotek.com/
using,https://www.cyotek.com/contact
using,https://www.cyotek.com/about
using,https://www.cyotek.com/blog/tools-we-use-2024-edition
using,https://www.cyotek.com/source-code
using,https://www.cyotek.com/cyotek-spriter
using,https://www.cyotek.com/search
using,https://www.cyotek.com/blog/rss
using,https://www.cyotek.com/donate
using,https://www.cyotek.com/sitemap
using,https://www.cyotek.com/cyotek-palette-editor
using,https://www.cyotek.com/cyotek-sitemap-creator
using,https://demo.cyotek.com/changelog.php
using,https://demo.cyotek.com/css/datauri.php
using,https://www.cyotek.com/blog/products/introducing-64bit-builds
using,https://www.cyotek.com/cyotek-webcopy
using,https://www.cyotek.com/blog
using,https://www.cyotek.com/rss
using,https://www.cyotek.com/blog/products
using,https://www.cyotek.com/blog/products/introducing-webview2-support-part-1
using,https://www.cyotek.com/cyotek-gif-animator
using,https://www.cyotek.com/cyotek-copytools
using,https://www.cyotek.com/blog/products/crowdstrike-falcon-false-positives
using,https://www.cyotek.com/privacy-policy
using,https://www.cyotek.com/terms-of-use
using,https://www.cyotek.com/cyotek-slicr
using,https://www.cyotek.com/downloads
using,https://www.cyotek.com/copyright-and-trademarks
c#,https://www.cyotek.com/blog/resolving-svn-error-could-not-open-the-requested-svn-filesystem
c#,https://www.cyotek.com/blog/tools-we-use-2023-edition
c#,https://www.cyotek.com/open-source
c#,https://demo.cyotek.com/about.php
c#,https://www.cyotek.com
c#,https://www.cyotek.com/products
c#,https://www.cyotek.com/jewel-rush
c#,https://www.cyotek.com/cyotek-nbt-editor
c#,https://www.cyotek.com/
c#,https://www.cyotek.com/contact
c#,https://www.cyotek.com/about
c#,https://www.cyotek.com/blog/tools-we-use-2024-edition
c#,https://www.cyotek.com/source-code
c#,https://www.cyotek.com/cyotek-spriter
c#,https://www.cyotek.com/search
c#,https://www.cyotek.com/blog/rss
c#,https://www.cyotek.com/donate
c#,https://www.cyotek.com/sitemap
c#,https://www.cyotek.com/cyotek-palette-editor
c#,https://www.cyotek.com/cyotek-sitemap-creator
c#,https://www.cyotek.com/blog/products/introducing-64bit-builds
c#,https://www.cyotek.com/cyotek-webcopy
c#,https://www.cyotek.com/blog
c#,https://www.cyotek.com/rss
c#,https://www.cyotek.com/blog/products
c#,https://www.cyotek.com/blog/products/introducing-webview2-support-part-1
c#,https://www.cyotek.com/cyotek-gif-animator
c#,https://www.cyotek.com/cyotek-copytools
c#,https://www.cyotek.com/blog/products/crowdstrike-falcon-false-positives
c#,https://www.cyotek.com/privacy-policy
c#,https://www.cyotek.com/terms-of-use
c#,https://www.cyotek.com/cyotek-slicr
c#,https://www.cyotek.com/downloads
c#,https://www.cyotek.com/copyright-and-trademarks
framework,https://www.cyotek.com
framework,https://www.cyotek.com/cyotek-gif-animator
framework,https://www.cyotek.com/blog/products/introducing-webview2-support-part-1
framework,https://www.cyotek.com/blog/rss
framework,https://www.cyotek.com/cyotek-copytools
framework,https://www.cyotek.com/cyotek-palette-editor
framework,https://www.cyotek.com/cyotek-sitemap-creator
framework,https://www.cyotek.com/jewel-rush
framework,https://www.cyotek.com/cyotek-nbt-editor
framework,https://www.cyotek.com/blog/tools-we-use-2023-edition
framework,https://www.cyotek.com/cyotek-webcopy
framework,https://www.cyotek.com/
framework,https://www.cyotek.com/blog/tools-we-use-2024-edition
framework,https://www.cyotek.com/cyotek-spriter
framework,https://www.cyotek.com/cyotek-slicr
framework,https://www.cyotek.com/rss
framework,https://www.cyotek.com/blog/products
along,https://www.cyotek.com
along,https://www.cyotek.com/blog/products/introducing-webview2-support-part-1
along,https://www.cyotek.com/
along,https://www.cyotek.com/source-code
along,https://www.cyotek.com/rss
along,https://www.cyotek.com/blog/rss
adventures,https://www.cyotek.com
adventures,https://www.cyotek.com/
adventures,https://www.cyotek.com/rss
adventures,https://www.cyotek.com/blog/rss
in,https://www.cyotek.com/blog/resolving-svn-error-could-not-open-the-requested-svn-filesystem
in,https://support.cyotek.com
in,https://www.cyotek.com/blog/tools-we-use-2023-edition
in,https://demo.cyotek.com/css/url.php
in,https://www.cyotek.com/open-source
in,https://demo.cyotek.com/about.php
in,https://demo.cyotek.com/features/index.php
in,https://www.cyotek.com
in,https://demo.cyotek.com/statuscodes/3xx/303.php
in,https://www.cyotek.com/products
in,https://www.cyotek.com/jewel-rush
in,https://demo.cyotek.com/statuscodes/index.php
in,https://www.cyotek.com/cyotek-nbt-editor
in,https://www.cyotek.com/
in,https://www.cyotek.com/about
in,https://www.cyotek.com/blog/tools-we-use-2024-edition
in,https://www.cyotek.com/source-code
in,https://www.cyotek.com/cyotek-spriter
in,https://www.cyotek.com/blog/rss
in,https://www.cyotek.com/cyotek-palette-editor
in,https://demo.cyotek.com/css/import.php
in,https://demo.cyotek.com/changelog.php
in,https://demo.cyotek.com/css/datauri.php
in,https://www.cyotek.com/blog/products/introducing-64bit-builds
in,https://www.cyotek.com/cyotek-webcopy
in,https://www.cyotek.com/blog
in,https://www.cyotek.com/rss
in,https://www.cyotek.com/blog/products
in,https://www.cyotek.com/blog/products/introducing-webview2-support-part-1
in,https://www.cyotek.com/cyotek-gif-animator
in,https://www.cyotek.com/blog/products/crowdstrike-falcon-false-positives
in,https://www.cyotek.com/privacy-policy
in,https://www.cyotek.com/terms-of-use
in,https://www.cyotek.com/cyotek-slicr
in,https://demo.cyotek.com/statuscodes/3xx/307.php
in,https://www.cyotek.com/copyright-and-trademarks
software,https://www.cyotek.com/blog/resolving-svn-error-could-not-open-the-requested-svn-filesystem
software,https://www.cyotek.com/blog/tools-we-use-2023-edition
software,https://www.cyotek.com/open-source
software,https://www.cyotek.com
software,https://www.cyotek.com/jewel-rush
software,https://www.cyotek.com/cyotek-nbt-editor
software,https://www.cyotek.com/
software,https://www.cyotek.com/contact
software,https://www.cyotek.com/about
software,https://www.cyotek.com/blog/tools-we-use-2024-edition
software,https://www.cyotek.com/source-code
software,https://www.cyotek.com/cyotek-spriter
software,https://www.cyotek.com/blog/rss
software,https://www.cyotek.com/cyotek-palette-editor
software,https://www.cyotek.com/cyotek-sitemap-creator
software,https://www.cyotek.com/cyotek-webcopy
software,https://www.cyotek.com/blog
software,https://www.cyotek.com/rss
software,https://www.cyotek.com/blog/products
software,https://www.cyotek.com/blog/products/introducing-webview2-support-part-1
software,https://www.cyotek.com/cyotek-gif-animator
software,https://www.cyotek.com/cyotek-copytools
software,https://www.cyotek.com/blog/products/crowdstrike-falcon-false-positives
software,https://www.cyotek.com/cyotek-slicr
software,https://www.cyotek.com/downloads
development.,https://www.cyotek.com
development.,https://www.cyotek.com/
development.,https://www.cyotek.com/rss
development.,https://www.cyotek.com/blog/rss
several,https://www.cyotek.com
several,https://www.cyotek.com/blog/tools-we-use-2023-edition
several,https://www.cyotek.com/blog/products/crowdstrike-falcon-false-positives
several,https://www.cyotek.com/
several,https://www.cyotek.com/blog/tools-we-use-2024-edition
several,https://www.cyotek.com/rss
several,https://www.cyotek.com/blog/rss
examples,https://www.cyotek.com
examples,https://www.cyotek.com/
examples,https://demo.cyotek.com/javascript/uritransform.php
examples,https://www.cyotek.com/rss
examples,https://www.cyotek.com/blog/rss
developed,https://www.cyotek.com
developed,https://support.cyotek.com
developed,https://www.cyotek.com/cyotek-nbt-editor
developed,https://www.cyotek.com/
developed,https://www.cyotek.com/about
developed,https://www.cyotek.com/source-code
developed,https://www.cyotek.com/rss
developed,https://www.cyotek.com/blog/rss
"c#,",https://www.cyotek.com
"c#,",https://www.cyotek.com/
"c#,",https://www.cyotek.com/rss
"c#,",https://www.cyotek.com/blog/rss
few,https://www.cyotek.com
few,https://www.cyotek.com/blog/tools-we-use-2023-edition
few,https://www.cyotek.com/blog/products/crowdstrike-falcon-false-positives
few,https://www.cyotek.com/
few,https://www.cyotek.com/open-source
few,https://www.cyotek.com/rss
few,https://www.cyotek.com/blog/rss
legacy,https://www.cyotek.com
legacy,https://www.cyotek.com/blog/resolving-svn-error-could-not-open-the-requested-svn-filesystem
legacy,https://www.cyotek.com/blog/tools-we-use-2023-edition
legacy,https://www.cyotek.com/
legacy,https://www.cyotek.com/rss
legacy,https://www.cyotek.com/blog/rss
visual,https://www.cyotek.com/blog/resolving-svn-error-could-not-open-the-requested-svn-filesystem
visual,https://support.cyotek.com
visual,https://www.cyotek.com/blog/tools-we-use-2023-edition
visual,https://www.cyotek.com/open-source
visual,https://demo.cyotek.com/about.php
visual,https://www.cyotek.com
visual,https://www.cyotek.com/products
visual,https://www.cyotek.com/jewel-rush
visual,https://www.cyotek.com/cyotek-nbt-editor
visual,https://www.cyotek.com/
visual,https://www.cyotek.com/contact
visual,https://www.cyotek.com/about
visual,https://www.cyotek.com/blog/tools-we-use-2024-edition
visual,https://www.cyotek.com/source-code
visual,https://www.cyotek.com/cyotek-spriter
visual,https://www.cyotek.com/search
visual,https://www.cyotek.com/blog/rss
visual,https://www.cyotek.com/donate
visual,https://www.cyotek.com/sitemap
visual,https://www.cyotek.com/cyotek-palette-editor
visual,https://www.cyotek.com/cyotek-sitemap-creator
visual,https://www.cyotek.com/blog/products/introducing-64bit-builds
visual,https://www.cyotek.com/cyotek-webcopy
visual,https://www.cyotek.com/blog
visual,https://www.cyotek.com/rss
visual,https://www.cyotek.com/blog/products
visual,https://www.cyotek.com/blog/products/introducing-webview2-support-part-1
visual,https://www.cyotek.com/cyotek-gif-animator
visual,https://www.cyotek.com/cyotek-copytools
visual,https://www.cyotek.com/blog/products/crowdstrike-falcon-false-positives
visual,https://www.cyotek.com/privacy-policy
visual,https://www.cyotek.com/terms-of-use
visual,https://www.cyotek.com/cyotek-slicr
visual,https://www.cyotek.com/downloads
visual,https://www.cyotek.com/copyright-and-trademarks
basic,https://www.cyotek.com
basic,https://support.cyotek.com
basic,https://www.cyotek.com/blog/tools-we-use-2023-edition
basic,https://demo.cyotek.com/changelog.php
basic,https://www.cyotek.com/
basic,https://www.cyotek.com/about
basic,https://www.cyotek.com/blog/tools-we-use-2024-edition
basic,https://www.cyotek.com/source-code
basic,https://www.cyotek.com/rss
basic,https://www.cyotek.com/blog/rss
samples.,https://www.cyotek.com
samples.,https://www.cyotek.com/
among,https://www.cyotek.com
among,https://www.cyotek.com/
among,https://www.cyotek.com/rss
available,https://support.cyotek.com
available,https://www.cyotek.com/blog/tools-we-use-2023-edition
available,https://demo.cyotek.com/about.php
available,https://www.cyotek.com
available,https://www.cyotek.com/jewel-rush
available,https://www.cyotek.com/cyotek-nbt-editor
available,https://www.cyotek.com/
available,https://www.cyotek.com/blog/tools-we-use-2024-edition
available,https://www.cyotek.com/source-code
available,https://www.cyotek.com/cyotek-spriter
available,https://www.cyotek.com/blog/rss
available,https://www.cyotek.com/cyotek-palette-editor
available,https://www.cyotek.com/cyotek-sitemap-creator
available,https://demo.cyotek.com/changelog.php
available,https://www.cyotek.com/cyotek-webcopy
available,https://www.cyotek.com/rss
available,https://www.cyotek.com/blog/products
available,https://www.cyotek.com/blog/products/introducing-webview2-support-part-1
available,https://www.cyotek.com/cyotek-gif-animator
available,https://www.cyotek.com/cyotek-copytools
available,https://www.cyotek.com/blog/products/crowdstrike-falcon-false-positives
available,https://www.cyotek.com/terms-of-use
available,https://www.cyotek.com/cyotek-slicr
available,https://www.cyotek.com/downloads
imagebox,https://www.cyotek.com
imagebox,https://www.cyotek.com/blog/resolving-svn-error-could-not-open-the-requested-svn-filesystem
imagebox,https://www.cyotek.com/blog/tools-we-use-2023-edition
imagebox,https://www.cyotek.com/
imagebox,https://www.cyotek.com/blog
imagebox,https://www.cyotek.com/blog/tools-we-use-2024-edition
imagebox,https://www.cyotek.com/source-code
imagebox,https://www.cyotek.com/open-source
imagebox,https://www.cyotek.com/rss
imagebox,https://www.cyotek.com/blog/rss
"control,",https://www.cyotek.com
"control,",https://www.cyotek.com/
"control,",https://www.cyotek.com/source-code
"control,",https://www.cyotek.com/rss
"control,",https://www.cyotek.com/blog/rss
windows,https://www.cyotek.com/blog/resolving-svn-error-could-not-open-the-requested-svn-filesystem
windows,https://www.cyotek.com/blog/tools-we-use-2023-edition
windows,https://www.cyotek.com/open-source
windows,https://www.cyotek.com
windows,https://www.cyotek.com/products
windows,https://www.cyotek.com/jewel-rush
windows,https://www.cyotek.com/cyotek-nbt-editor
windows,https://www.cyotek.com/
windows,https://www.cyotek.com/contact
windows,https://www.cyotek.com/about
windows,https://www.cyotek.com/blog/tools-we-use-2024-edition
windows,https://www.cyotek.com/source-code
windows,https://www.cyotek.com/cyotek-spriter
windows,https://www.cyotek.com/search
windows,https://www.cyotek.com/blog/rss
windows,https://www.cyotek.com/donate
windows,https://www.cyotek.com/sitemap
windows,https://www.cyotek.com/cyotek-palette-editor
windows,https://www.cyotek.com/cyotek-sitemap-creator
windows,https://www.cyotek.com/blog/products/introducing-64bit-builds
windows,https://www.cyotek.com/cyotek-webcopy
windows,https://www.cyotek.com/blog
windows,https://www.cyotek.com/rss
windows,https://www.cyotek.com/blog/products
windows,https://www.cyotek.com/blog/products/introducing-webview2-support-part-1
windows,https://www.cyotek.com/cyotek-gif-animator
windows,https://www.cyotek.com/cyotek-copytools
windows,https://www.cyotek.com/blog/products/crowdstrike-falcon-false-positives
windows,https://www.cyotek.com/privacy-policy
windows,https://www.cyotek.com/terms-of-use
windows,https://www.cyotek.com/cyotek-slicr
windows,https://www.cyotek.com/downloads
windows,https://www.cyotek.com/copyright-and-trademarks
forms,https://www.cyotek.com
forms,https://demo.cyotek.com/changelog.php
forms,https://www.cyotek.com/privacy-policy
forms,https://www.cyotek.com/
forms,https://www.cyotek.com/source-code
forms,https://www.cyotek.com/terms-of-use
forms,https://www.cyotek.com/open-source
forms,https://www.cyotek.com/rss
forms,https://www.cyotek.com/blog/rss
image,https://www.cyotek.com/blog/resolving-svn-error-could-not-open-the-requested-svn-filesystem
image,https://www.cyotek.com/blog/tools-we-use-2023-edition
image,https://demo.cyotek.com/css/url.php
image,https://www.cyotek.com/open-source
image,https://demo.cyotek.com/features/index.php
image,https://www.cyotek.com
image,https://www.cyotek.com/products
image,https://www.cyotek.com/
image,https://www.cyotek.com/blog/tools-we-use-2024-edition
image,https://www.cyotek.com/source-code
image,https://www.cyotek.com/cyotek-spriter
image,https://www.cyotek.com/blog/rss
image,https://demo.cyotek.com/css/import.php
image,https://demo.cyotek.com/changelog.php
image,https://demo.cyotek.com/css/datauri.php
image,https://www.cyotek.com/blog
image,https://www.cyotek.com/rss
image,https://demo.cyotek.com/html/index.php
image,https://www.cyotek.com/cyotek-slicr
image,https://www.cyotek.com/downloads
viewer,https://www.cyotek.com
viewer,https://www.cyotek.com/
viewer,https://www.cyotek.com/source-code
viewer,https://www.cyotek.com/terms-of-use
viewer,https://www.cyotek.com/rss
viewer,https://www.cyotek.com/blog/rss
replete,https://www.cyotek.com
replete,https://www.cyotek.com/
useful,https://www.cyotek.com
useful,https://www.cyotek.com/blog/tools-we-use-2023-edition
useful,https://www.cyotek.com/privacy-policy
useful,https://www.cyotek.com/
useful,https://www.cyotek.com/blog/tools-we-use-2024-edition
useful,https://www.cyotek.com/rss
useful,https://www.cyotek.com/blog/rss
functionality.,https://www.cyotek.com
functionality.,https://www.cyotek.com/blog/products/introducing-webview2-support-part-1
functionality.,https://www.cyotek.com/blog/tools-we-use-2023-edition
functionality.,https://www.cyotek.com/
functionality.,https://www.cyotek.com/blog/tools-we-use-2024-edition
functionality.,https://www.cyotek.com/rss
functionality.,https://www.cyotek.com/blog/rss
latest,https://www.cyotek.com
latest,https://docs.cyotek.com/
latest,https://www.cyotek.com/
latest,https://www.cyotek.com/downloads
latest,https://www.cyotek.com/rss
latest,https://www.cyotek.com/blog/rss
posts,https://www.cyotek.com/blog/resolving-svn-error-could-not-open-the-requested-svn-filesystem
posts,https://www.cyotek.com/blog/tools-we-use-2023-edition
posts,https://www.cyotek.com/open-source
posts,https://www.cyotek.com
posts,https://www.cyotek.com/products
posts,https://www.cyotek.com/jewel-rush
posts,https://www.cyotek.com/cyotek-nbt-editor
posts,https://www.cyotek.com/
posts,https://www.cyotek.com/contact
posts,https://www.cyotek.com/about
posts,https://www.cyotek.com/blog/tools-we-use-2024-edition
posts,https://www.cyotek.com/source-code
posts,https://www.cyotek.com/cyotek-spriter
posts,https://www.cyotek.com/search
posts,https://www.cyotek.com/blog/rss
posts,https://www.cyotek.com/donate
posts,https://www.cyotek.com/sitemap
posts,https://www.cyotek.com/cyotek-palette-editor
posts,https://www.cyotek.com/cyotek-sitemap-creator
posts,https://www.cyotek.com/blog/products/introducing-64bit-builds
posts,https://www.cyotek.com/cyotek-webcopy
posts,https://www.cyotek.com/blog
posts,https://www.cyotek.com/rss
posts,https://www.cyotek.com/blog/products
posts,https://www.cyotek.com/blog/products/introducing-webview2-support-part-1
posts,https://www.cyotek.com/cyotek-gif-animator
posts,https://www.cyotek.com/cyotek-copytools
posts,https://www.cyotek.com/blog/products/crowdstrike-falcon-false-positives
posts,https://www.cyotek.com/privacy-policy
posts,https://www.cyotek.com/terms-of-use
posts,https://www.cyotek.com/cyotek-slicr
posts,https://www.cyotek.com/downloads
posts,https://www.cyotek.com/copyright-and-trademarks
tools,https://www.cyotek.com/blog/resolving-svn-error-could-not-open-the-requested-svn-filesystem
tools,https://www.cyotek.com/blog/tools-we-use-2023-edition
tools,https://www.cyotek.com/open-source
tools,https://www.cyotek.com
tools,https://www.cyotek.com/products
tools,https://www.cyotek.com/jewel-rush
tools,https://www.cyotek.com/cyotek-nbt-editor
tools,https://www.cyotek.com/
tools,https://www.cyotek.com/contact
tools,https://www.cyotek.com/about
tools,https://www.cyotek.com/blog/tools-we-use-2024-edition
tools,https://www.cyotek.com/source-code
tools,https://www.cyotek.com/cyotek-spriter
tools,https://www.cyotek.com/search
tools,https://www.cyotek.com/blog/rss
tools,https://www.cyotek.com/donate
tools,https://www.cyotek.com/sitemap
tools,https://www.cyotek.com/cyotek-palette-editor
tools,https://www.cyotek.com/cyotek-sitemap-creator
tools,https://www.cyotek.com/blog/products/introducing-64bit-builds
tools,https://www.cyotek.com/cyotek-webcopy
tools,https://www.cyotek.com/blog
tools,https://www.cyotek.com/rss
tools,https://www.cyotek.com/blog/products
tools,https://www.cyotek.com/blog/products/introducing-webview2-support-part-1
tools,https://www.cyotek.com/cyotek-gif-animator
tools,https://www.cyotek.com/cyotek-copytools
tools,https://www.cyotek.com/blog/products/crowdstrike-falcon-false-positives
tools,https://www.cyotek.com/privacy-policy
tools,https://www.cyotek.com/terms-of-use
tools,https://www.cyotek.com/cyotek-slicr
tools,https://www.cyotek.com/downloads
tools,https://www.cyotek.com/copyright-and-trademarks
use,https://www.cyotek.com/blog/resolving-svn-error-could-not-open-the-requested-svn-filesystem
use,https://support.cyotek.com
use,https://www.cyotek.com/blog/tools-we-use-2023-edition
use,https://demo.cyotek.com/statuscodes/3xx/307.php
use,https://demo.cyotek.com/javascript/uritransform.php
use,https://www.cyotek.com/open-source
use,https://www.cyotek.com
use,https://www.cyotek.com/products
use,https://www.cyotek.com/jewel-rush
use,https://www.cyotek.com/cyotek-nbt-editor
use,https://www.cyotek.com/
use,https://www.cyotek.com/contact
use,https://www.cyotek.com/about
use,https://www.cyotek.com/blog/tools-we-use-2024-edition
use,https://www.cyotek.com/source-code
use,https://www.cyotek.com/cyotek-spriter
use,https://www.cyotek.com/search
use,https://www.cyotek.com/blog/rss
use,https://www.cyotek.com/donate
use,https://www.cyotek.com/sitemap
use,https://www.cyotek.com/cyotek-palette-editor
use,https://www.cyotek.com/cyotek-sitemap-creator
use,https://demo.cyotek.com/changelog.php
use,https://demo.cyotek.com/css/datauri.php
use,https://www.cyotek.com/blog/products/introducing-64bit-builds
use,https://www.cyotek.com/cyotek-webcopy
use,https://www.cyotek.com/blog
use,https://www.cyotek.com/rss
use,https://www.cyotek.com/blog/products
use,https://www.cyotek.com/blog/products/introducing-webview2-support-part-1
use,https://www.cyotek.com/cyotek-gif-animator
use,https://www.cyotek.com/cyotek-copytools
use,https://www.cyotek.com/blog/products/crowdstrike-falcon-false-positives
use,https://www.cyotek.com/privacy-policy
use,https://www.cyotek.com/terms-of-use
use,https://www.cyotek.com/cyotek-slicr
use,https://www.cyotek.com/downloads
use,https://www.cyotek.com/copyright-and-trademarks
-,https://www.cyotek.com/blog/resolving-svn-error-could-not-open-the-requested-svn-filesystem
-,https://www.cyotek.com/blog/tools-we-use-2023-edition
-,https://www.cyotek.com/open-source
-,https://www.cyotek.com
-,https://www.cyotek.com/products
-,https://www.cyotek.com/jewel-rush
-,https://www.cyotek.com/cyotek-nbt-editor
-,https://www.cyotek.com/
-,https://www.cyotek.com/contact
-,https://www.cyotek.com/about
-,https://www.cyotek.com/blog/tools-we-use-2024-edition
-,https://www.cyotek.com/source-code
-,https://www.cyotek.com/cyotek-spriter
-,https://www.cyotek.com/search
-,https://www.cyotek.com/blog/rss
-,https://www.cyotek.com/donate
-,https://www.cyotek.com/sitemap
-,https://www.cyotek.com/cyotek-palette-editor
-,https://www.cyotek.com/cyotek-sitemap-creator
-,https://www.cyotek.com/blog/products/introducing-64bit-builds
-,https://www.cyotek.com/cyotek-webcopy
-,https://www.cyotek.com/blog
-,https://www.cyotek.com/rss
-,https://www.cyotek.com/blog/products
-,https://www.cyotek.com/blog/products/introducing-webview2-support-part-1
-,https://www.cyotek.com/cyotek-gif-animator
-,https://www.cyotek.com/cyotek-copytools
-,https://www.cyotek.com/blog/products/crowdstrike-falcon-false-positives
-,https://www.cyotek.com/privacy-policy
-,https://www.cyotek.com/terms-of-use
-,https://www.cyotek.com/cyotek-slicr
-,https://www.cyotek.com/downloads
-,https://www.cyotek.com/copyright-and-trademarks
2024,https://www.cyotek.com/blog/resolving-svn-error-could-not-open-the-requested-svn-filesystem
2024,https://www.cyotek.com/blog/tools-we-use-2023-edition
2024,https://www.cyotek.com/open-source
2024,https://www.cyotek.com
2024,https://www.cyotek.com/products
2024,https://www.cyotek.com/jewel-rush
2024,https://www.cyotek.com/cyotek-nbt-editor
2024,https://www.cyotek.com/
2024,https://www.cyotek.com/contact
2024,https://www.cyotek.com/about
2024,https://www.cyotek.com/blog/tools-we-use-2024-edition
2024,https://www.cyotek.com/source-code
2024,https://www.cyotek.com/cyotek-spriter
2024,https://www.cyotek.com/search
2024,https://www.cyotek.com/blog/rss
2024,https://www.cyotek.com/donate
2024,https://www.cyotek.com/sitemap
2024,https://www.cyotek.com/cyotek-palette-editor
2024,https://www.cyotek.com/cyotek-sitemap-creator
2024,https://www.cyotek.com/blog/products/introducing-64bit-builds
2024,https://www.cyotek.com/cyotek-webcopy
2024,https://www.cyotek.com/blog
2024,https://www.cyotek.com/rss
2024,https://www.cyotek.com/blog/products
2024,https://www.cyotek.com/blog/products/introducing-webview2-support-part-1
2024,https://www.cyotek.com/cyotek-gif-animator
2024,https://www.cyotek.com/cyotek-copytools
2024,https://www.cyotek.com/blog/products/crowdstrike-falcon-false-positives
2024,https://www.cyotek.com/privacy-policy
2024,https://www.cyotek.com/terms-of-use
2024,https://www.cyotek.com/cyotek-slicr
2024,https://www.cyotek.com/downloads
2024,https://www.cyotek.com/copyright-and-trademarks
edition,https://www.cyotek.com/blog/resolving-svn-error-could-not-open-the-requested-svn-filesystem
edition,https://www.cyotek.com/blog/tools-we-use-2023-edition
edition,https://www.cyotek.com/open-source
edition,https://www.cyotek.com
edition,https://www.cyotek.com/products
edition,https://www.cyotek.com/jewel-rush
edition,https://www.cyotek.com/cyotek-nbt-editor
edition,https://www.cyotek.com/
edition,https://www.cyotek.com/contact
edition,https://www.cyotek.com/about
edition,https://www.cyotek.com/blog/tools-we-use-2024-edition
edition,https://www.cyotek.com/source-code
edition,https://www.cyotek.com/cyotek-spriter
edition,https://www.cyotek.com/search
edition,https://www.cyotek.com/blog/rss
edition,https://www.cyotek.com/donate
edition,https://www.cyotek.com/sitemap
edition,https://www.cyotek.com/cyotek-palette-editor
edition,https://www.cyotek.com/cyotek-sitemap-creator
edition,https://www.cyotek.com/blog/products/introducing-64bit-builds
edition,https://www.cyotek.com/cyotek-webcopy
edition,https://www.cyotek.com/blog
edition,https://www.cyotek.com/rss
edition,https://www.cyotek.com/blog/products
edition,https://www.cyotek.com/blog/products/introducing-webview2-support-part-1
edition,https://www.cyotek.com/cyotek-gif-animator
edition,https://www.cyotek.com/cyotek-copytools
edition,https://www.cyotek.com/blog/products/crowdstrike-falcon-false-positives
edition,https://www.cyotek.com/privacy-policy
edition,https://www.cyotek.com/terms-of-use
edition,https://www.cyotek.com/cyotek-slicr
edition,https://www.cyotek.com/downloads
edition,https://www.cyotek.com/copyright-and-trademarks
02,https://www.cyotek.com/blog/resolving-svn-error-could-not-open-the-requested-svn-filesystem
02,https://www.cyotek.com/blog/tools-we-use-2023-edition
02,https://www.cyotek.com/open-source
02,https://www.cyotek.com
02,https://www.cyotek.com/products
02,https://www.cyotek.com/jewel-rush
02,https://www.cyotek.com/cyotek-nbt-editor
02,https://www.cyotek.com/
02,https://www.cyotek.com/contact
02,https://www.cyotek.com/about
02,https://www.cyotek.com/blog/tools-we-use-2024-edition
02,https://www.cyotek.com/source-code
02,https://www.cyotek.com/cyotek-spriter
02,https://www.cyotek.com/search
02,https://www.cyotek.com/blog/rss
02,https://www.cyotek.com/donate
02,https://www.cyotek.com/sitemap
02,https://www.cyotek.com/cyotek-palette-editor
02,https://www.cyotek.com/cyotek-sitemap-creator
02,https://www.cyotek.com/blog/products/introducing-64bit-builds
02,https://www.cyotek.com/cyotek-webcopy
02,https://www.cyotek.com/blog
02,https://www.cyotek.com/rss
02,https://www.cyotek.com/blog/products
02,https://www.cyotek.com/blog/products/introducing-webview2-support-part-1
02,https://www.cyotek.com/cyotek-gif-animator
02,https://www.cyotek.com/cyotek-copytools
02,https://www.cyotek.com/blog/products/crowdstrike-falcon-false-positives
02,https://www.cyotek.com/privacy-policy
02,https://www.cyotek.com/terms-of-use
02,https://www.cyotek.com/cyotek-slicr
02,https://www.cyotek.com/downloads
02,https://www.cyotek.com/copyright-and-trademarks
january,https://www.cyotek.com/blog/resolving-svn-error-could-not-open-the-requested-svn-filesystem
january,https://www.cyotek.com/blog/tools-we-use-2023-edition
january,https://www.cyotek.com/open-source
january,https://www.cyotek.com
january,https://www.cyotek.com/products
january,https://www.cyotek.com/jewel-rush
january,https://www.cyotek.com/cyotek-nbt-editor
january,https://www.cyotek.com/
january,https://www.cyotek.com/contact
january,https://www.cyotek.com/about
january,https://www.cyotek.com/blog/tools-we-use-2024-edition
january,https://www.cyotek.com/source-code
january,https://www.cyotek.com/cyotek-spriter
january,https://www.cyotek.com/search
january,https://www.cyotek.com/blog/rss
january,https://www.cyotek.com/donate
january,https://www.cyotek.com/sitemap
january,https://www.cyotek.com/cyotek-palette-editor
january,https://www.cyotek.com/cyotek-sitemap-creator
january,https://www.cyotek.com/blog/products/introducing-64bit-builds
january,https://www.cyotek.com/cyotek-webcopy
january,https://www.cyotek.com/blog
january,https://www.cyotek.com/rss
january,https://www.cyotek.com/blog/products
january,https://www.cyotek.com/blog/products/introducing-webview2-support-part-1
january,https://www.cyotek.com/cyotek-gif-animator
january,https://www.cyotek.com/cyotek-copytools
january,https://www.cyotek.com/blog/products/crowdstrike-falcon-false-positives
january,https://www.cyotek.com/privacy-policy
january,https://www.cyotek.com/terms-of-use
january,https://www.cyotek.com/cyotek-slicr
january,https://www.cyotek.com/downloads
january,https://www.cyotek.com/copyright-and-trademarks
2025,https://www.cyotek.com/blog/resolving-svn-error-could-not-open-the-requested-svn-filesystem
2025,https://www.cyotek.com/blog/tools-we-use-2023-edition
2025,https://www.cyotek.com/open-source
2025,https://www.cyotek.com
2025,https://www.cyotek.com/products
2025,https://www.cyotek.com/jewel-rush
2025,https://www.cyotek.com/cyotek-nbt-editor
2025,https://www.cyotek.com/
2025,https://www.cyotek.com/contact
2025,https://www.cyotek.com/about
2025,https://www.cyotek.com/blog/tools-we-use-2024-edition
2025,https://www.cyotek.com/source-code
2025,https://www.cyotek.com/cyotek-spriter
2025,https://www.cyotek.com/search
2025,https://www.cyotek.com/blog/rss
2025,https://www.cyotek.com/donate
2025,https://www.cyotek.com/sitemap
2025,https://www.cyotek.com/cyotek-palette-editor
2025,https://www.cyotek.com/cyotek-sitemap-creator
2025,https://www.cyotek.com/blog/products/introducing-64bit-builds
2025,https://www.cyotek.com/cyotek-webcopy
2025,https://www.cyotek.com/blog
2025,https://www.cyotek.com/rss
2025,https://www.cyotek.com/blog/products
2025,https://www.cyotek.com/blog/products/introducing-webview2-support-part-1
2025,https://www.cyotek.com/cyotek-gif-animator
2025,https://www.cyotek.com/cyotek-copytools
2025,https://www.cyotek.com/blog/products/crowdstrike-falcon-false-positives
2025,https://www.cyotek.com/privacy-policy
2025,https://www.cyotek.com/terms-of-use
2025,https://www.cyotek.com/cyotek-slicr
2025,https://www.cyotek.com/downloads
2025,https://www.cyotek.com/copyright-and-trademarks
2023,https://www.cyotek.com/blog/resolving-svn-error-could-not-open-the-requested-svn-filesystem
2023,https://www.cyotek.com/blog/tools-we-use-2023-edition
2023,https://www.cyotek.com/open-source
2023,https://www.cyotek.com
2023,https://www.cyotek.com/products
2023,https://www.cyotek.com/jewel-rush
2023,https://www.cyotek.com/cyotek-nbt-editor
2023,https://www.cyotek.com/
2023,https://www.cyotek.com/contact
2023,https://www.cyotek.com/about
2023,https://www.cyotek.com/blog/tools-we-use-2024-edition
2023,https://www.cyotek.com/source-code
2023,https://www.cyotek.com/cyotek-spriter
2023,https://www.cyotek.com/search
2023,https://www.cyotek.com/blog/rss
2023,https://www.cyotek.com/donate
2023,https://www.cyotek.com/sitemap
2023,https://www.cyotek.com/cyotek-palette-editor
2023,https://www.cyotek.com/cyotek-sitemap-creator
2023,https://www.cyotek.com/blog/products/introducing-64bit-builds
2023,https://www.cyotek.com/cyotek-webcopy
2023,https://www.cyotek.com/blog
2023,https://www.cyotek.com/rss
2023,https://www.cyotek.com/blog/products
2023,https://www.cyotek.com/blog/products/introducing-webview2-support-part-1
2023,https://www.cyotek.com/cyotek-gif-animator
2023,https://www.cyotek.com/cyotek-copytools
2023,https://www.cyotek.com/blog/products/crowdstrike-falcon-false-positives
2023,https://www.cyotek.com/privacy-policy
2023,https://www.cyotek.com/terms-of-use
2023,https://www.cyotek.com/cyotek-slicr
2023,https://www.cyotek.com/downloads
2023,https://www.cyotek.com/copyright-and-trademarks
february,https://www.cyotek.com/blog/resolving-svn-error-could-not-open-the-requested-svn-filesystem
february,https://www.cyotek.com/blog/tools-we-use-2023-edition
february,https://www.cyotek.com/open-source
february,https://www.cyotek.com
february,https://www.cyotek.com/products
february,https://www.cyotek.com/jewel-rush
february,https://www.cyotek.com/cyotek-nbt-editor
february,https://www.cyotek.com/
february,https://www.cyotek.com/contact
february,https://www.cyotek.com/about
february,https://www.cyotek.com/blog/tools-we-use-2024-edition
february,https://www.cyotek.com/source-code
february,https://www.cyotek.com/cyotek-spriter
february,https://www.cyotek.com/search
february,https://www.cyotek.com/donate
february,https://www.cyotek.com/sitemap
february,https://www.cyotek.com/cyotek-palette-editor
february,https://www.cyotek.com/cyotek-sitemap-creator
february,https://www.cyotek.com/blog/products/introducing-64bit-builds
february,https://www.cyotek.com/cyotek-webcopy
february,https://www.cyotek.com/blog
february,https://www.cyotek.com/rss
february,https://www.cyotek.com/blog/products
february,https://www.cyotek.com/blog/products/introducing-webview2-support-part-1
february,https://www.cyotek.com/cyotek-gif-animator
february,https://www.cyotek.com/cyotek-copytools
february,https://www.cyotek.com/blog/products/crowdstrike-falcon-false-positives
february,https://www.cyotek.com/privacy-policy
february,https://www.cyotek.com/terms-of-use
february,https://www.cyotek.com/cyotek-slicr
february,https://www.cyotek.com/downloads
february,https://www.cyotek.com/copyright-and-trademarks
resolving,https://www.cyotek.com/blog/resolving-svn-error-could-not-open-the-requested-svn-filesystem
resolving,https://support.cyotek.com
resolving,https://www.cyotek.com/blog/tools-we-use-2023-edition
resolving,https://www.cyotek.com/open-source
resolving,https://www.cyotek.com
resolving,https://www.cyotek.com/products
resolving,https://www.cyotek.com/jewel-rush
resolving,https://www.cyotek.com/cyotek-nbt-editor
resolving,https://www.cyotek.com/
resolving,https://www.cyotek.com/contact
resolving,https://www.cyotek.com/about
resolving,https://www.cyotek.com/blog/tools-we-use-2024-edition
resolving,https://www.cyotek.com/source-code
resolving,https://www.cyotek.com/cyotek-spriter
resolving,https://www.cyotek.com/search
resolving,https://www.cyotek.com/blog/rss
resolving,https://www.cyotek.com/donate
resolving,https://www.cyotek.com/sitemap
resolving,https://www.cyotek.com/cyotek-palette-editor
resolving,https://www.cyotek.com/cyotek-sitemap-creator
resolving,https://www.cyotek.com/blog/products/introducing-64bit-builds
resolving,https://www.cyotek.com/cyotek-webcopy
resolving,https://www.cyotek.com/blog
resolving,https://www.cyotek.com/rss
resolving,https://www.cyotek.com/blog/products
resolving,https://www.cyotek.com/blog/products/introducing-webview2-support-part-1
resolving,https://www.cyotek.com/cyotek-gif-animator
resolving,https://www.cyotek.com/cyotek-copytools
resolving,https://www.cyotek.com/blog/products/crowdstrike-falcon-false-positives
resolving,https://www.cyotek.com/privacy-policy
resolving,https://www.cyotek.com/terms-of-use
resolving,https://www.cyotek.com/cyotek-slicr
resolving,https://www.cyotek.com/downloads
resolving,https://www.cyotek.com/copyright-and-trademarks
svn,https://www.cyotek.com/blog/resolving-svn-error-could-not-open-the-requested-svn-filesystem
svn,https://www.cyotek.com/blog/tools-we-use-2023-edition
svn,https://www.cyotek.com/open-source
svn,https://www.cyotek.com
svn,https://www.cyotek.com/products
svn,https://www.cyotek.com/jewel-rush
svn,https://www.cyotek.com/cyotek-nbt-editor
svn,https://www.cyotek.com/
svn,https://www.cyotek.com/contact
svn,https://www.cyotek.com/about
svn,https://www.cyotek.com/blog/tools-we-use-2024-edition
svn,https://www.cyotek.com/source-code
svn,https://www.cyotek.com/cyotek-spriter
svn,https://www.cyotek.com/search
svn,https://www.cyotek.com/blog/rss
svn,https://www.cyotek.com/donate
svn,https://www.cyotek.com/sitemap
svn,https://www.cyotek.com/cyotek-palette-editor
svn,https://www.cyotek.com/cyotek-sitemap-creator
svn,https://www.cyotek.com/blog/products/introducing-64bit-builds
svn,https://www.cyotek.com/cyotek-webcopy
svn,https://www.cyotek.com/blog
svn,https://www.cyotek.com/rss
svn,https://www.cyotek.com/blog/products
svn,https://www.cyotek.com/blog/products/introducing-webview2-support-part-1
svn,https://www.cyotek.com/cyotek-gif-animator
svn,https://www.cyotek.com/cyotek-copytools
svn,https://www.cyotek.com/blog/products/crowdstrike-falcon-false-positives
svn,https://www.cyotek.com/privacy-policy
svn,https://www.cyotek.com/terms-of-use
svn,https://www.cyotek.com/cyotek-slicr
svn,https://www.cyotek.com/downloads
svn,https://www.cyotek.com/copyright-and-trademarks
error,https://www.cyotek.com/blog/resolving-svn-error-could-not-open-the-requested-svn-filesystem
error,https://www.cyotek.com/blog/tools-we-use-2023-edition
error,https://demo.cyotek.com/statuscodes/3xx/307.php
error,https://www.cyotek.com/open-source
error,https://www.cyotek.com
error,https://demo.cyotek.com/statuscodes/3xx/303.php
error,https://demo.cyotek.com/statuscodes/3xx/301.php
error,https://www.cyotek.com/products
error,https://www.cyotek.com/jewel-rush
error,https://demo.cyotek.com/statuscodes/index.php
error,https://www.cyotek.com/cyotek-nbt-editor
error,https://demo.cyotek.com/statuscodes/3xx/302.php
error,https://www.cyotek.com/
error,https://www.cyotek.com/contact
error,https://www.cyotek.com/about
error,https://www.cyotek.com/blog/tools-we-use-2024-edition
error,https://www.cyotek.com/source-code
error,https://www.cyotek.com/cyotek-spriter
error,https://www.cyotek.com/search
error,https://www.cyotek.com/blog/rss
error,https://www.cyotek.com/donate
error,https://www.cyotek.com/sitemap
error,https://www.cyotek.com/cyotek-palette-editor
error,https://www.cyotek.com/cyotek-sitemap-creator
error,https://www.cyotek.com/blog/products/introducing-64bit-builds
error,https://www.cyotek.com/cyotek-webcopy
error,https://www.cyotek.com/blog
error,https://www.cyotek.com/rss
error,https://www.cyotek.com/blog/products
error,https://www.cyotek.com/blog/products/introducing-webview2-support-part-1
error,https://www.cyotek.com/cyotek-gif-animator
error,https://www.cyotek.com/cyotek-copytools
error,https://www.cyotek.com/blog/products/crowdstrike-falcon-false-positives
error,https://www.cyotek.com/privacy-policy
error,https://demo.cyotek.com/statuscodes/3xx/304.php
error,https://www.cyotek.com/terms-of-use
error,https://www.cyotek.com/cyotek-slicr
error,https://www.cyotek.com/downloads
error,https://www.cyotek.com/copyright-and-trademarks
"""could",https://www.cyotek.com/blog/resolving-svn-error-could-not-open-the-requested-svn-filesystem
"""could",https://www.cyotek.com/blog/tools-we-use-2023-edition
"""could",https://www.cyotek.com/open-source
"""could",https://www.cyotek.com
"""could",https://www.cyotek.com/products
"""could",https://www.cyotek.com/jewel-rush
"""could",https://www.cyotek.com/cyotek-nbt-editor
"""could",https://www.cyotek.com/
"""could",https://www.cyotek.com/contact
"""could",https://www.cyotek.com/about
"""could",https://www.cyotek.com/blog/tools-we-use-2024-edition
"""could",https://www.cyotek.com/source-code
"""could",https://www.cyotek.com/cyotek-spriter
"""could",https://www.cyotek.com/search
"""could",https://www.cyotek.com/blog/rss
"""could",https://www.cyotek.com/donate
"""could",https://www.cyotek.com/sitemap
"""could",https://www.cyotek.com/cyotek-palette-editor
"""could",https://www.cyotek.com/cyotek-sitemap-creator
"""could",https://www.cyotek.com/blog/products/introducing-64bit-builds
"""could",https://www.cyotek.com/cyotek-webcopy
"""could",https://www.cyotek.com/blog
"""could",https://www.cyotek.com/rss
"""could",https://www.cyotek.com/blog/products
"""could",https://www.cyotek.com/blog/products/introducing-webview2-support-part-1
"""could",https://www.cyotek.com/cyotek-gif-animator
"""could",https://www.cyotek.com/cyotek-copytools
"""could",https://www.cyotek.com/blog/products/crowdstrike-falcon-false-positives
"""could",https://www.cyotek.com/privacy-policy
"""could",https://www.cyotek.com/terms-of-use
"""could",https://www.cyotek.com/cyotek-slicr
"""could",https://www.cyotek.com/downloads
"""could",https://www.cyotek.com/copyright-and-trademarks
requested,https://www.cyotek.com/blog/resolving-svn-error-could-not-open-the-requested-svn-filesystem
requested,https://www.cyotek.com/blog/tools-we-use-2023-edition
requested,https://www.cyotek.com/open-source
requested,https://www.cyotek.com
requested,https://www.cyotek.com/products
requested,https://www.cyotek.com/jewel-rush
requested,https://www.cyotek.com/cyotek-nbt-editor
requested,https://www.cyotek.com/
requested,https://www.cyotek.com/contact
requested,https://www.cyotek.com/about
requested,https://www.cyotek.com/blog/tools-we-use-2024-edition
requested,https://www.cyotek.com/source-code
requested,https://www.cyotek.com/cyotek-spriter
requested,https://www.cyotek.com/search
requested,https://www.cyotek.com/blog/rss
requested,https://www.cyotek.com/donate
requested,https://www.cyotek.com/sitemap
requested,https://www.cyotek.com/cyotek-palette-editor
requested,https://www.cyotek.com/cyotek-sitemap-creator
requested,https://www.cyotek.com/blog/products/introducing-64bit-builds
requested,https://www.cyotek.com/cyotek-webcopy
requested,https://www.cyotek.com/blog
requested,https://www.cyotek.com/rss
requested,https://www.cyotek.com/blog/products
requested,https://www.cyotek.com/blog/products/introducing-webview2-support-part-1
requested,https://www.cyotek.com/cyotek-gif-animator
requested,https://www.cyotek.com/cyotek-copytools
requested,https://www.cyotek.com/blog/products/crowdstrike-falcon-false-positives
requested,https://www.cyotek.com/privacy-policy
requested,https://www.cyotek.com/terms-of-use
requested,https://www.cyotek.com/cyotek-slicr
requested,https://www.cyotek.com/downloads
requested,https://www.cyotek.com/copyright-and-trademarks
"filesystem""",https://www.cyotek.com/blog/resolving-svn-error-could-not-open-the-requested-svn-filesystem
"filesystem""",https://www.cyotek.com/blog/tools-we-use-2023-edition
"filesystem""",https://www.cyotek.com/open-source
"filesystem""",https://www.cyotek.com
"filesystem""",https://www.cyotek.com/products
"filesystem""",https://www.cyotek.com/jewel-rush
"filesystem""",https://www.cyotek.com/cyotek-nbt-editor
"filesystem""",https://www.cyotek.com/
"filesystem""",https://www.cyotek.com/contact
"filesystem""",https://www.cyotek.com/about
"filesystem""",https://www.cyotek.com/blog/tools-we-use-2024-edition
"filesystem""",https://www.cyotek.com/source-code
"filesystem""",https://www.cyotek.com/cyotek-spriter
"filesystem""",https://www.cyotek.com/search
"filesystem""",https://www.cyotek.com/blog/rss
"filesystem""",https://www.cyotek.com/donate
"filesystem""",https://www.cyotek.com/sitemap
"filesystem""",https://www.cyotek.com/cyotek-palette-editor
"filesystem""",https://www.cyotek.com/cyotek-sitemap-creator
"filesystem""",https://www.cyotek.com/blog/products/introducing-64bit-builds
"filesystem""",https://www.cyotek.com/cyotek-webcopy
"filesystem""",https://www.cyotek.com/blog
"filesystem""",https://www.cyotek.com/rss
"filesystem""",https://www.cyotek.com/blog/products
"filesystem""",https://www.cyotek.com/blog/products/introducing-webview2-support-part-1
"filesystem""",https://www.cyotek.com/cyotek-gif-animator
"filesystem""",https://www.cyotek.com/cyotek-copytools
"filesystem""",https://www.cyotek.com/blog/products/crowdstrike-falcon-false-positives
"filesystem""",https://www.cyotek.com/privacy-policy
"filesystem""",https://www.cyotek.com/terms-of-use
"filesystem""",https://www.cyotek.com/cyotek-slicr
"filesystem""",https://www.cyotek.com/downloads
"filesystem""",https://www.cyotek.com/copyright-and-trademarks
25,https://www.cyotek.com/blog/resolving-svn-error-could-not-open-the-requested-svn-filesystem
25,https://www.cyotek.com/blog/tools-we-use-2023-edition
25,https://www.cyotek.com/open-source
25,https://www.cyotek.com
25,https://www.cyotek.com/products
25,https://www.cyotek.com/jewel-rush
25,https://www.cyotek.com/cyotek-nbt-editor
25,https://www.cyotek.com/
25,https://www.cyotek.com/contact
25,https://www.cyotek.com/about
25,https://www.cyotek.com/blog/tools-we-use-2024-edition
25,https://www.cyotek.com/source-code
25,https://www.cyotek.com/cyotek-spriter
25,https://www.cyotek.com/search
25,https://www.cyotek.com/blog/rss
25,https://www.cyotek.com/donate
25,https://www.cyotek.com/sitemap
25,https://www.cyotek.com/cyotek-palette-editor
25,https://www.cyotek.com/cyotek-sitemap-creator
25,https://www.cyotek.com/blog/products/introducing-64bit-builds
25,https://www.cyotek.com/cyotek-webcopy
25,https://www.cyotek.com/blog
25,https://www.cyotek.com/rss
25,https://www.cyotek.com/blog/products
25,https://www.cyotek.com/blog/products/introducing-webview2-support-part-1
25,https://www.cyotek.com/cyotek-gif-animator
25,https://www.cyotek.com/cyotek-copytools
25,https://www.cyotek.com/blog/products/crowdstrike-falcon-false-positives
25,https://www.cyotek.com/privacy-policy
25,https://www.cyotek.com/terms-of-use
25,https://www.cyotek.com/cyotek-slicr
25,https://www.cyotek.com/downloads
25,https://www.cyotek.com/copyright-and-trademarks
april,https://www.cyotek.com/blog/resolving-svn-error-could-not-open-the-requested-svn-filesystem
april,https://www.cyotek.com/blog/tools-we-use-2023-edition
april,https://www.cyotek.com/open-source
april,https://www.cyotek.com
april,https://www.cyotek.com/products
april,https://www.cyotek.com/jewel-rush
april,https://www.cyotek.com/cyotek-nbt-editor
april,https://www.cyotek.com/
april,https://www.cyotek.com/contact
april,https://www.cyotek.com/about
april,https://www.cyotek.com/blog/tools-we-use-2024-edition
april,https://www.cyotek.com/source-code
april,https://www.cyotek.com/cyotek-spriter
april,https://www.cyotek.com/search
april,https://www.cyotek.com/donate
april,https://www.cyotek.com/sitemap
april,https://www.cyotek.com/cyotek-palette-editor
april,https://www.cyotek.com/cyotek-sitemap-creator
april,https://www.cyotek.com/blog/products/introducing-64bit-builds
april,https://www.cyotek.com/cyotek-webcopy
april,https://www.cyotek.com/blog
april,https://www.cyotek.com/blog/products
april,https://www.cyotek.com/blog/products/introducing-webview2-support-part-1
april,https://www.cyotek.com/cyotek-gif-animator
april,https://www.cyotek.com/cyotek-copytools
april,https://www.cyotek.com/blog/products/crowdstrike-falcon-false-positives
april,https://www.cyotek.com/privacy-policy
april,https://www.cyotek.com/terms-of-use
april,https://www.cyotek.com/cyotek-slicr
april,https://www.cyotek.com/downloads
april,https://www.cyotek.com/copyright-and-trademarks
introducing,https://www.cyotek.com/blog/resolving-svn-error-could-not-open-the-requested-svn-filesystem
introducing,https://www.cyotek.com/blog/tools-we-use-2023-edition
introducing,https://www.cyotek.com/open-source
introducing,https://www.cyotek.com
introducing,https://www.cyotek.com/products
introducing,https://www.cyotek.com/jewel-rush
introducing,https://www.cyotek.com/cyotek-nbt-editor
introducing,https://www.cyotek.com/
introducing,https://www.cyotek.com/contact
introducing,https://www.cyotek.com/about
introducing,https://www.cyotek.com/blog/tools-we-use-2024-edition
introducing,https://www.cyotek.com/source-code
introducing,https://www.cyotek.com/cyotek-spriter
introducing,https://www.cyotek.com/search
introducing,https://www.cyotek.com/blog/rss
introducing,https://www.cyotek.com/donate
introducing,https://www.cyotek.com/sitemap
introducing,https://www.cyotek.com/cyotek-palette-editor
introducing,https://www.cyotek.com/cyotek-sitemap-creator
introducing,https://www.cyotek.com/blog/products/introducing-64bit-builds
introducing,https://www.cyotek.com/cyotek-webcopy
introducing,https://www.cyotek.com/blog
introducing,https://www.cyotek.com/rss
introducing,https://www.cyotek.com/blog/products
introducing,https://www.cyotek.com/blog/products/introducing-webview2-support-part-1
introducing,https://www.cyotek.com/cyotek-gif-animator
introducing,https://www.cyotek.com/cyotek-copytools
introducing,https://www.cyotek.com/blog/products/crowdstrike-falcon-false-positives
introducing,https://www.cyotek.com/privacy-policy
introducing,https://www.cyotek.com/terms-of-use
introducing,https://www.cyotek.com/cyotek-slicr
introducing,https://www.cyotek.com/downloads
introducing,https://www.cyotek.com/copyright-and-trademarks
webview2,https://www.cyotek.com/blog/resolving-svn-error-could-not-open-the-requested-svn-filesystem
webview2,https://www.cyotek.com/blog/tools-we-use-2023-edition
webview2,https://www.cyotek.com/open-source
webview2,https://www.cyotek.com
webview2,https://www.cyotek.com/products
webview2,https://www.cyotek.com/jewel-rush
webview2,https://www.cyotek.com/cyotek-nbt-editor
webview2,https://www.cyotek.com/
webview2,https://www.cyotek.com/contact
webview2,https://www.cyotek.com/about
webview2,https://www.cyotek.com/blog/tools-we-use-2024-edition
webview2,https://www.cyotek.com/source-code
webview2,https://www.cyotek.com/cyotek-spriter
webview2,https://www.cyotek.com/search
webview2,https://www.cyotek.com/donate
webview2,https://www.cyotek.com/sitemap
webview2,https://www.cyotek.com/cyotek-palette-editor
webview2,https://www.cyotek.com/cyotek-sitemap-creator
webview2,https://www.cyotek.com/blog/products/introducing-64bit-builds
webview2,https://www.cyotek.com/cyotek-webcopy
webview2,https://www.cyotek.com/blog
webview2,https://www.cyotek.com/rss
webview2,https://www.cyotek.com/blog/products
webview2,https://www.cyotek.com/blog/products/introducing-webview2-support-part-1
webview2,https://www.cyotek.com/cyotek-gif-animator
webview2,https://www.cyotek.com/cyotek-copytools
webview2,https://www.cyotek.com/blog/products/crowdstrike-falcon-false-positives
webview2,https://www.cyotek.com/privacy-policy
webview2,https://www.cyotek.com/terms-of-use
webview2,https://www.cyotek.com/cyotek-slicr
webview2,https://www.cyotek.com/downloads
webview2,https://www.cyotek.com/copyright-and-trademarks
"support,",https://www.cyotek.com/blog/resolving-svn-error-could-not-open-the-requested-svn-filesystem
"support,",https://www.cyotek.com/blog/tools-we-use-2023-edition
"support,",https://www.cyotek.com/open-source
"support,",https://www.cyotek.com
"support,",https://www.cyotek.com/products
"support,",https://www.cyotek.com/jewel-rush
"support,",https://www.cyotek.com/cyotek-nbt-editor
"support,",https://www.cyotek.com/
"support,",https://www.cyotek.com/contact
"support,",https://www.cyotek.com/about
"support,",https://www.cyotek.com/blog/tools-we-use-2024-edition
"support,",https://www.cyotek.com/source-code
"support,",https://www.cyotek.com/cyotek-spriter
"support,",https://www.cyotek.com/search
"support,",https://www.cyotek.com/blog/rss
"support,",https://www.cyotek.com/donate
"support,",https://www.cyotek.com/sitemap
"support,",https://www.cyotek.com/cyotek-palette-editor
"support,",https://www.cyotek.com/cyotek-sitemap-creator
"support,",https://www.cyotek.com/blog/products/introducing-64bit-builds
"support,",https://www.cyotek.com/cyotek-webcopy
"support,",https://www.cyotek.com/blog
"support,",https://www.cyotek.com/rss
"support,",https://www.cyotek.com/blog/products
"support,",https://www.cyotek.com/blog/products/introducing-webview2-support-part-1
"support,",https://www.cyotek.com/cyotek-gif-animator
"support,",https://www.cyotek.com/cyotek-copytools
"support,",https://www.cyotek.com/blog/products/crowdstrike-falcon-false-positives
"support,",https://www.cyotek.com/privacy-policy
"support,",https://www.cyotek.com/terms-of-use
"support,",https://www.cyotek.com/cyotek-slicr
"support,",https://www.cyotek.com/downloads
"support,",https://www.cyotek.com/copyright-and-trademarks
part,https://www.cyotek.com/blog/resolving-svn-error-could-not-open-the-requested-svn-filesystem
part,https://www.cyotek.com/blog/tools-we-use-2023-edition
part,https://www.cyotek.com/open-source
part,https://www.cyotek.com
part,https://www.cyotek.com/products
part,https://www.cyotek.com/jewel-rush
part,https://www.cyotek.com/cyotek-nbt-editor
part,https://www.cyotek.com/
part,https://www.cyotek.com/contact
part,https://www.cyotek.com/about
part,https://www.cyotek.com/blog/tools-we-use-2024-edition
part,https://www.cyotek.com/source-code
part,https://www.cyotek.com/cyotek-spriter
part,https://www.cyotek.com/search
part,https://www.cyotek.com/blog/rss
part,https://www.cyotek.com/donate
part,https://www.cyotek.com/sitemap
part,https://www.cyotek.com/cyotek-palette-editor
part,https://www.cyotek.com/cyotek-sitemap-creator
part,https://www.cyotek.com/blog/products/introducing-64bit-builds
part,https://www.cyotek.com/cyotek-webcopy
part,https://www.cyotek.com/blog
part,https://www.cyotek.com/rss
part,https://www.cyotek.com/blog/products
part,https://www.cyotek.com/blog/products/introducing-webview2-support-part-1
part,https://www.cyotek.com/cyotek-gif-animator
part,https://www.cyotek.com/cyotek-copytools
part,https://www.cyotek.com/blog/products/crowdstrike-falcon-false-positives
part,https://www.cyotek.com/privacy-policy
part,https://www.cyotek.com/terms-of-use
part,https://www.cyotek.com/cyotek-slicr
part,https://www.cyotek.com/downloads
part,https://www.cyotek.com/copyright-and-trademarks
1,https://www.cyotek.com/blog/resolving-svn-error-could-not-open-the-requested-svn-filesystem
1,https://www.cyotek.com/blog/tools-we-use-2023-edition
1,https://demo.cyotek.com/javascript/uritransform.php
1,https://www.cyotek.com/open-source
1,https://www.cyotek.com
1,https://www.cyotek.com/products
1,https://www.cyotek.com/jewel-rush
1,https://www.cyotek.com/cyotek-nbt-editor
1,https://www.cyotek.com/
1,https://www.cyotek.com/contact
1,https://www.cyotek.com/about
1,https://www.cyotek.com/blog/tools-we-use-2024-edition
1,https://www.cyotek.com/source-code
1,https://www.cyotek.com/cyotek-spriter
1,https://www.cyotek.com/search
1,https://www.cyotek.com/blog/rss
1,https://www.cyotek.com/donate
1,https://www.cyotek.com/sitemap
1,https://www.cyotek.com/cyotek-palette-editor
1,https://www.cyotek.com/cyotek-sitemap-creator
1,https://www.cyotek.com/blog/products/introducing-64bit-builds
1,https://www.cyotek.com/cyotek-webcopy
1,https://www.cyotek.com/blog
1,https://www.cyotek.com/rss
1,https://www.cyotek.com/blog/products
1,https://www.cyotek.com/blog/products/introducing-webview2-support-part-1
1,https://www.cyotek.com/cyotek-gif-animator
1,https://www.cyotek.com/cyotek-copytools
1,https://www.cyotek.com/blog/products/crowdstrike-falcon-false-positives
1,https://www.cyotek.com/privacy-policy
1,https://www.cyotek.com/terms-of-use
1,https://www.cyotek.com/cyotek-slicr
1,https://www.cyotek.com/downloads
1,https://www.cyotek.com/copyright-and-trademarks
31,https://www.cyotek.com/blog/resolving-svn-error-could-not-open-the-requested-svn-filesystem
31,https://www.cyotek.com/blog/tools-we-use-2023-edition
31,https://www.cyotek.com/open-source
31,https://www.cyotek.com
31,https://www.cyotek.com/products
31,https://www.cyotek.com/jewel-rush
31,https://www.cyotek.com/cyotek-nbt-editor
31,https://www.cyotek.com/
31,https://www.cyotek.com/contact
31,https://www.cyotek.com/about
31,https://www.cyotek.com/blog/tools-we-use-2024-edition
31,https://www.cyotek.com/source-code
31,https://www.cyotek.com/cyotek-spriter
31,https://www.cyotek.com/search
31,https://www.cyotek.com/blog/rss
31,https://www.cyotek.com/donate
31,https://www.cyotek.com/sitemap
31,https://www.cyotek.com/cyotek-palette-editor
31,https://www.cyotek.com/cyotek-sitemap-creator
31,https://www.cyotek.com/blog/products/introducing-64bit-builds
31,https://www.cyotek.com/cyotek-webcopy
31,https://www.cyotek.com/blog
31,https://www.cyotek.com/rss
31,https://www.cyotek.com/blog/products
31,https://www.cyotek.com/blog/products/introducing-webview2-support-part-1
31,https://www.cyotek.com/cyotek-gif-animator
31,https://www.cyotek.com/cyotek-copytools
31,https://www.cyotek.com/blog/products/crowdstrike-falcon-false-positives
31,https://www.cyotek.com/privacy-policy
31,https://www.cyotek.com/terms-of-use
31,https://www.cyotek.com/cyotek-slicr
31,https://www.cyotek.com/downloads
31,https://www.cyotek.com/copyright-and-trademarks
march,https://www.cyotek.com/blog/resolving-svn-error-could-not-open-the-requested-svn-filesystem
march,https://www.cyotek.com/blog/tools-we-use-2023-edition
march,https://www.cyotek.com/open-source
march,https://www.cyotek.com
march,https://www.cyotek.com/products
march,https://www.cyotek.com/jewel-rush
march,https://www.cyotek.com/cyotek-nbt-editor
march,https://www.cyotek.com/
march,https://www.cyotek.com/contact
march,https://www.cyotek.com/about
march,https://www.cyotek.com/blog/tools-we-use-2024-edition
march,https://www.cyotek.com/source-code
march,https://www.cyotek.com/cyotek-spriter
march,https://www.cyotek.com/search
march,https://www.cyotek.com/blog/rss
march,https://www.cyotek.com/donate
march,https://www.cyotek.com/sitemap
march,https://www.cyotek.com/cyotek-palette-editor
march,https://www.cyotek.com/cyotek-sitemap-creator
march,https://www.cyotek.com/blog/products/introducing-64bit-builds
march,https://www.cyotek.com/cyotek-webcopy
march,https://www.cyotek.com/blog
march,https://www.cyotek.com/rss
march,https://www.cyotek.com/blog/products
march,https://www.cyotek.com/blog/products/introducing-webview2-support-part-1
march,https://www.cyotek.com/cyotek-gif-animator
march,https://www.cyotek.com/cyotek-copytools
march,https://www.cyotek.com/blog/products/crowdstrike-falcon-false-positives
march,https://www.cyotek.com/privacy-policy
march,https://www.cyotek.com/terms-of-use
march,https://www.cyotek.com/cyotek-slicr
march,https://www.cyotek.com/downloads
march,https://www.cyotek.com/copyright-and-trademarks
crowdstrike,https://www.cyotek.com/blog/resolving-svn-error-could-not-open-the-requested-svn-filesystem
crowdstrike,https://www.cyotek.com/blog/tools-we-use-2023-edition
crowdstrike,https://www.cyotek.com/open-source
crowdstrike,https://www.cyotek.com
crowdstrike,https://www.cyotek.com/products
crowdstrike,https://www.cyotek.com/jewel-rush
crowdstrike,https://www.cyotek.com/cyotek-nbt-editor
crowdstrike,https://www.cyotek.com/
crowdstrike,https://www.cyotek.com/contact
crowdstrike,https://www.cyotek.com/about
crowdstrike,https://www.cyotek.com/blog/tools-we-use-2024-edition
crowdstrike,https://www.cyotek.com/source-code
crowdstrike,https://www.cyotek.com/cyotek-spriter
crowdstrike,https://www.cyotek.com/search
crowdstrike,https://www.cyotek.com/donate
crowdstrike,https://www.cyotek.com/sitemap
crowdstrike,https://www.cyotek.com/cyotek-palette-editor
crowdstrike,https://www.cyotek.com/cyotek-sitemap-creator
crowdstrike,https://www.cyotek.com/blog/products/introducing-64bit-builds
crowdstrike,https://www.cyotek.com/cyotek-webcopy
crowdstrike,https://www.cyotek.com/blog
crowdstrike,https://www.cyotek.com/rss
crowdstrike,https://www.cyotek.com/blog/products
crowdstrike,https://www.cyotek.com/blog/products/introducing-webview2-support-part-1
crowdstrike,https://www.cyotek.com/cyotek-gif-animator
crowdstrike,https://www.cyotek.com/cyotek-copytools
crowdstrike,https://www.cyotek.com/blog/products/crowdstrike-falcon-false-positives
crowdstrike,https://www.cyotek.com/privacy-policy
crowdstrike,https://www.cyotek.com/terms-of-use
crowdstrike,https://www.cyotek.com/cyotek-slicr
crowdstrike,https://www.cyotek.com/downloads
crowdstrike,https://www.cyotek.com/copyright-and-trademarks
falcon,https://www.cyotek.com/blog/resolving-svn-error-could-not-open-the-requested-svn-filesystem
falcon,https://www.cyotek.com/blog/tools-we-use-2023-edition
falcon,https://www.cyotek.com/open-source
falcon,https://www.cyotek.com
falcon,https://www.cyotek.com/products
falcon,https://www.cyotek.com/jewel-rush
falcon,https://www.cyotek.com/cyotek-nbt-editor
falcon,https://www.cyotek.com/
falcon,https://www.cyotek.com/contact
falcon,https://www.cyotek.com/about
falcon,https://www.cyotek.com/blog/tools-we-use-2024-edition
falcon,https://www.cyotek.com/source-code
falcon,https://www.cyotek.com/cyotek-spriter
falcon,https://www.cyotek.com/search
falcon,https://www.cyotek.com/donate
falcon,https://www.cyotek.com/sitemap
falcon,https://www.cyotek.com/cyotek-palette-editor
falcon,https://www.cyotek.com/cyotek-sitemap-creator
falcon,https://www.cyotek.com/blog/products/introducing-64bit-builds
falcon,https://www.cyotek.com/cyotek-webcopy
falcon,https://www.cyotek.com/blog
falcon,https://www.cyotek.com/rss
falcon,https://www.cyotek.com/blog/products
falcon,https://www.cyotek.com/blog/products/introducing-webview2-support-part-1
falcon,https://www.cyotek.com/cyotek-gif-animator
falcon,https://www.cyotek.com/cyotek-copytools
falcon,https://www.cyotek.com/blog/products/crowdstrike-falcon-false-positives
falcon,https://www.cyotek.com/privacy-policy
falcon,https://www.cyotek.com/terms-of-use
falcon,https://www.cyotek.com/cyotek-slicr
falcon,https://www.cyotek.com/downloads
falcon,https://www.cyotek.com/copyright-and-trademarks
false,https://www.cyotek.com/blog/resolving-svn-error-could-not-open-the-requested-svn-filesystem
false,https://www.cyotek.com/blog/tools-we-use-2023-edition
false,https://www.cyotek.com/open-source
false,https://www.cyotek.com
false,https://www.cyotek.com/products
false,https://www.cyotek.com/jewel-rush
false,https://www.cyotek.com/cyotek-nbt-editor
false,https://www.cyotek.com/
false,https://www.cyotek.com/contact
false,https://www.cyotek.com/about
false,https://www.cyotek.com/blog/tools-we-use-2024-edition
false,https://www.cyotek.com/source-code
false,https://www.cyotek.com/cyotek-spriter
false,https://www.cyotek.com/search
false,https://www.cyotek.com/blog/rss
false,https://www.cyotek.com/donate
false,https://www.cyotek.com/sitemap
false,https://www.cyotek.com/cyotek-palette-editor
false,https://www.cyotek.com/cyotek-sitemap-creator
false,https://www.cyotek.com/blog/products/introducing-64bit-builds
false,https://www.cyotek.com/cyotek-webcopy
false,https://www.cyotek.com/blog
false,https://www.cyotek.com/rss
false,https://www.cyotek.com/blog/products
false,https://www.cyotek.com/blog/products/introducing-webview2-support-part-1
false,https://www.cyotek.com/cyotek-gif-animator
false,https://www.cyotek.com/cyotek-copytools
false,https://www.cyotek.com/blog/products/crowdstrike-falcon-false-positives
false,https://www.cyotek.com/privacy-policy
false,https://www.cyotek.com/terms-of-use
false,https://www.cyotek.com/cyotek-slicr
false,https://www.cyotek.com/downloads
false,https://www.cyotek.com/copyright-and-trademarks
positives,https://www.cyotek.com/blog/resolving-svn-error-could-not-open-the-requested-svn-filesystem
positives,https://www.cyotek.com/blog/tools-we-use-2023-edition
positives,https://www.cyotek.com/open-source
positives,https://www.cyotek.com
positives,https://www.cyotek.com/products
positives,https://www.cyotek.com/jewel-rush
positives,https://www.cyotek.com/cyotek-nbt-editor
positives,https://www.cyotek.com/
positives,https://www.cyotek.com/contact
positives,https://www.cyotek.com/about
positives,https://www.cyotek.com/blog/tools-we-use-2024-edition
positives,https://www.cyotek.com/source-code
positives,https://www.cyotek.com/cyotek-spriter
positives,https://www.cyotek.com/search
positives,https://www.cyotek.com/donate
positives,https://www.cyotek.com/sitemap
positives,https://www.cyotek.com/cyotek-palette-editor
positives,https://www.cyotek.com/cyotek-sitemap-creator
positives,https://www.cyotek.com/blog/products/introducing-64bit-builds
positives,https://www.cyotek.com/cyotek-webcopy
positives,https://www.cyotek.com/blog
positives,https://www.cyotek.com/rss
positives,https://www.cyotek.com/blog/products
positives,https://www.cyotek.com/blog/products/introducing-webview2-support-part-1
positives,https://www.cyotek.com/cyotek-gif-animator
positives,https://www.cyotek.com/cyotek-copytools
positives,https://www.cyotek.com/blog/products/crowdstrike-falcon-false-positives
positives,https://www.cyotek.com/privacy-policy
positives,https://www.cyotek.com/terms-of-use
positives,https://www.cyotek.com/cyotek-slicr
positives,https://www.cyotek.com/downloads
positives,https://www.cyotek.com/copyright-and-trademarks
19,https://www.cyotek.com/blog/resolving-svn-error-could-not-open-the-requested-svn-filesystem
19,https://www.cyotek.com/blog/tools-we-use-2023-edition
19,https://www.cyotek.com/open-source
19,https://www.cyotek.com
19,https://www.cyotek.com/products
19,https://www.cyotek.com/jewel-rush
19,https://www.cyotek.com/cyotek-nbt-editor
19,https://www.cyotek.com/
19,https://www.cyotek.com/contact
19,https://www.cyotek.com/about
19,https://www.cyotek.com/blog/tools-we-use-2024-edition
19,https://www.cyotek.com/source-code
19,https://www.cyotek.com/cyotek-spriter
19,https://www.cyotek.com/search
19,https://www.cyotek.com/blog/rss
19,https://www.cyotek.com/donate
19,https://www.cyotek.com/sitemap
19,https://www.cyotek.com/cyotek-palette-editor
19,https://www.cyotek.com/cyotek-sitemap-creator
19,https://www.cyotek.com/blog/products/introducing-64bit-builds
19,https://www.cyotek.com/cyotek-webcopy
19,https://www.cyotek.com/blog
19,https://www.cyotek.com/rss
19,https://www.cyotek.com/blog/products
19,https://www.cyotek.com/blog/products/introducing-webview2-support-part-1
19,https://www.cyotek.com/cyotek-gif-animator
19,https://www.cyotek.com/cyotek-copytools
19,https://www.cyotek.com/blog/products/crowdstrike-falcon-false-positives
19,https://www.cyotek.com/privacy-policy
19,https://www.cyotek.com/terms-of-use
19,https://www.cyotek.com/cyotek-slicr
19,https://www.cyotek.com/downloads
19,https://www.cyotek.com/copyright-and-trademarks
may,https://www.cyotek.com/blog/resolving-svn-error-could-not-open-the-requested-svn-filesystem
may,https://www.cyotek.com/blog/tools-we-use-2023-edition
may,https://demo.cyotek.com/javascript/uritransform.php
may,https://www.cyotek.com/open-source
may,https://www.cyotek.com
may,https://www.cyotek.com/products
may,https://www.cyotek.com/jewel-rush
may,https://www.cyotek.com/cyotek-nbt-editor
may,https://www.cyotek.com/
may,https://www.cyotek.com/contact
may,https://www.cyotek.com/about
may,https://www.cyotek.com/blog/tools-we-use-2024-edition
may,https://www.cyotek.com/source-code
may,https://www.cyotek.com/cyotek-spriter
may,https://www.cyotek.com/search
may,https://www.cyotek.com/blog/rss
may,https://www.cyotek.com/donate
may,https://www.cyotek.com/sitemap
may,https://www.cyotek.com/cyotek-palette-editor
may,https://www.cyotek.com/cyotek-sitemap-creator
may,https://www.cyotek.com/blog/products/introducing-64bit-builds
may,https://www.cyotek.com/cyotek-webcopy
may,https://www.cyotek.com/blog
may,https://demo.cyotek.com/javascript/dom.php
may,https://www.cyotek.com/rss
may,https://www.cyotek.com/blog/products
may,https://www.cyotek.com/blog/products/introducing-webview2-support-part-1
may,https://www.cyotek.com/cyotek-gif-animator
may,https://www.cyotek.com/cyotek-copytools
may,https://www.cyotek.com/blog/products/crowdstrike-falcon-false-positives
may,https://www.cyotek.com/privacy-policy
may,https://www.cyotek.com/terms-of-use
may,https://www.cyotek.com/cyotek-slicr
may,https://www.cyotek.com/downloads
may,https://www.cyotek.com/copyright-and-trademarks
2021,https://www.cyotek.com/blog/resolving-svn-error-could-not-open-the-requested-svn-filesystem
2021,https://www.cyotek.com/blog/tools-we-use-2023-edition
2021,https://www.cyotek.com/open-source
2021,https://demo.cyotek.com/about.php
2021,https://www.cyotek.com
2021,https://www.cyotek.com/products
2021,https://www.cyotek.com/jewel-rush
2021,https://www.cyotek.com/cyotek-nbt-editor
2021,https://www.cyotek.com/
2021,https://www.cyotek.com/contact
2021,https://www.cyotek.com/about
2021,https://www.cyotek.com/blog/tools-we-use-2024-edition
2021,https://www.cyotek.com/source-code
2021,https://www.cyotek.com/cyotek-spriter
2021,https://www.cyotek.com/search
2021,https://www.cyotek.com/blog/rss
2021,https://www.cyotek.com/donate
2021,https://www.cyotek.com/sitemap
2021,https://www.cyotek.com/cyotek-palette-editor
2021,https://www.cyotek.com/cyotek-sitemap-creator
2021,https://www.cyotek.com/blog/products/introducing-64bit-builds
2021,https://www.cyotek.com/cyotek-webcopy
2021,https://www.cyotek.com/blog
2021,https://www.cyotek.com/rss
2021,https://www.cyotek.com/blog/products
2021,https://www.cyotek.com/blog/products/introducing-webview2-support-part-1
2021,https://www.cyotek.com/cyotek-gif-animator
2021,https://www.cyotek.com/cyotek-copytools
2021,https://www.cyotek.com/blog/products/crowdstrike-falcon-false-positives
2021,https://www.cyotek.com/privacy-policy
2021,https://www.cyotek.com/terms-of-use
2021,https://www.cyotek.com/cyotek-slicr
2021,https://www.cyotek.com/downloads
2021,https://www.cyotek.com/copyright-and-trademarks
64bit,https://www.cyotek.com/blog/resolving-svn-error-could-not-open-the-requested-svn-filesystem
64bit,https://www.cyotek.com/blog/tools-we-use-2023-edition
64bit,https://www.cyotek.com/open-source
64bit,https://www.cyotek.com
64bit,https://www.cyotek.com/products
64bit,https://www.cyotek.com/jewel-rush
64bit,https://www.cyotek.com/cyotek-nbt-editor
64bit,https://www.cyotek.com/
64bit,https://www.cyotek.com/contact
64bit,https://www.cyotek.com/about
64bit,https://www.cyotek.com/blog/tools-we-use-2024-edition
64bit,https://www.cyotek.com/source-code
64bit,https://www.cyotek.com/cyotek-spriter
64bit,https://www.cyotek.com/search
64bit,https://www.cyotek.com/blog/rss
64bit,https://www.cyotek.com/donate
64bit,https://www.cyotek.com/sitemap
64bit,https://www.cyotek.com/cyotek-palette-editor
64bit,https://www.cyotek.com/cyotek-sitemap-creator
64bit,https://www.cyotek.com/blog/products/introducing-64bit-builds
64bit,https://www.cyotek.com/cyotek-webcopy
64bit,https://www.cyotek.com/blog
64bit,https://www.cyotek.com/rss
64bit,https://www.cyotek.com/blog/products
64bit,https://www.cyotek.com/blog/products/introducing-webview2-support-part-1
64bit,https://www.cyotek.com/cyotek-gif-animator
64bit,https://www.cyotek.com/cyotek-copytools
64bit,https://www.cyotek.com/blog/products/crowdstrike-falcon-false-positives
64bit,https://www.cyotek.com/privacy-policy
64bit,https://www.cyotek.com/terms-of-use
64bit,https://www.cyotek.com/cyotek-slicr
64bit,https://www.cyotek.com/downloads
64bit,https://www.cyotek.com/copyright-and-trademarks
builds,https://www.cyotek.com/blog/resolving-svn-error-could-not-open-the-requested-svn-filesystem
builds,https://support.cyotek.com
builds,https://www.cyotek.com/blog/tools-we-use-2023-edition
builds,https://www.cyotek.com/open-source
builds,https://www.cyotek.com
builds,https://www.cyotek.com/products
builds,https://www.cyotek.com/jewel-rush
builds,https://www.cyotek.com/cyotek-nbt-editor
builds,https://www.cyotek.com/
builds,https://www.cyotek.com/contact
builds,https://www.cyotek.com/about
builds,https://www.cyotek.com/blog/tools-we-use-2024-edition
builds,https://www.cyotek.com/source-code
builds,https://www.cyotek.com/cyotek-spriter
builds,https://www.cyotek.com/search
builds,https://www.cyotek.com/blog/rss
builds,https://www.cyotek.com/donate
builds,https://www.cyotek.com/sitemap
builds,https://www.cyotek.com/cyotek-palette-editor
builds,https://www.cyotek.com/cyotek-sitemap-creator
builds,https://www.cyotek.com/blog/products/introducing-64bit-builds
builds,https://www.cyotek.com/cyotek-webcopy
builds,https://www.cyotek.com/blog
builds,https://www.cyotek.com/rss
builds,https://www.cyotek.com/blog/products
builds,https://www.cyotek.com/blog/products/introducing-webview2-support-part-1
builds,https://www.cyotek.com/cyotek-gif-animator
builds,https://www.cyotek.com/cyotek-copytools
builds,https://www.cyotek.com/blog/products/crowdstrike-falcon-false-positives
builds,https://www.cyotek.com/privacy-policy
builds,https://www.cyotek.com/terms-of-use
builds,https://www.cyotek.com/cyotek-slicr
builds,https://www.cyotek.com/downloads
builds,https://www.cyotek.com/copyright-and-trademarks
30,https://www.cyotek.com/blog/resolving-svn-error-could-not-open-the-requested-svn-filesystem
30,https://www.cyotek.com/blog/tools-we-use-2023-edition
30,https://www.cyotek.com/open-source
30,https://www.cyotek.com
30,https://www.cyotek.com/products
30,https://www.cyotek.com/jewel-rush
30,https://www.cyotek.com/cyotek-nbt-editor
30,https://www.cyotek.com/
30,https://www.cyotek.com/contact
30,https://www.cyotek.com/about
30,https://www.cyotek.com/blog/tools-we-use-2024-edition
30,https://www.cyotek.com/source-code
30,https://www.cyotek.com/cyotek-spriter
30,https://www.cyotek.com/search
30,https://www.cyotek.com/blog/rss
30,https://www.cyotek.com/donate
30,https://www.cyotek.com/sitemap
30,https://www.cyotek.com/cyotek-palette-editor
30,https://www.cyotek.com/cyotek-sitemap-creator
30,https://www.cyotek.com/blog/products/introducing-64bit-builds
30,https://www.cyotek.com/cyotek-webcopy
30,https://www.cyotek.com/blog
30,https://www.cyotek.com/rss
30,https://www.cyotek.com/blog/products
30,https://www.cyotek.com/blog/products/introducing-webview2-support-part-1
30,https://www.cyotek.com/cyotek-gif-animator
30,https://www.cyotek.com/cyotek-copytools
30,https://www.cyotek.com/blog/products/crowdstrike-falcon-false-positives
30,https://www.cyotek.com/privacy-policy
30,https://www.cyotek.com/terms-of-use
30,https://www.cyotek.com/cyotek-slicr
30,https://www.cyotek.com/downloads
30,https://www.cyotek.com/copyright-and-trademarks
updates,https://www.cyotek.com
updates,https://www.cyotek.com/products
updates,https://www.cyotek.com/blog/tools-we-use-2023-edition
updates,https://www.cyotek.com/
updates,https://www.cyotek.com/blog/tools-we-use-2024-edition
updates,https://www.cyotek.com/rss
updates,https://www.cyotek.com/blog/rss
1.9.1.872,https://www.cyotek.com
1.9.1.872,https://www.cyotek.com/
1.9.1.872,https://www.cyotek.com/products
1.9.1.872,https://www.cyotek.com/downloads
04,https://www.cyotek.com/blog/resolving-svn-error-could-not-open-the-requested-svn-filesystem
04,https://www.cyotek.com/blog/tools-we-use-2023-edition
04,https://www.cyotek.com/open-source
04,https://www.cyotek.com
04,https://www.cyotek.com/products
04,https://www.cyotek.com/jewel-rush
04,https://www.cyotek.com/cyotek-nbt-editor
04,https://www.cyotek.com/
04,https://www.cyotek.com/contact
04,https://www.cyotek.com/about
04,https://www.cyotek.com/blog/tools-we-use-2024-edition
04,https://www.cyotek.com/source-code
04,https://www.cyotek.com/cyotek-spriter
04,https://www.cyotek.com/search
04,https://www.cyotek.com/blog/rss
04,https://www.cyotek.com/donate
04,https://www.cyotek.com/sitemap
04,https://www.cyotek.com/cyotek-palette-editor
04,https://www.cyotek.com/cyotek-sitemap-creator
04,https://www.cyotek.com/blog/products/introducing-64bit-builds
04,https://www.cyotek.com/cyotek-webcopy
04,https://www.cyotek.com/blog
04,https://www.cyotek.com/rss
04,https://www.cyotek.com/blog/products
04,https://www.cyotek.com/blog/products/introducing-webview2-support-part-1
04,https://www.cyotek.com/cyotek-gif-animator
04,https://www.cyotek.com/cyotek-copytools
04,https://www.cyotek.com/blog/products/crowdstrike-falcon-false-positives
04,https://www.cyotek.com/privacy-policy
04,https://www.cyotek.com/terms-of-use
04,https://www.cyotek.com/cyotek-slicr
04,https://www.cyotek.com/downloads
04,https://www.cyotek.com/copyright-and-trademarks
september,https://www.cyotek.com/blog/resolving-svn-error-could-not-open-the-requested-svn-filesystem
september,https://www.cyotek.com/blog/tools-we-use-2023-edition
september,https://www.cyotek.com/open-source
september,https://www.cyotek.com
september,https://www.cyotek.com/products
september,https://www.cyotek.com/jewel-rush
september,https://www.cyotek.com/cyotek-nbt-editor
september,https://www.cyotek.com/
september,https://www.cyotek.com/contact
september,https://www.cyotek.com/about
september,https://www.cyotek.com/blog/tools-we-use-2024-edition
september,https://www.cyotek.com/source-code
september,https://www.cyotek.com/cyotek-spriter
september,https://www.cyotek.com/search
september,https://www.cyotek.com/blog/rss
september,https://www.cyotek.com/donate
september,https://www.cyotek.com/sitemap
september,https://www.cyotek.com/cyotek-palette-editor
september,https://www.cyotek.com/cyotek-sitemap-creator
september,https://www.cyotek.com/blog/products/introducing-64bit-builds
september,https://www.cyotek.com/cyotek-webcopy
september,https://www.cyotek.com/blog
september,https://www.cyotek.com/rss
september,https://www.cyotek.com/blog/products
september,https://www.cyotek.com/blog/products/introducing-webview2-support-part-1
september,https://www.cyotek.com/cyotek-gif-animator
september,https://www.cyotek.com/cyotek-copytools
september,https://www.cyotek.com/blog/products/crowdstrike-falcon-false-positives
september,https://www.cyotek.com/privacy-policy
september,https://www.cyotek.com/terms-of-use
september,https://www.cyotek.com/cyotek-slicr
september,https://www.cyotek.com/downloads
september,https://www.cyotek.com/copyright-and-trademarks
1.7.0.411,https://www.cyotek.com
1.7.0.411,https://www.cyotek.com/
1.7.0.411,https://www.cyotek.com/products
1.7.0.411,https://www.cyotek.com/downloads
08,https://www.cyotek.com
08,https://www.cyotek.com/products
08,https://www.cyotek.com/
08,https://www.cyotek.com/rss
08,https://www.cyotek.com/blog/rss
june,https://www.cyotek.com/blog/resolving-svn-error-could-not-open-the-requested-svn-filesystem
june,https://www.cyotek.com/blog/tools-we-use-2023-edition
june,https://www.cyotek.com/open-source
june,https://www.cyotek.com
june,https://www.cyotek.com/products
june,https://www.cyotek.com/jewel-rush
june,https://www.cyotek.com/cyotek-nbt-editor
june,https://www.cyotek.com/
june,https://www.cyotek.com/contact
june,https://www.cyotek.com/about
june,https://www.cyotek.com/blog/tools-we-use-2024-edition
june,https://www.cyotek.com/source-code
june,https://www.cyotek.com/cyotek-spriter
june,https://www.cyotek.com/search
june,https://www.cyotek.com/donate
june,https://www.cyotek.com/sitemap
june,https://www.cyotek.com/cyotek-palette-editor
june,https://www.cyotek.com/cyotek-sitemap-creator
june,https://www.cyotek.com/blog/products/introducing-64bit-builds
june,https://www.cyotek.com/cyotek-webcopy
june,https://www.cyotek.com/blog
june,https://www.cyotek.com/rss
june,https://www.cyotek.com/blog/products
june,https://www.cyotek.com/blog/products/introducing-webview2-support-part-1
june,https://www.cyotek.com/cyotek-gif-animator
june,https://www.cyotek.com/cyotek-copytools
june,https://www.cyotek.com/blog/products/crowdstrike-falcon-false-positives
june,https://www.cyotek.com/privacy-policy
june,https://www.cyotek.com/terms-of-use
june,https://www.cyotek.com/cyotek-slicr
june,https://www.cyotek.com/downloads
june,https://www.cyotek.com/copyright-and-trademarks
1.3.0.169,https://www.cyotek.com
1.3.0.169,https://www.cyotek.com/
1.3.0.169,https://www.cyotek.com/products
15,https://www.cyotek.com
15,https://www.cyotek.com/products
15,https://www.cyotek.com/
15,https://www.cyotek.com/rss
15,https://www.cyotek.com/blog/rss
privacy,https://www.cyotek.com/blog/resolving-svn-error-could-not-open-the-requested-svn-filesystem
privacy,https://support.cyotek.com
privacy,https://www.cyotek.com/blog/tools-we-use-2023-edition
privacy,https://www.cyotek.com/open-source
privacy,https://www.cyotek.com
privacy,https://www.cyotek.com/products
privacy,https://www.cyotek.com/jewel-rush
privacy,https://www.cyotek.com/cyotek-nbt-editor
privacy,https://www.cyotek.com/
privacy,https://www.cyotek.com/contact
privacy,https://www.cyotek.com/about
privacy,https://www.cyotek.com/blog/tools-we-use-2024-edition
privacy,https://www.cyotek.com/source-code
privacy,https://www.cyotek.com/cyotek-spriter
privacy,https://www.cyotek.com/search
privacy,https://www.cyotek.com/donate
privacy,https://www.cyotek.com/sitemap
privacy,https://www.cyotek.com/cyotek-palette-editor
privacy,https://www.cyotek.com/cyotek-sitemap-creator
privacy,https://www.cyotek.com/blog/products/introducing-64bit-builds
privacy,https://www.cyotek.com/cyotek-webcopy
privacy,https://www.cyotek.com/blog
privacy,https://www.cyotek.com/blog/products
privacy,https://www.cyotek.com/blog/products/introducing-webview2-support-part-1
privacy,https://www.cyotek.com/cyotek-gif-animator
privacy,https://www.cyotek.com/cyotek-copytools
privacy,https://www.cyotek.com/blog/products/crowdstrike-falcon-false-positives
privacy,https://www.cyotek.com/privacy-policy
privacy,https://www.cyotek.com/terms-of-use
privacy,https://www.cyotek.com/cyotek-slicr
privacy,https://www.cyotek.com/downloads
privacy,https://www.cyotek.com/copyright-and-trademarks
policy,https://www.cyotek.com/blog/resolving-svn-error-could-not-open-the-requested-svn-filesystem
policy,https://support.cyotek.com
policy,https://www.cyotek.com/blog/tools-we-use-2023-edition
policy,https://www.cyotek.com/open-source
policy,https://www.cyotek.com
policy,https://www.cyotek.com/products
policy,https://www.cyotek.com/jewel-rush
policy,https://www.cyotek.com/cyotek-nbt-editor
policy,https://www.cyotek.com/
policy,https://www.cyotek.com/contact
policy,https://www.cyotek.com/about
policy,https://www.cyotek.com/blog/tools-we-use-2024-edition
policy,https://www.cyotek.com/source-code
policy,https://www.cyotek.com/cyotek-spriter
policy,https://www.cyotek.com/search
policy,https://www.cyotek.com/blog/rss
policy,https://www.cyotek.com/donate
policy,https://www.cyotek.com/sitemap
policy,https://www.cyotek.com/cyotek-palette-editor
policy,https://www.cyotek.com/cyotek-sitemap-creator
policy,https://www.cyotek.com/blog/products/introducing-64bit-builds
policy,https://www.cyotek.com/cyotek-webcopy
policy,https://www.cyotek.com/blog
policy,https://www.cyotek.com/rss
policy,https://www.cyotek.com/blog/products
policy,https://www.cyotek.com/blog/products/introducing-webview2-support-part-1
policy,https://www.cyotek.com/cyotek-gif-animator
policy,https://www.cyotek.com/cyotek-copytools
policy,https://www.cyotek.com/blog/products/crowdstrike-falcon-false-positives
policy,https://www.cyotek.com/privacy-policy
policy,https://www.cyotek.com/terms-of-use
policy,https://www.cyotek.com/cyotek-slicr
policy,https://www.cyotek.com/downloads
policy,https://www.cyotek.com/copyright-and-trademarks
terms,https://www.cyotek.com/blog/resolving-svn-error-could-not-open-the-requested-svn-filesystem
terms,https://support.cyotek.com
terms,https://www.cyotek.com/blog/tools-we-use-2023-edition
terms,https://www.cyotek.com/open-source
terms,https://www.cyotek.com
terms,https://www.cyotek.com/products
terms,https://www.cyotek.com/jewel-rush
terms,https://www.cyotek.com/cyotek-nbt-editor
terms,https://www.cyotek.com/
terms,https://www.cyotek.com/contact
terms,https://www.cyotek.com/about
terms,https://www.cyotek.com/blog/tools-we-use-2024-edition
terms,https://www.cyotek.com/source-code
terms,https://www.cyotek.com/cyotek-spriter
terms,https://www.cyotek.com/search
terms,https://www.cyotek.com/blog/rss
terms,https://www.cyotek.com/donate
terms,https://www.cyotek.com/sitemap
terms,https://www.cyotek.com/cyotek-palette-editor
terms,https://www.cyotek.com/cyotek-sitemap-creator
terms,https://www.cyotek.com/blog/products/introducing-64bit-builds
terms,https://www.cyotek.com/cyotek-webcopy
terms,https://www.cyotek.com/blog
terms,https://www.cyotek.com/rss
terms,https://www.cyotek.com/blog/products
terms,https://www.cyotek.com/blog/products/introducing-webview2-support-part-1
terms,https://www.cyotek.com/cyotek-gif-animator
terms,https://www.cyotek.com/cyotek-copytools
terms,https://www.cyotek.com/blog/products/crowdstrike-falcon-false-positives
terms,https://www.cyotek.com/privacy-policy
terms,https://www.cyotek.com/terms-of-use
terms,https://www.cyotek.com/cyotek-slicr
terms,https://www.cyotek.com/downloads
terms,https://www.cyotek.com/copyright-and-trademarks
trademarks,https://www.cyotek.com/blog/resolving-svn-error-could-not-open-the-requested-svn-filesystem
trademarks,https://support.cyotek.com
trademarks,https://www.cyotek.com/blog/tools-we-use-2023-edition
trademarks,https://www.cyotek.com/open-source
trademarks,https://www.cyotek.com
trademarks,https://www.cyotek.com/products
trademarks,https://www.cyotek.com/jewel-rush
trademarks,https://www.cyotek.com/cyotek-nbt-editor
trademarks,https://www.cyotek.com/
trademarks,https://www.cyotek.com/contact
trademarks,https://www.cyotek.com/about
trademarks,https://www.cyotek.com/blog/tools-we-use-2024-edition
trademarks,https://www.cyotek.com/source-code
trademarks,https://www.cyotek.com/cyotek-spriter
trademarks,https://www.cyotek.com/search
trademarks,https://www.cyotek.com/donate
trademarks,https://www.cyotek.com/sitemap
trademarks,https://www.cyotek.com/cyotek-palette-editor
trademarks,https://www.cyotek.com/cyotek-sitemap-creator
trademarks,https://www.cyotek.com/blog/products/introducing-64bit-builds
trademarks,https://www.cyotek.com/cyotek-webcopy
trademarks,https://www.cyotek.com/blog
trademarks,https://www.cyotek.com/blog/products
trademarks,https://www.cyotek.com/blog/products/introducing-webview2-support-part-1
trademarks,https://www.cyotek.com/cyotek-gif-animator
trademarks,https://www.cyotek.com/cyotek-copytools
trademarks,https://www.cyotek.com/blog/products/crowdstrike-falcon-false-positives
trademarks,https://www.cyotek.com/privacy-policy
trademarks,https://www.cyotek.com/terms-of-use
trademarks,https://www.cyotek.com/cyotek-slicr
trademarks,https://www.cyotek.com/downloads
trademarks,https://www.cyotek.com/copyright-and-trademarks
contact,https://www.cyotek.com/blog/resolving-svn-error-could-not-open-the-requested-svn-filesystem
contact,https://www.cyotek.com/blog/tools-we-use-2023-edition
contact,https://www.cyotek.com/open-source
contact,https://www.cyotek.com
contact,https://www.cyotek.com/products
contact,https://www.cyotek.com/jewel-rush
contact,https://www.cyotek.com/cyotek-nbt-editor
contact,https://www.cyotek.com/
contact,https://www.cyotek.com/contact
contact,https://www.cyotek.com/about
contact,https://www.cyotek.com/blog/tools-we-use-2024-edition
contact,https://www.cyotek.com/source-code
contact,https://www.cyotek.com/cyotek-spriter
contact,https://www.cyotek.com/search
contact,https://www.cyotek.com/blog/rss
contact,https://www.cyotek.com/donate
contact,https://www.cyotek.com/sitemap
contact,https://www.cyotek.com/cyotek-palette-editor
contact,https://www.cyotek.com/cyotek-sitemap-creator
contact,https://www.cyotek.com/blog/products/introducing-64bit-builds
contact,https://www.cyotek.com/cyotek-webcopy
contact,https://www.cyotek.com/blog
contact,https://www.cyotek.com/rss
contact,https://www.cyotek.com/blog/products
contact,https://www.cyotek.com/blog/products/introducing-webview2-support-part-1
contact,https://www.cyotek.com/cyotek-gif-animator
contact,https://www.cyotek.com/cyotek-copytools
contact,https://www.cyotek.com/blog/products/crowdstrike-falcon-false-positives
contact,https://www.cyotek.com/privacy-policy
contact,https://www.cyotek.com/terms-of-use
contact,https://www.cyotek.com/cyotek-slicr
contact,https://www.cyotek.com/downloads
contact,https://www.cyotek.com/copyright-and-trademarks
us,https://www.cyotek.com/blog/resolving-svn-error-could-not-open-the-requested-svn-filesystem
us,https://www.cyotek.com/blog/tools-we-use-2023-edition
us,https://www.cyotek.com/open-source
us,https://www.cyotek.com
us,https://www.cyotek.com/products
us,https://www.cyotek.com/jewel-rush
us,https://www.cyotek.com/cyotek-nbt-editor
us,https://www.cyotek.com/
us,https://www.cyotek.com/contact
us,https://www.cyotek.com/about
us,https://www.cyotek.com/blog/tools-we-use-2024-edition
us,https://www.cyotek.com/source-code
us,https://www.cyotek.com/cyotek-spriter
us,https://www.cyotek.com/search
us,https://www.cyotek.com/blog/rss
us,https://www.cyotek.com/donate
us,https://www.cyotek.com/sitemap
us,https://www.cyotek.com/cyotek-palette-editor
us,https://www.cyotek.com/cyotek-sitemap-creator
us,https://www.cyotek.com/blog/products/introducing-64bit-builds
us,https://www.cyotek.com/cyotek-webcopy
us,https://www.cyotek.com/blog
us,https://www.cyotek.com/rss
us,https://www.cyotek.com/blog/products
us,https://www.cyotek.com/blog/products/introducing-webview2-support-part-1
us,https://www.cyotek.com/cyotek-gif-animator
us,https://www.cyotek.com/cyotek-copytools
us,https://www.cyotek.com/blog/products/crowdstrike-falcon-false-positives
us,https://www.cyotek.com/privacy-policy
us,https://www.cyotek.com/terms-of-use
us,https://www.cyotek.com/cyotek-slicr
us,https://www.cyotek.com/downloads
us,https://www.cyotek.com/copyright-and-trademarks
search,https://www.cyotek.com/blog/resolving-svn-error-could-not-open-the-requested-svn-filesystem
search,https://www.cyotek.com/blog/tools-we-use-2023-edition
search,https://www.cyotek.com/open-source
search,https://www.cyotek.com
search,https://www.cyotek.com/products
search,https://www.cyotek.com/jewel-rush
search,https://www.cyotek.com/cyotek-nbt-editor
search,https://www.cyotek.com/
search,https://www.cyotek.com/contact
search,https://www.cyotek.com/about
search,https://www.cyotek.com/blog/tools-we-use-2024-edition
search,https://www.cyotek.com/source-code
search,https://www.cyotek.com/cyotek-spriter
search,https://www.cyotek.com/search
search,https://www.cyotek.com/blog/rss
search,https://www.cyotek.com/donate
search,https://www.cyotek.com/sitemap
search,https://www.cyotek.com/cyotek-palette-editor
search,https://www.cyotek.com/cyotek-sitemap-creator
search,https://www.cyotek.com/blog/products/introducing-64bit-builds
search,https://www.cyotek.com/cyotek-webcopy
search,https://www.cyotek.com/blog
search,https://www.cyotek.com/rss
search,https://www.cyotek.com/blog/products
search,https://www.cyotek.com/blog/products/introducing-webview2-support-part-1
search,https://www.cyotek.com/cyotek-gif-animator
search,https://www.cyotek.com/cyotek-copytools
search,https://www.cyotek.com/blog/products/crowdstrike-falcon-false-positives
search,https://www.cyotek.com/privacy-policy
search,https://www.cyotek.com/terms-of-use
search,https://www.cyotek.com/cyotek-slicr
search,https://www.cyotek.com/downloads
search,https://www.cyotek.com/copyright-and-trademarks
docs,https://www.cyotek.com/blog/resolving-svn-error-could-not-open-the-requested-svn-filesystem
docs,https://www.cyotek.com/blog/tools-we-use-2023-edition
docs,https://www.cyotek.com/open-source
docs,https://www.cyotek.com
docs,https://www.cyotek.com/products
docs,https://www.cyotek.com/jewel-rush
docs,https://www.cyotek.com/cyotek-nbt-editor
docs,https://www.cyotek.com/
docs,https://www.cyotek.com/contact
docs,https://www.cyotek.com/about
docs,https://www.cyotek.com/blog/tools-we-use-2024-edition
docs,https://www.cyotek.com/source-code
docs,https://www.cyotek.com/cyotek-spriter
docs,https://www.cyotek.com/search
docs,https://www.cyotek.com/donate
docs,https://www.cyotek.com/sitemap
docs,https://www.cyotek.com/cyotek-palette-editor
docs,https://www.cyotek.com/cyotek-sitemap-creator
docs,https://www.cyotek.com/blog/products/introducing-64bit-builds
docs,https://www.cyotek.com/cyotek-webcopy
docs,https://www.cyotek.com/blog
docs,https://www.cyotek.com/blog/products
docs,https://www.cyotek.com/blog/products/introducing-webview2-support-part-1
docs,https://www.cyotek.com/cyotek-gif-animator
docs,https://www.cyotek.com/cyotek-copytools
docs,https://www.cyotek.com/blog/products/crowdstrike-falcon-false-positives
docs,https://www.cyotek.com/privacy-policy
docs,https://www.cyotek.com/terms-of-use
docs,https://www.cyotek.com/cyotek-slicr
docs,https://www.cyotek.com/downloads
docs,https://www.cyotek.com/copyright-and-trademarks
donate,https://www.cyotek.com/blog/resolving-svn-error-could-not-open-the-requested-svn-filesystem
donate,https://www.cyotek.com/blog/tools-we-use-2023-edition
donate,https://www.cyotek.com/open-source
donate,https://www.cyotek.com
donate,https://www.cyotek.com/products
donate,https://www.cyotek.com/jewel-rush
donate,https://www.cyotek.com/cyotek-nbt-editor
donate,https://www.cyotek.com/
donate,https://www.cyotek.com/contact
donate,https://www.cyotek.com/about
donate,https://www.cyotek.com/blog/tools-we-use-2024-edition
donate,https://www.cyotek.com/source-code
donate,https://www.cyotek.com/cyotek-spriter
donate,https://www.cyotek.com/search
donate,https://www.cyotek.com/donate
donate,https://www.cyotek.com/sitemap
donate,https://www.cyotek.com/cyotek-palette-editor
donate,https://www.cyotek.com/cyotek-sitemap-creator
donate,https://www.cyotek.com/blog/products/introducing-64bit-builds
donate,https://www.cyotek.com/cyotek-webcopy
donate,https://www.cyotek.com/blog
donate,https://www.cyotek.com/rss
donate,https://www.cyotek.com/blog/products
donate,https://www.cyotek.com/blog/products/introducing-webview2-support-part-1
donate,https://www.cyotek.com/cyotek-gif-animator
donate,https://www.cyotek.com/cyotek-copytools
donate,https://www.cyotek.com/blog/products/crowdstrike-falcon-false-positives
donate,https://www.cyotek.com/privacy-policy
donate,https://www.cyotek.com/terms-of-use
donate,https://www.cyotek.com/cyotek-slicr
donate,https://www.cyotek.com/downloads
donate,https://www.cyotek.com/copyright-and-trademarks
rss,https://www.cyotek.com/blog/resolving-svn-error-could-not-open-the-requested-svn-filesystem
rss,https://www.cyotek.com/blog/tools-we-use-2023-edition
rss,https://www.cyotek.com/open-source
rss,https://www.cyotek.com
rss,https://www.cyotek.com/products
rss,https://www.cyotek.com/jewel-rush
rss,https://www.cyotek.com/cyotek-nbt-editor
rss,https://www.cyotek.com/
rss,https://www.cyotek.com/contact
rss,https://www.cyotek.com/about
rss,https://www.cyotek.com/blog/tools-we-use-2024-edition
rss,https://www.cyotek.com/source-code
rss,https://www.cyotek.com/cyotek-spriter
rss,https://www.cyotek.com/search
rss,https://www.cyotek.com/blog/rss
rss,https://www.cyotek.com/donate
rss,https://www.cyotek.com/sitemap
rss,https://www.cyotek.com/cyotek-palette-editor
rss,https://www.cyotek.com/cyotek-sitemap-creator
rss,https://www.cyotek.com/blog/products/introducing-64bit-builds
rss,https://www.cyotek.com/cyotek-webcopy
rss,https://www.cyotek.com/blog
rss,https://www.cyotek.com/rss
rss,https://www.cyotek.com/blog/products
rss,https://www.cyotek.com/blog/products/introducing-webview2-support-part-1
rss,https://www.cyotek.com/cyotek-gif-animator
rss,https://www.cyotek.com/cyotek-copytools
rss,https://www.cyotek.com/blog/products/crowdstrike-falcon-false-positives
rss,https://www.cyotek.com/privacy-policy
rss,https://www.cyotek.com/terms-of-use
rss,https://www.cyotek.com/cyotek-slicr
rss,https://www.cyotek.com/downloads
rss,https://www.cyotek.com/copyright-and-trademarks
2009-2024,https://www.cyotek.com/blog/resolving-svn-error-could-not-open-the-requested-svn-filesystem
2009-2024,https://www.cyotek.com/blog/tools-we-use-2023-edition
2009-2024,https://www.cyotek.com/open-source
2009-2024,https://www.cyotek.com
2009-2024,https://www.cyotek.com/products
2009-2024,https://www.cyotek.com/jewel-rush
2009-2024,https://www.cyotek.com/cyotek-nbt-editor
2009-2024,https://www.cyotek.com/
2009-2024,https://www.cyotek.com/contact
2009-2024,https://www.cyotek.com/about
2009-2024,https://www.cyotek.com/blog/tools-we-use-2024-edition
2009-2024,https://www.cyotek.com/source-code
2009-2024,https://www.cyotek.com/cyotek-spriter
2009-2024,https://www.cyotek.com/search
2009-2024,https://www.cyotek.com/blog/rss
2009-2024,https://www.cyotek.com/donate
2009-2024,https://www.cyotek.com/sitemap
2009-2024,https://www.cyotek.com/cyotek-palette-editor
2009-2024,https://www.cyotek.com/cyotek-sitemap-creator
2009-2024,https://www.cyotek.com/blog/products/introducing-64bit-builds
2009-2024,https://www.cyotek.com/cyotek-webcopy
2009-2024,https://www.cyotek.com/blog
2009-2024,https://www.cyotek.com/rss
2009-2024,https://www.cyotek.com/blog/products
2009-2024,https://www.cyotek.com/blog/products/introducing-webview2-support-part-1
2009-2024,https://www.cyotek.com/cyotek-gif-animator
2009-2024,https://www.cyotek.com/cyotek-copytools
2009-2024,https://www.cyotek.com/blog/products/crowdstrike-falcon-false-positives
2009-2024,https://www.cyotek.com/privacy-policy
2009-2024,https://www.cyotek.com/terms-of-use
2009-2024,https://www.cyotek.com/cyotek-slicr
2009-2024,https://www.cyotek.com/downloads
2009-2024,https://www.cyotek.com/copyright-and-trademarks
generally,https://demo.cyotek.com/statuscodes/index.php
generally,https://www.cyotek.com/rss
generally,https://www.cyotek.com/blog/rss
special,https://demo.cyotek.com/statuscodes/index.php
special,https://demo.cyotek.com/features/index.php
special,https://www.cyotek.com/rss
special,https://www.cyotek.com/blog/rss
meaning,https://demo.cyotek.com/statuscodes/index.php
meaning,https://www.cyotek.com/rss
meaning,https://www.cyotek.com/blog/rss
during,https://www.cyotek.com/cyotek-gif-animator
during,https://demo.cyotek.com/statuscodes/index.php
during,https://www.cyotek.com/rss
during,https://www.cyotek.com/blog/rss
"crawl,",https://demo.cyotek.com/statuscodes/index.php
"crawl,",https://www.cyotek.com/rss
redirecting,https://demo.cyotek.com/statuscodes/index.php
redirecting,https://www.cyotek.com/rss
redirecting,https://www.cyotek.com/blog/rss
another,https://demo.cyotek.com/statuscodes/3xx/303.php
another,https://demo.cyotek.com/css/import.php
another,https://demo.cyotek.com/statuscodes/index.php
another,https://www.cyotek.com/blog/tools-we-use-2023-edition
another,https://demo.cyotek.com/javascript/uritransform.php
another,https://www.cyotek.com/blog/tools-we-use-2024-edition
another,https://demo.cyotek.com/statuscodes/3xx/307.php
another,https://www.cyotek.com/rss
another,https://www.cyotek.com/blog/rss
"resource,",https://demo.cyotek.com/statuscodes/index.php
"resource,",https://www.cyotek.com/rss
"resource,",https://demo.cyotek.com/statuscodes/3xx/304.php
prompting,https://demo.cyotek.com/statuscodes/index.php
prompting,https://www.cyotek.com/rss
prompting,https://www.cyotek.com/blog/rss
"credentials,",https://demo.cyotek.com/statuscodes/index.php
"credentials,",https://www.cyotek.com/rss
"credentials,",https://www.cyotek.com/blog/rss
handling,https://www.cyotek.com/blog/products
handling,https://demo.cyotek.com/statuscodes/index.php
handling,https://www.cyotek.com/source-code
handling,https://www.cyotek.com/rss
handling,https://www.cyotek.com/blog/rss
some,https://www.cyotek.com/blog/products/introducing-webview2-support-part-1
some,https://www.cyotek.com/blog/resolving-svn-error-could-not-open-the-requested-svn-filesystem
some,https://www.cyotek.com/blog/rss
some,https://demo.cyotek.com/statuscodes/index.php
some,https://demo.cyotek.com/changelog.php
some,https://demo.cyotek.com/css/datauri.php
some,https://www.cyotek.com/blog/products/crowdstrike-falcon-false-positives
some,https://www.cyotek.com/blog/tools-we-use-2023-edition
some,https://www.cyotek.com/blog/products/introducing-64bit-builds
some,https://www.cyotek.com/privacy-policy
some,https://support.cyotek.com
some,https://www.cyotek.com/blog
some,https://www.cyotek.com/blog/tools-we-use-2024-edition
some,https://www.cyotek.com/source-code
some,https://demo.cyotek.com/about.php
some,https://www.cyotek.com/rss
some,https://www.cyotek.com/blog/products
form,https://demo.cyotek.com/html/index.php
form,https://demo.cyotek.com/statuscodes/index.php
form,https://www.cyotek.com/privacy-policy
form,https://www.cyotek.com/cyotek-webcopy
form,https://www.cyotek.com/source-code
form,https://demo.cyotek.com/about.php
form,https://www.cyotek.com/rss
form,https://www.cyotek.com/copyright-and-trademarks
form,https://www.cyotek.com/blog/rss
failure.,https://demo.cyotek.com/statuscodes/index.php
4xx,https://demo.cyotek.com/statuscodes/3xx/303.php
4xx,https://demo.cyotek.com/statuscodes/3xx/301.php
4xx,https://demo.cyotek.com/statuscodes/3xx/302.php
4xx,https://demo.cyotek.com/statuscodes/index.php
4xx,https://demo.cyotek.com/statuscodes/3xx/304.php
4xx,https://demo.cyotek.com/statuscodes/3xx/307.php
5xx,https://demo.cyotek.com/statuscodes/3xx/303.php
5xx,https://demo.cyotek.com/statuscodes/3xx/301.php
5xx,https://demo.cyotek.com/statuscodes/3xx/302.php
5xx,https://demo.cyotek.com/statuscodes/index.php
5xx,https://demo.cyotek.com/statuscodes/3xx/304.php
5xx,https://demo.cyotek.com/statuscodes/3xx/307.php
series,https://www.cyotek.com/blog/resolving-svn-error-could-not-open-the-requested-svn-filesystem
series,https://www.cyotek.com/blog/tools-we-use-2023-edition
series,https://www.cyotek.com/open-source
series,https://www.cyotek.com/products
series,https://www.cyotek.com/jewel-rush
series,https://demo.cyotek.com/statuscodes/index.php
series,https://www.cyotek.com/cyotek-nbt-editor
series,https://www.cyotek.com/contact
series,https://www.cyotek.com/about
series,https://www.cyotek.com/blog/tools-we-use-2024-edition
series,https://www.cyotek.com/source-code
series,https://www.cyotek.com/cyotek-spriter
series,https://www.cyotek.com/search
series,https://www.cyotek.com/blog/rss
series,https://www.cyotek.com/donate
series,https://www.cyotek.com/sitemap
series,https://www.cyotek.com/cyotek-palette-editor
series,https://www.cyotek.com/cyotek-sitemap-creator
series,https://www.cyotek.com/blog/products/introducing-64bit-builds
series,https://www.cyotek.com/cyotek-webcopy
series,https://www.cyotek.com/blog
series,https://www.cyotek.com/rss
series,https://www.cyotek.com/blog/products
series,https://www.cyotek.com/blog/products/introducing-webview2-support-part-1
series,https://www.cyotek.com/cyotek-gif-animator
series,https://www.cyotek.com/cyotek-copytools
series,https://www.cyotek.com/blog/products/crowdstrike-falcon-false-positives
series,https://www.cyotek.com/privacy-policy
series,https://www.cyotek.com/terms-of-use
series,https://www.cyotek.com/cyotek-slicr
series,https://www.cyotek.com/downloads
series,https://www.cyotek.com/copyright-and-trademarks
deal,https://demo.cyotek.com/statuscodes/index.php
deal,https://www.cyotek.com/blog/tools-we-use-2024-edition
deal,https://www.cyotek.com/rss
deal,https://www.cyotek.com/blog/rss
"errors,",https://demo.cyotek.com/statuscodes/index.php
"errors,",https://www.cyotek.com/rss
"errors,",https://www.cyotek.com/blog/rss
hyper-links,https://demo.cyotek.com/statuscodes/index.php
hyper-links,https://www.cyotek.com/rss
hyper-links,https://www.cyotek.com/blog/rss
these,https://www.cyotek.com/blog/products/introducing-webview2-support-part-1
these,https://www.cyotek.com/blog/resolving-svn-error-could-not-open-the-requested-svn-filesystem
these,https://www.cyotek.com/blog/rss
these,https://demo.cyotek.com/statuscodes/index.php
these,https://www.cyotek.com/blog/tools-we-use-2023-edition
these,https://www.cyotek.com/blog/products/crowdstrike-falcon-false-positives
these,https://support.cyotek.com
these,https://www.cyotek.com/blog/products/introducing-64bit-builds
these,https://www.cyotek.com/privacy-policy
these,https://www.cyotek.com/blog
these,https://demo.cyotek.com/javascript/uritransform.php
these,https://www.cyotek.com/about
these,https://www.cyotek.com/blog/tools-we-use-2024-edition
these,https://www.cyotek.com/source-code
these,https://www.cyotek.com/terms-of-use
these,https://www.cyotek.com/downloads
these,https://www.cyotek.com/rss
these,https://www.cyotek.com/blog/products
pages,https://www.cyotek.com/blog/products/introducing-webview2-support-part-1
pages,https://www.cyotek.com/blog/resolving-svn-error-could-not-open-the-requested-svn-filesystem
pages,https://www.cyotek.com/blog/rss
pages,https://www.cyotek.com/products
pages,https://www.cyotek.com/cyotek-sitemap-creator
pages,https://demo.cyotek.com/statuscodes/index.php
pages,https://demo.cyotek.com/changelog.php
pages,https://www.cyotek.com/blog/products/crowdstrike-falcon-false-positives
pages,https://www.cyotek.com/blog/tools-we-use-2023-edition
pages,https://www.cyotek.com/blog/products/introducing-64bit-builds
pages,https://www.cyotek.com/privacy-policy
pages,https://www.cyotek.com/cyotek-webcopy
pages,https://www.cyotek.com/blog
pages,https://www.cyotek.com/blog/tools-we-use-2024-edition
pages,https://www.cyotek.com/terms-of-use
pages,https://www.cyotek.com/rss
pages,https://www.cyotek.com/blog/products
are,https://www.cyotek.com/blog/resolving-svn-error-could-not-open-the-requested-svn-filesystem
are,https://support.cyotek.com
are,https://www.cyotek.com/blog/tools-we-use-2023-edition
are,https://demo.cyotek.com/javascript/uritransform.php
are,https://www.cyotek.com/open-source
are,https://demo.cyotek.com/about.php
are,https://www.cyotek.com/jewel-rush
are,https://demo.cyotek.com/statuscodes/index.php
are,https://www.cyotek.com/cyotek-nbt-editor
are,https://www.cyotek.com/about
are,https://www.cyotek.com/blog/tools-we-use-2024-edition
are,https://www.cyotek.com/source-code
are,https://www.cyotek.com/cyotek-spriter
are,https://www.cyotek.com/blog/rss
are,https://www.cyotek.com/cyotek-palette-editor
are,https://www.cyotek.com/cyotek-sitemap-creator
are,https://demo.cyotek.com/css/datauri.php
are,https://www.cyotek.com/blog/products/introducing-64bit-builds
are,https://www.cyotek.com/cyotek-webcopy
are,https://www.cyotek.com/blog
are,https://www.cyotek.com/rss
are,https://www.cyotek.com/blog/products
are,https://www.cyotek.com/blog/products/introducing-webview2-support-part-1
are,https://www.cyotek.com/cyotek-gif-animator
are,https://www.cyotek.com/cyotek-copytools
are,https://www.cyotek.com/blog/products/crowdstrike-falcon-false-positives
are,https://www.cyotek.com/privacy-policy
are,https://www.cyotek.com/terms-of-use
are,https://www.cyotek.com/cyotek-slicr
are,https://www.cyotek.com/downloads
onclick,https://demo.cyotek.com/statuscodes/index.php
events,https://demo.cyotek.com/statuscodes/index.php
events,https://www.cyotek.com/rss
events,https://www.cyotek.com/blog/rss
instead,https://www.cyotek.com/blog/resolving-svn-error-could-not-open-the-requested-svn-filesystem
instead,https://demo.cyotek.com/statuscodes/index.php
instead,https://www.cyotek.com/blog/tools-we-use-2023-edition
instead,https://www.cyotek.com/blog/tools-we-use-2024-edition
instead,https://www.cyotek.com/rss
instead,https://www.cyotek.com/blog/rss
standard,https://demo.cyotek.com/statuscodes/index.php
standard,https://www.cyotek.com/cyotek-nbt-editor
standard,https://www.cyotek.com/source-code
standard,https://www.cyotek.com/rss
standard,https://www.cyotek.com/blog/rss
href,https://demo.cyotek.com/statuscodes/index.php
prevent,https://www.cyotek.com/privacy-policy
prevent,https://demo.cyotek.com/statuscodes/index.php
prevent,https://www.cyotek.com/rss
prevent,https://www.cyotek.com/blog/rss
them,https://www.cyotek.com/donate
them,https://www.cyotek.com/blog/rss
them,https://demo.cyotek.com/statuscodes/index.php
them,https://www.cyotek.com/blog/tools-we-use-2023-edition
them,https://www.cyotek.com/blog/products/crowdstrike-falcon-false-positives
them,https://demo.cyotek.com/css/datauri.php
them,https://www.cyotek.com/blog/tools-we-use-2024-edition
them,https://www.cyotek.com/source-code
them,https://www.cyotek.com/rss
them,https://www.cyotek.com/blog/products
from,https://www.cyotek.com/blog/resolving-svn-error-could-not-open-the-requested-svn-filesystem
from,https://support.cyotek.com
from,https://www.cyotek.com/blog/tools-we-use-2023-edition
from,https://www.cyotek.com/open-source
from,https://demo.cyotek.com/about.php
from,https://www.cyotek.com/products
from,https://demo.cyotek.com/statuscodes/index.php
from,https://www.cyotek.com/cyotek-nbt-editor
from,https://www.cyotek.com/contact
from,https://www.cyotek.com/blog/tools-we-use-2024-edition
from,https://www.cyotek.com/source-code
from,https://www.cyotek.com/cyotek-spriter
from,https://www.cyotek.com/blog/rss
from,https://www.cyotek.com/cyotek-palette-editor
from,https://demo.cyotek.com/css/import.php
from,https://demo.cyotek.com/changelog.php
from,https://www.cyotek.com/blog/products/introducing-64bit-builds
from,https://www.cyotek.com/rss
from,https://www.cyotek.com/blog/products
from,https://www.cyotek.com/blog/products/introducing-webview2-support-part-1
from,https://www.cyotek.com/cyotek-gif-animator
from,https://www.cyotek.com/blog/products/crowdstrike-falcon-false-positives
from,https://www.cyotek.com/privacy-policy
from,https://www.cyotek.com/terms-of-use
being,https://www.cyotek.com/blog/products/introducing-webview2-support-part-1
being,https://www.cyotek.com/blog/resolving-svn-error-could-not-open-the-requested-svn-filesystem
being,https://www.cyotek.com/downloads
being,https://www.cyotek.com/blog/rss
being,https://demo.cyotek.com/statuscodes/index.php
being,https://www.cyotek.com/cyotek-nbt-editor
being,https://www.cyotek.com/blog/tools-we-use-2023-edition
being,https://www.cyotek.com/privacy-policy
being,https://www.cyotek.com/cyotek-webcopy
being,https://www.cyotek.com/about
being,https://www.cyotek.com/blog/tools-we-use-2024-edition
being,https://www.cyotek.com/terms-of-use
being,https://demo.cyotek.com/about.php
being,https://www.cyotek.com/rss
being,https://www.cyotek.com/blog/products
detected,https://demo.cyotek.com/statuscodes/index.php
detected,https://www.cyotek.com/rss
detected,https://www.cyotek.com/blog/rss
by,https://support.cyotek.com
by,https://www.cyotek.com/blog/tools-we-use-2023-edition
by,https://demo.cyotek.com/javascript/uritransform.php
by,https://www.cyotek.com/open-source
by,https://demo.cyotek.com/about.php
by,https://www.cyotek.com/products
by,https://demo.cyotek.com/statuscodes/index.php
by,https://www.cyotek.com/cyotek-nbt-editor
by,https://www.cyotek.com/about
by,https://www.cyotek.com/blog/tools-we-use-2024-edition
by,https://www.cyotek.com/source-code
by,https://www.cyotek.com/blog/rss
by,https://demo.cyotek.com/changelog.php
by,https://www.cyotek.com/blog
by,https://www.cyotek.com/rss
by,https://www.cyotek.com/blog/products/introducing-webview2-support-part-1
by,https://www.cyotek.com/blog/products/crowdstrike-falcon-false-positives
by,https://www.cyotek.com/privacy-policy
by,https://demo.cyotek.com/statuscodes/3xx/304.php
by,https://www.cyotek.com/terms-of-use
by,https://www.cyotek.com/downloads
current,https://www.cyotek.com/cyotek-gif-animator
current,https://www.cyotek.com/blog/rss
current,https://www.cyotek.com/cyotek-copytools
current,https://www.cyotek.com/cyotek-palette-editor
current,https://www.cyotek.com/cyotek-sitemap-creator
current,https://www.cyotek.com/jewel-rush
current,https://demo.cyotek.com/statuscodes/index.php
current,https://www.cyotek.com/cyotek-nbt-editor
current,https://support.cyotek.com
current,https://www.cyotek.com/cyotek-webcopy
current,https://www.cyotek.com/blog/tools-we-use-2024-edition
current,https://www.cyotek.com/cyotek-spriter
current,https://www.cyotek.com/rss
current,https://www.cyotek.com/blog/products
versions,https://www.cyotek.com/blog/resolving-svn-error-could-not-open-the-requested-svn-filesystem
versions,https://www.cyotek.com/blog/tools-we-use-2023-edition
versions,https://www.cyotek.com/open-source
versions,https://www.cyotek.com/products
versions,https://www.cyotek.com/jewel-rush
versions,https://demo.cyotek.com/statuscodes/index.php
versions,https://www.cyotek.com/cyotek-nbt-editor
versions,https://www.cyotek.com/contact
versions,https://www.cyotek.com/about
versions,https://www.cyotek.com/blog/tools-we-use-2024-edition
versions,https://www.cyotek.com/source-code
versions,https://www.cyotek.com/cyotek-spriter
versions,https://www.cyotek.com/search
versions,https://www.cyotek.com/blog/rss
versions,https://www.cyotek.com/donate
versions,https://www.cyotek.com/sitemap
versions,https://www.cyotek.com/cyotek-palette-editor
versions,https://www.cyotek.com/cyotek-sitemap-creator
versions,https://demo.cyotek.com/changelog.php
versions,https://demo.cyotek.com/css/datauri.php
versions,https://www.cyotek.com/blog/products/introducing-64bit-builds
versions,https://www.cyotek.com/cyotek-webcopy
versions,https://www.cyotek.com/blog
versions,https://www.cyotek.com/rss
versions,https://www.cyotek.com/blog/products
versions,https://www.cyotek.com/blog/products/introducing-webview2-support-part-1
versions,https://www.cyotek.com/cyotek-gif-animator
versions,https://www.cyotek.com/cyotek-copytools
versions,https://www.cyotek.com/blog/products/crowdstrike-falcon-false-positives
versions,https://www.cyotek.com/privacy-policy
versions,https://www.cyotek.com/terms-of-use
versions,https://www.cyotek.com/cyotek-slicr
versions,https://www.cyotek.com/downloads
versions,https://www.cyotek.com/copyright-and-trademarks
(which,https://demo.cyotek.com/statuscodes/index.php
(which,https://www.cyotek.com/rss
(which,https://www.cyotek.com/blog/rss
do,https://www.cyotek.com/donate
do,https://demo.cyotek.com/statuscodes/index.php
do,https://www.cyotek.com/blog/tools-we-use-2023-edition
do,https://www.cyotek.com/blog/products/crowdstrike-falcon-false-positives
do,https://www.cyotek.com/privacy-policy
do,https://www.cyotek.com/cyotek-webcopy
do,https://www.cyotek.com/contact
do,https://www.cyotek.com/blog/tools-we-use-2024-edition
do,https://www.cyotek.com/source-code
do,https://www.cyotek.com/terms-of-use
do,https://www.cyotek.com/rss
do,https://www.cyotek.com/blog/rss
process,https://www.cyotek.com/products
process,https://demo.cyotek.com/statuscodes/index.php
process,https://www.cyotek.com/blog/tools-we-use-2023-edition
process,https://www.cyotek.com/cyotek-nbt-editor
process,https://www.cyotek.com/privacy-policy
process,https://www.cyotek.com/blog/tools-we-use-2024-edition
process,https://www.cyotek.com/cyotek-spriter
process,https://www.cyotek.com/rss
process,https://www.cyotek.com/blog/rss
javascript).,https://demo.cyotek.com/statuscodes/index.php
allows,https://www.cyotek.com/blog/products/introducing-webview2-support-part-1
allows,https://www.cyotek.com/cyotek-palette-editor
allows,https://www.cyotek.com/products
allows,https://demo.cyotek.com/statuscodes/index.php
allows,https://www.cyotek.com/privacy-policy
allows,https://www.cyotek.com/open-source
allows,https://www.cyotek.com/rss
allows,https://www.cyotek.com/blog/rss
an,https://www.cyotek.com/blog/resolving-svn-error-could-not-open-the-requested-svn-filesystem
an,https://www.cyotek.com/blog/tools-we-use-2023-edition
an,https://demo.cyotek.com/css/url.php
an,https://demo.cyotek.com/javascript/uritransform.php
an,https://www.cyotek.com/open-source
an,https://demo.cyotek.com/about.php
an,https://www.cyotek.com/products
an,https://www.cyotek.com/jewel-rush
an,https://demo.cyotek.com/statuscodes/index.php
an,https://www.cyotek.com/cyotek-nbt-editor
an,https://demo.cyotek.com/statuscodes/3xx/302.php
an,https://www.cyotek.com/contact
an,https://www.cyotek.com/about
an,https://www.cyotek.com/blog/tools-we-use-2024-edition
an,https://www.cyotek.com/source-code
an,https://www.cyotek.com/cyotek-spriter
an,https://www.cyotek.com/search
an,https://www.cyotek.com/blog/rss
an,https://www.cyotek.com/donate
an,https://www.cyotek.com/sitemap
an,https://www.cyotek.com/cyotek-palette-editor
an,https://www.cyotek.com/cyotek-sitemap-creator
an,https://demo.cyotek.com/css/import.php
an,https://demo.cyotek.com/css/datauri.php
an,https://www.cyotek.com/blog/products/introducing-64bit-builds
an,https://www.cyotek.com/cyotek-webcopy
an,https://www.cyotek.com/blog
an,https://www.cyotek.com/rss
an,https://www.cyotek.com/blog/products
an,https://www.cyotek.com/blog/products/introducing-webview2-support-part-1
an,https://www.cyotek.com/cyotek-gif-animator
an,https://www.cyotek.com/cyotek-copytools
an,https://www.cyotek.com/blog/products/crowdstrike-falcon-false-positives
an,https://www.cyotek.com/privacy-policy
an,https://www.cyotek.com/terms-of-use
an,https://www.cyotek.com/cyotek-slicr
an,https://www.cyotek.com/downloads
an,https://www.cyotek.com/copyright-and-trademarks
"""out",https://demo.cyotek.com/statuscodes/index.php
"box""",https://demo.cyotek.com/statuscodes/index.php
"box""",https://www.cyotek.com/rss
"box""",https://www.cyotek.com/blog/rss
crawl,https://www.cyotek.com/blog/products/introducing-webview2-support-part-1
crawl,https://demo.cyotek.com/statuscodes/index.php
crawl,https://demo.cyotek.com/javascript/uritransform.php
crawl,https://demo.cyotek.com/about.php
crawl,https://www.cyotek.com/rss
complete,https://www.cyotek.com/products
complete,https://demo.cyotek.com/statuscodes/index.php
complete,https://www.cyotek.com/cyotek-webcopy
complete,https://www.cyotek.com/rss
complete,https://www.cyotek.com/blog/rss
displaying,https://demo.cyotek.com/statuscodes/index.php
displaying,https://www.cyotek.com/source-code
displaying,https://www.cyotek.com/open-source
displaying,https://www.cyotek.com/rss
displaying,https://www.cyotek.com/blog/rss
errors,https://demo.cyotek.com/statuscodes/index.php
errors,https://demo.cyotek.com/changelog.php
errors,https://www.cyotek.com/terms-of-use
errors,https://www.cyotek.com/rss
errors,https://www.cyotek.com/blog/rss
password,https://demo.cyotek.com/statuscodes/index.php
password,https://www.cyotek.com/blog/tools-we-use-2023-edition
password,https://www.cyotek.com/blog/tools-we-use-2024-edition
password,https://www.cyotek.com/rss
password,https://www.cyotek.com/blog/rss
prompts,https://demo.cyotek.com/statuscodes/index.php
prompts,https://www.cyotek.com/blog/tools-we-use-2024-edition
prompts,https://www.cyotek.com/rss
prompts,https://www.cyotek.com/blog/rss
etc.,https://demo.cyotek.com/statuscodes/index.php
etc.,https://www.cyotek.com/source-code
etc.,https://www.cyotek.com/rss
etc.,https://www.cyotek.com/blog/rss
requiring,https://demo.cyotek.com/statuscodes/index.php
requiring,https://www.cyotek.com/rss
requiring,https://www.cyotek.com/blog/rss
changes,https://www.cyotek.com/cyotek-gif-animator
changes,https://www.cyotek.com/blog/rss
changes,https://www.cyotek.com/cyotek-copytools
changes,https://www.cyotek.com/cyotek-palette-editor
changes,https://www.cyotek.com/cyotek-sitemap-creator
changes,https://demo.cyotek.com/statuscodes/index.php
changes,https://www.cyotek.com/cyotek-webcopy
changes,https://www.cyotek.com/source-code
changes,https://www.cyotek.com/cyotek-spriter
changes,https://www.cyotek.com/cyotek-slicr
changes,https://www.cyotek.com/rss
changes,https://www.cyotek.com/blog/products
default,https://www.cyotek.com/blog/products/introducing-webview2-support-part-1
default,https://demo.cyotek.com/statuscodes/index.php
default,https://www.cyotek.com/cyotek-nbt-editor
default,https://www.cyotek.com/blog/products/crowdstrike-falcon-false-positives
default,https://demo.cyotek.com/features/index.php
default,https://www.cyotek.com/rss
default,https://www.cyotek.com/blog/rss
configuration.,https://demo.cyotek.com/statuscodes/index.php
configuration.,https://www.cyotek.com/rss
configuration.,https://www.cyotek.com/blog/rss
integration,https://demo.cyotek.com/statuscodes/index.php
integration,https://www.cyotek.com/blog/tools-we-use-2023-edition
integration,https://www.cyotek.com/blog/tools-we-use-2024-edition
integration,https://www.cyotek.com/source-code
integration,https://demo.cyotek.com/about.php
integration,https://www.cyotek.com/rss
integration,https://www.cyotek.com/blog/rss
tests,https://demo.cyotek.com/statuscodes/3xx/303.php
tests,https://demo.cyotek.com/statuscodes/3xx/301.php
tests,https://demo.cyotek.com/statuscodes/3xx/302.php
tests,https://demo.cyotek.com/statuscodes/index.php
tests,https://demo.cyotek.com/changelog.php
tests,https://demo.cyotek.com/css/datauri.php
tests,https://demo.cyotek.com/javascript/uritransform.php
tests,https://demo.cyotek.com/javascript/dom.php
tests,https://demo.cyotek.com/statuscodes/3xx/304.php
tests,https://demo.cyotek.com/statuscodes/3xx/307.php
tests,https://demo.cyotek.com/about.php
tests,https://www.cyotek.com/rss
tests,https://www.cyotek.com/blog/rss
access,https://www.cyotek.com/blog/resolving-svn-error-could-not-open-the-requested-svn-filesystem
access,https://demo.cyotek.com/statuscodes/index.php
access,https://www.cyotek.com/blog/tools-we-use-2023-edition
access,https://www.cyotek.com/privacy-policy
access,https://www.cyotek.com/blog/tools-we-use-2024-edition
access,https://www.cyotek.com/rss
access,https://www.cyotek.com/blog/rss
relevant,https://demo.cyotek.com/statuscodes/index.php
relevant,https://www.cyotek.com/rss
relevant,https://www.cyotek.com/terms-of-use
relevant,https://www.cyotek.com/blog/rss
uri,https://demo.cyotek.com/statuscodes/3xx/303.php
uri,https://demo.cyotek.com/statuscodes/index.php
uri,https://demo.cyotek.com/changelog.php
uri,https://demo.cyotek.com/css/datauri.php
uri,https://demo.cyotek.com/javascript/uritransform.php
uri,https://www.cyotek.com/rss
uri,https://www.cyotek.com/blog/rss
directly,https://demo.cyotek.com/statuscodes/index.php
directly,https://demo.cyotek.com/css/datauri.php
directly,https://demo.cyotek.com/javascript/uritransform.php
directly,https://www.cyotek.com/rss
directly,https://www.cyotek.com/blog/rss
order,https://demo.cyotek.com/statuscodes/index.php
order,https://www.cyotek.com/privacy-policy
order,https://www.cyotek.com/blog
order,https://www.cyotek.com/source-code
order,https://www.cyotek.com/rss
order,https://www.cyotek.com/blog/rss
feature.,https://demo.cyotek.com/statuscodes/index.php
feature.,https://www.cyotek.com/rss
future,https://www.cyotek.com/blog/products/introducing-webview2-support-part-1
future,https://www.cyotek.com/donate
future,https://www.cyotek.com/blog/resolving-svn-error-could-not-open-the-requested-svn-filesystem
future,https://www.cyotek.com/blog/rss
future,https://demo.cyotek.com/statuscodes/3xx/301.php
future,https://demo.cyotek.com/statuscodes/index.php
future,https://www.cyotek.com/blog/tools-we-use-2023-edition
future,https://www.cyotek.com/blog/products/crowdstrike-falcon-false-positives
future,https://www.cyotek.com/blog/products/introducing-64bit-builds
future,https://www.cyotek.com/blog
future,https://www.cyotek.com/blog/tools-we-use-2024-edition
future,https://demo.cyotek.com/statuscodes/3xx/307.php
future,https://www.cyotek.com/rss
future,https://www.cyotek.com/blog/products
expected,https://www.cyotek.com/blog/resolving-svn-error-could-not-open-the-requested-svn-filesystem
expected,https://demo.cyotek.com/statuscodes/index.php
expected,https://www.cyotek.com/cyotek-webcopy
expected,https://www.cyotek.com/rss
expected,https://www.cyotek.com/blog/rss
include,https://demo.cyotek.com/statuscodes/index.php
include,https://demo.cyotek.com/changelog.php
include,https://www.cyotek.com/blog/tools-we-use-2023-edition
include,https://www.cyotek.com/blog/products/introducing-64bit-builds
include,https://www.cyotek.com/privacy-policy
include,https://www.cyotek.com/cyotek-webcopy
include,https://www.cyotek.com/about
include,https://www.cyotek.com/blog/tools-we-use-2024-edition
include,https://www.cyotek.com/source-code
include,https://www.cyotek.com/terms-of-use
include,https://www.cyotek.com/rss
include,https://www.cyotek.com/blog/rss
limited,https://www.cyotek.com/blog/products
limited,https://demo.cyotek.com/statuscodes/index.php
limited,https://www.cyotek.com/blog/tools-we-use-2023-edition
limited,https://www.cyotek.com/blog/tools-we-use-2024-edition
limited,https://www.cyotek.com/terms-of-use
limited,https://www.cyotek.com/rss
limited,https://www.cyotek.com/blog/rss
processing.,https://demo.cyotek.com/statuscodes/index.php
processing.,https://www.cyotek.com/rss
processing.,https://www.cyotek.com/blog/rss
3xx,https://demo.cyotek.com/statuscodes/3xx/303.php
3xx,https://demo.cyotek.com/statuscodes/3xx/301.php
3xx,https://demo.cyotek.com/statuscodes/3xx/302.php
3xx,https://demo.cyotek.com/statuscodes/index.php
3xx,https://demo.cyotek.com/changelog.php
3xx,https://demo.cyotek.com/statuscodes/3xx/304.php
3xx,https://demo.cyotek.com/statuscodes/3xx/307.php
redirection,https://demo.cyotek.com/statuscodes/3xx/303.php
redirection,https://demo.cyotek.com/statuscodes/3xx/301.php
redirection,https://demo.cyotek.com/statuscodes/3xx/302.php
redirection,https://demo.cyotek.com/statuscodes/index.php
redirection,https://demo.cyotek.com/statuscodes/3xx/304.php
redirection,https://demo.cyotek.com/statuscodes/3xx/307.php
redirection,https://www.cyotek.com/open-source
redirection,https://www.cyotek.com/rss
300,https://demo.cyotek.com/statuscodes/3xx/303.php
300,https://demo.cyotek.com/statuscodes/3xx/301.php
300,https://demo.cyotek.com/statuscodes/3xx/302.php
300,https://demo.cyotek.com/statuscodes/index.php
300,https://demo.cyotek.com/changelog.php
300,https://demo.cyotek.com/statuscodes/3xx/304.php
300,https://demo.cyotek.com/statuscodes/3xx/307.php
300,https://www.cyotek.com/rss
multiple,https://www.cyotek.com/blog/resolving-svn-error-could-not-open-the-requested-svn-filesystem
multiple,https://www.cyotek.com/blog/tools-we-use-2023-edition
multiple,https://demo.cyotek.com/statuscodes/3xx/307.php
multiple,https://www.cyotek.com/open-source
multiple,https://demo.cyotek.com/statuscodes/3xx/303.php
multiple,https://demo.cyotek.com/statuscodes/3xx/301.php
multiple,https://www.cyotek.com/products
multiple,https://www.cyotek.com/jewel-rush
multiple,https://demo.cyotek.com/statuscodes/index.php
multiple,https://www.cyotek.com/cyotek-nbt-editor
multiple,https://demo.cyotek.com/statuscodes/3xx/302.php
multiple,https://www.cyotek.com/contact
multiple,https://www.cyotek.com/about
multiple,https://www.cyotek.com/blog/tools-we-use-2024-edition
multiple,https://www.cyotek.com/source-code
multiple,https://www.cyotek.com/cyotek-spriter
multiple,https://www.cyotek.com/search
multiple,https://www.cyotek.com/blog/rss
multiple,https://www.cyotek.com/donate
multiple,https://www.cyotek.com/sitemap
multiple,https://www.cyotek.com/cyotek-palette-editor
multiple,https://www.cyotek.com/cyotek-sitemap-creator
multiple,https://demo.cyotek.com/changelog.php
multiple,https://www.cyotek.com/blog/products/introducing-64bit-builds
multiple,https://www.cyotek.com/cyotek-webcopy
multiple,https://www.cyotek.com/blog
multiple,https://www.cyotek.com/rss
multiple,https://www.cyotek.com/blog/products
multiple,https://www.cyotek.com/blog/products/introducing-webview2-support-part-1
multiple,https://www.cyotek.com/cyotek-gif-animator
multiple,https://www.cyotek.com/cyotek-copytools
multiple,https://www.cyotek.com/blog/products/crowdstrike-falcon-false-positives
multiple,https://www.cyotek.com/privacy-policy
multiple,https://demo.cyotek.com/statuscodes/3xx/304.php
multiple,https://www.cyotek.com/terms-of-use
multiple,https://www.cyotek.com/cyotek-slicr
multiple,https://www.cyotek.com/downloads
multiple,https://www.cyotek.com/copyright-and-trademarks
choices,https://demo.cyotek.com/statuscodes/3xx/303.php
choices,https://demo.cyotek.com/statuscodes/3xx/301.php
choices,https://demo.cyotek.com/statuscodes/3xx/302.php
choices,https://demo.cyotek.com/statuscodes/index.php
choices,https://www.cyotek.com/blog/tools-we-use-2023-edition
choices,https://demo.cyotek.com/statuscodes/3xx/304.php
choices,https://demo.cyotek.com/statuscodes/3xx/307.php
choices,https://www.cyotek.com/rss
301,https://demo.cyotek.com/statuscodes/3xx/303.php
301,https://demo.cyotek.com/statuscodes/3xx/301.php
301,https://demo.cyotek.com/statuscodes/3xx/302.php
301,https://demo.cyotek.com/statuscodes/index.php
301,https://demo.cyotek.com/changelog.php
301,https://demo.cyotek.com/statuscodes/3xx/304.php
301,https://demo.cyotek.com/statuscodes/3xx/307.php
301,https://www.cyotek.com/rss
301,https://www.cyotek.com/blog/rss
moved,https://www.cyotek.com/blog/products/introducing-webview2-support-part-1
moved,https://demo.cyotek.com/statuscodes/3xx/303.php
moved,https://www.cyotek.com/blog/resolving-svn-error-could-not-open-the-requested-svn-filesystem
moved,https://www.cyotek.com/blog/rss
moved,https://demo.cyotek.com/statuscodes/3xx/301.php
moved,https://demo.cyotek.com/statuscodes/3xx/302.php
moved,https://demo.cyotek.com/statuscodes/index.php
moved,https://www.cyotek.com/blog/tools-we-use-2023-edition
moved,https://www.cyotek.com/blog/products/crowdstrike-falcon-false-positives
moved,https://www.cyotek.com/blog/products/introducing-64bit-builds
moved,https://www.cyotek.com/blog
moved,https://www.cyotek.com/blog/tools-we-use-2024-edition
moved,https://demo.cyotek.com/statuscodes/3xx/304.php
moved,https://demo.cyotek.com/statuscodes/3xx/307.php
moved,https://www.cyotek.com/rss
moved,https://www.cyotek.com/blog/products
permanently,https://demo.cyotek.com/statuscodes/3xx/303.php
permanently,https://demo.cyotek.com/statuscodes/3xx/301.php
permanently,https://demo.cyotek.com/statuscodes/3xx/302.php
permanently,https://demo.cyotek.com/statuscodes/index.php
permanently,https://demo.cyotek.com/statuscodes/3xx/304.php
permanently,https://demo.cyotek.com/statuscodes/3xx/307.php
permanently,https://www.cyotek.com/rss
permanently,https://www.cyotek.com/blog/rss
302,https://demo.cyotek.com/statuscodes/3xx/303.php
302,https://demo.cyotek.com/statuscodes/3xx/301.php
302,https://demo.cyotek.com/statuscodes/3xx/302.php
302,https://demo.cyotek.com/statuscodes/index.php
302,https://demo.cyotek.com/changelog.php
302,https://demo.cyotek.com/statuscodes/3xx/304.php
302,https://demo.cyotek.com/statuscodes/3xx/307.php
found,https://demo.cyotek.com/statuscodes/3xx/303.php
found,https://www.cyotek.com/blog/resolving-svn-error-could-not-open-the-requested-svn-filesystem
found,https://demo.cyotek.com/statuscodes/3xx/301.php
found,https://www.cyotek.com/jewel-rush
found,https://demo.cyotek.com/statuscodes/3xx/302.php
found,https://demo.cyotek.com/statuscodes/index.php
found,https://www.cyotek.com/blog/tools-we-use-2023-edition
found,https://www.cyotek.com/privacy-policy
found,https://www.cyotek.com/contact
found,https://www.cyotek.com/blog/tools-we-use-2024-edition
found,https://demo.cyotek.com/statuscodes/3xx/304.php
found,https://www.cyotek.com/terms-of-use
found,https://demo.cyotek.com/statuscodes/3xx/307.php
found,https://www.cyotek.com/rss
found,https://www.cyotek.com/blog/rss
303,https://demo.cyotek.com/statuscodes/3xx/303.php
303,https://demo.cyotek.com/statuscodes/3xx/301.php
303,https://demo.cyotek.com/statuscodes/3xx/302.php
303,https://demo.cyotek.com/statuscodes/index.php
303,https://demo.cyotek.com/statuscodes/3xx/304.php
303,https://demo.cyotek.com/statuscodes/3xx/307.php
see,https://www.cyotek.com/blog/products/introducing-webview2-support-part-1
see,https://demo.cyotek.com/statuscodes/3xx/303.php
see,https://www.cyotek.com/blog/resolving-svn-error-could-not-open-the-requested-svn-filesystem
see,https://demo.cyotek.com/statuscodes/3xx/301.php
see,https://demo.cyotek.com/statuscodes/3xx/302.php
see,https://demo.cyotek.com/statuscodes/index.php
see,https://www.cyotek.com/blog/tools-we-use-2023-edition
see,https://www.cyotek.com/privacy-policy
see,https://www.cyotek.com/blog/tools-we-use-2024-edition
see,https://demo.cyotek.com/statuscodes/3xx/304.php
see,https://demo.cyotek.com/statuscodes/3xx/307.php
see,https://www.cyotek.com/open-source
see,https://www.cyotek.com/downloads
see,https://www.cyotek.com/rss
see,https://www.cyotek.com/blog/rss
304,https://demo.cyotek.com/statuscodes/3xx/303.php
304,https://demo.cyotek.com/statuscodes/3xx/301.php
304,https://demo.cyotek.com/statuscodes/3xx/302.php
304,https://demo.cyotek.com/statuscodes/index.php
304,https://demo.cyotek.com/statuscodes/3xx/304.php
304,https://demo.cyotek.com/statuscodes/3xx/307.php
modified,https://demo.cyotek.com/statuscodes/3xx/303.php
modified,https://demo.cyotek.com/statuscodes/3xx/301.php
modified,https://demo.cyotek.com/statuscodes/3xx/302.php
modified,https://demo.cyotek.com/statuscodes/index.php
modified,https://demo.cyotek.com/statuscodes/3xx/304.php
modified,https://demo.cyotek.com/statuscodes/3xx/307.php
modified,https://www.cyotek.com/rss
modified,https://www.cyotek.com/blog/rss
307,https://demo.cyotek.com/statuscodes/3xx/303.php
307,https://demo.cyotek.com/statuscodes/3xx/301.php
307,https://demo.cyotek.com/statuscodes/3xx/302.php
307,https://demo.cyotek.com/statuscodes/index.php
307,https://demo.cyotek.com/statuscodes/3xx/304.php
307,https://demo.cyotek.com/statuscodes/3xx/307.php
temporary,https://demo.cyotek.com/statuscodes/3xx/303.php
temporary,https://demo.cyotek.com/statuscodes/3xx/301.php
temporary,https://demo.cyotek.com/statuscodes/3xx/302.php
temporary,https://demo.cyotek.com/statuscodes/index.php
temporary,https://demo.cyotek.com/statuscodes/3xx/304.php
temporary,https://demo.cyotek.com/statuscodes/3xx/307.php
temporary,https://www.cyotek.com/rss
temporary,https://www.cyotek.com/blog/rss
redirect,https://demo.cyotek.com/statuscodes/3xx/303.php
redirect,https://demo.cyotek.com/statuscodes/3xx/301.php
redirect,https://demo.cyotek.com/statuscodes/3xx/302.php
redirect,https://demo.cyotek.com/statuscodes/index.php
redirect,https://demo.cyotek.com/changelog.php
redirect,https://demo.cyotek.com/javascript/uritransform.php
redirect,https://demo.cyotek.com/statuscodes/3xx/304.php
redirect,https://demo.cyotek.com/statuscodes/3xx/307.php
redirect,https://demo.cyotek.com/features/index.php
redirect,https://www.cyotek.com/rss
redirect,https://www.cyotek.com/blog/rss
308,https://demo.cyotek.com/statuscodes/3xx/303.php
308,https://demo.cyotek.com/statuscodes/3xx/301.php
308,https://demo.cyotek.com/statuscodes/3xx/302.php
308,https://demo.cyotek.com/statuscodes/index.php
308,https://demo.cyotek.com/statuscodes/3xx/304.php
308,https://demo.cyotek.com/statuscodes/3xx/307.php
permanent,https://demo.cyotek.com/statuscodes/3xx/303.php
permanent,https://demo.cyotek.com/statuscodes/3xx/301.php
permanent,https://demo.cyotek.com/statuscodes/3xx/302.php
permanent,https://demo.cyotek.com/statuscodes/index.php
permanent,https://demo.cyotek.com/statuscodes/3xx/304.php
permanent,https://demo.cyotek.com/statuscodes/3xx/307.php
permanent,https://www.cyotek.com/rss
permanent,https://www.cyotek.com/blog/rss
client,https://demo.cyotek.com/statuscodes/3xx/303.php
client,https://demo.cyotek.com/statuscodes/3xx/301.php
client,https://demo.cyotek.com/statuscodes/3xx/302.php
client,https://demo.cyotek.com/statuscodes/index.php
client,https://www.cyotek.com/blog/tools-we-use-2023-edition
client,https://www.cyotek.com/blog/tools-we-use-2024-edition
client,https://demo.cyotek.com/statuscodes/3xx/304.php
client,https://demo.cyotek.com/statuscodes/3xx/307.php
client,https://www.cyotek.com/open-source
client,https://www.cyotek.com/rss
client,https://www.cyotek.com/blog/rss
400,https://demo.cyotek.com/statuscodes/3xx/303.php
400,https://demo.cyotek.com/statuscodes/3xx/301.php
400,https://demo.cyotek.com/statuscodes/3xx/302.php
400,https://demo.cyotek.com/statuscodes/index.php
400,https://demo.cyotek.com/statuscodes/3xx/304.php
400,https://demo.cyotek.com/statuscodes/3xx/307.php
400,https://www.cyotek.com/rss
400,https://www.cyotek.com/blog/rss
bad,https://demo.cyotek.com/statuscodes/3xx/303.php
bad,https://demo.cyotek.com/statuscodes/3xx/301.php
bad,https://demo.cyotek.com/statuscodes/3xx/302.php
bad,https://demo.cyotek.com/statuscodes/index.php
bad,https://demo.cyotek.com/statuscodes/3xx/304.php
bad,https://demo.cyotek.com/statuscodes/3xx/307.php
bad,https://www.cyotek.com/rss
bad,https://www.cyotek.com/blog/rss
request,https://demo.cyotek.com/statuscodes/3xx/303.php
request,https://demo.cyotek.com/statuscodes/3xx/301.php
request,https://demo.cyotek.com/statuscodes/3xx/302.php
request,https://demo.cyotek.com/statuscodes/index.php
request,https://demo.cyotek.com/changelog.php
request,https://www.cyotek.com/privacy-policy
request,https://demo.cyotek.com/statuscodes/3xx/304.php
request,https://demo.cyotek.com/statuscodes/3xx/307.php
request,https://demo.cyotek.com/features/index.php
request,https://www.cyotek.com/rss
request,https://www.cyotek.com/blog/rss
401,https://demo.cyotek.com/statuscodes/3xx/303.php
401,https://demo.cyotek.com/statuscodes/3xx/301.php
401,https://demo.cyotek.com/statuscodes/3xx/302.php
401,https://demo.cyotek.com/statuscodes/index.php
401,https://demo.cyotek.com/statuscodes/3xx/304.php
401,https://demo.cyotek.com/statuscodes/3xx/307.php
401,https://www.cyotek.com/rss
401,https://www.cyotek.com/blog/rss
authorized,https://demo.cyotek.com/statuscodes/3xx/303.php
authorized,https://demo.cyotek.com/statuscodes/3xx/301.php
authorized,https://demo.cyotek.com/statuscodes/3xx/302.php
authorized,https://demo.cyotek.com/statuscodes/index.php
authorized,https://demo.cyotek.com/statuscodes/3xx/304.php
authorized,https://demo.cyotek.com/statuscodes/3xx/307.php
403,https://demo.cyotek.com/statuscodes/3xx/303.php
403,https://demo.cyotek.com/statuscodes/3xx/301.php
403,https://demo.cyotek.com/statuscodes/3xx/302.php
403,https://demo.cyotek.com/statuscodes/index.php
403,https://demo.cyotek.com/statuscodes/3xx/304.php
403,https://demo.cyotek.com/statuscodes/3xx/307.php
forbidden,https://demo.cyotek.com/statuscodes/3xx/303.php
forbidden,https://demo.cyotek.com/statuscodes/3xx/301.php
forbidden,https://demo.cyotek.com/statuscodes/3xx/302.php
forbidden,https://demo.cyotek.com/statuscodes/index.php
forbidden,https://demo.cyotek.com/statuscodes/3xx/304.php
forbidden,https://demo.cyotek.com/statuscodes/3xx/307.php
404,https://demo.cyotek.com/statuscodes/3xx/303.php
404,https://demo.cyotek.com/statuscodes/3xx/301.php
404,https://demo.cyotek.com/statuscodes/3xx/302.php
404,https://demo.cyotek.com/statuscodes/index.php
404,https://demo.cyotek.com/statuscodes/3xx/304.php
404,https://demo.cyotek.com/statuscodes/3xx/307.php
404,https://www.cyotek.com/rss
404,https://www.cyotek.com/blog/rss
405,https://demo.cyotek.com/statuscodes/3xx/303.php
405,https://demo.cyotek.com/statuscodes/3xx/301.php
405,https://demo.cyotek.com/statuscodes/3xx/302.php
405,https://demo.cyotek.com/statuscodes/index.php
405,https://demo.cyotek.com/statuscodes/3xx/304.php
405,https://demo.cyotek.com/statuscodes/3xx/307.php
method,https://demo.cyotek.com/statuscodes/3xx/303.php
method,https://demo.cyotek.com/statuscodes/3xx/301.php
method,https://demo.cyotek.com/statuscodes/3xx/302.php
method,https://demo.cyotek.com/statuscodes/index.php
method,https://demo.cyotek.com/changelog.php
method,https://demo.cyotek.com/statuscodes/3xx/304.php
method,https://demo.cyotek.com/statuscodes/3xx/307.php
method,https://www.cyotek.com/rss
method,https://www.cyotek.com/blog/rss
allowed,https://demo.cyotek.com/statuscodes/3xx/303.php
allowed,https://demo.cyotek.com/statuscodes/3xx/301.php
allowed,https://demo.cyotek.com/statuscodes/3xx/302.php
allowed,https://demo.cyotek.com/statuscodes/index.php
allowed,https://demo.cyotek.com/statuscodes/3xx/304.php
allowed,https://demo.cyotek.com/statuscodes/3xx/307.php
allowed,https://www.cyotek.com/rss
allowed,https://www.cyotek.com/blog/rss
server,https://demo.cyotek.com/statuscodes/3xx/303.php
server,https://www.cyotek.com/blog/resolving-svn-error-could-not-open-the-requested-svn-filesystem
server,https://demo.cyotek.com/statuscodes/3xx/301.php
server,https://demo.cyotek.com/statuscodes/3xx/302.php
server,https://demo.cyotek.com/statuscodes/index.php
server,https://www.cyotek.com/blog/tools-we-use-2023-edition
server,https://www.cyotek.com/blog/products/crowdstrike-falcon-false-positives
server,https://www.cyotek.com/cyotek-webcopy
server,https://www.cyotek.com/blog/tools-we-use-2024-edition
server,https://demo.cyotek.com/statuscodes/3xx/304.php
server,https://demo.cyotek.com/statuscodes/3xx/307.php
server,https://www.cyotek.com/rss
server,https://www.cyotek.com/blog/rss
500,https://demo.cyotek.com/statuscodes/3xx/303.php
500,https://demo.cyotek.com/statuscodes/3xx/301.php
500,https://demo.cyotek.com/statuscodes/3xx/302.php
500,https://demo.cyotek.com/statuscodes/index.php
500,https://demo.cyotek.com/statuscodes/3xx/304.php
500,https://demo.cyotek.com/statuscodes/3xx/307.php
internal,https://demo.cyotek.com/statuscodes/3xx/303.php
internal,https://demo.cyotek.com/statuscodes/3xx/301.php
internal,https://demo.cyotek.com/statuscodes/3xx/302.php
internal,https://demo.cyotek.com/statuscodes/index.php
internal,https://www.cyotek.com/blog/tools-we-use-2023-edition
internal,https://www.cyotek.com/cyotek-nbt-editor
internal,https://www.cyotek.com/blog/tools-we-use-2024-edition
internal,https://demo.cyotek.com/statuscodes/3xx/304.php
internal,https://demo.cyotek.com/statuscodes/3xx/307.php
internal,https://www.cyotek.com/rss
internal,https://www.cyotek.com/blog/rss
501,https://demo.cyotek.com/statuscodes/3xx/303.php
501,https://demo.cyotek.com/statuscodes/3xx/301.php
501,https://demo.cyotek.com/statuscodes/3xx/302.php
501,https://demo.cyotek.com/statuscodes/index.php
501,https://demo.cyotek.com/statuscodes/3xx/304.php
501,https://demo.cyotek.com/statuscodes/3xx/307.php
implemented,https://demo.cyotek.com/statuscodes/3xx/303.php
implemented,https://demo.cyotek.com/statuscodes/3xx/301.php
implemented,https://demo.cyotek.com/statuscodes/3xx/302.php
implemented,https://demo.cyotek.com/statuscodes/index.php
implemented,https://demo.cyotek.com/statuscodes/3xx/304.php
implemented,https://demo.cyotek.com/statuscodes/3xx/307.php
implemented,https://www.cyotek.com/rss
implemented,https://www.cyotek.com/blog/rss
502,https://demo.cyotek.com/statuscodes/3xx/303.php
502,https://demo.cyotek.com/statuscodes/3xx/301.php
502,https://demo.cyotek.com/statuscodes/3xx/302.php
502,https://demo.cyotek.com/statuscodes/index.php
502,https://demo.cyotek.com/statuscodes/3xx/304.php
502,https://demo.cyotek.com/statuscodes/3xx/307.php
gateway,https://demo.cyotek.com/statuscodes/3xx/303.php
gateway,https://demo.cyotek.com/statuscodes/3xx/301.php
gateway,https://demo.cyotek.com/statuscodes/3xx/302.php
gateway,https://demo.cyotek.com/statuscodes/index.php
gateway,https://demo.cyotek.com/statuscodes/3xx/304.php
gateway,https://demo.cyotek.com/statuscodes/3xx/307.php
503,https://demo.cyotek.com/statuscodes/3xx/303.php
503,https://demo.cyotek.com/statuscodes/3xx/301.php
503,https://demo.cyotek.com/statuscodes/3xx/302.php
503,https://demo.cyotek.com/statuscodes/index.php
503,https://demo.cyotek.com/statuscodes/3xx/304.php
503,https://demo.cyotek.com/statuscodes/3xx/307.php
service,https://demo.cyotek.com/statuscodes/3xx/303.php
service,https://demo.cyotek.com/statuscodes/3xx/301.php
service,https://demo.cyotek.com/statuscodes/3xx/302.php
service,https://demo.cyotek.com/statuscodes/index.php
service,https://demo.cyotek.com/statuscodes/3xx/304.php
service,https://demo.cyotek.com/statuscodes/3xx/307.php
service,https://www.cyotek.com/open-source
service,https://www.cyotek.com/rss
service,https://www.cyotek.com/blog/rss
unavailable,https://demo.cyotek.com/statuscodes/3xx/303.php
unavailable,https://demo.cyotek.com/statuscodes/3xx/301.php
unavailable,https://demo.cyotek.com/statuscodes/3xx/302.php
unavailable,https://demo.cyotek.com/statuscodes/index.php
unavailable,https://demo.cyotek.com/statuscodes/3xx/304.php
unavailable,https://www.cyotek.com/terms-of-use
unavailable,https://demo.cyotek.com/statuscodes/3xx/307.php
504,https://demo.cyotek.com/statuscodes/3xx/303.php
504,https://demo.cyotek.com/statuscodes/3xx/301.php
504,https://demo.cyotek.com/statuscodes/3xx/302.php
504,https://demo.cyotek.com/statuscodes/index.php
504,https://demo.cyotek.com/statuscodes/3xx/304.php
504,https://demo.cyotek.com/statuscodes/3xx/307.php
timeout,https://demo.cyotek.com/statuscodes/3xx/303.php
timeout,https://demo.cyotek.com/statuscodes/3xx/301.php
timeout,https://demo.cyotek.com/statuscodes/3xx/302.php
timeout,https://demo.cyotek.com/statuscodes/index.php
timeout,https://demo.cyotek.com/statuscodes/3xx/304.php
timeout,https://demo.cyotek.com/statuscodes/3xx/307.php
timeout,https://www.cyotek.com/rss
timeout,https://www.cyotek.com/blog/rss
505,https://demo.cyotek.com/statuscodes/3xx/303.php
505,https://demo.cyotek.com/statuscodes/3xx/301.php
505,https://demo.cyotek.com/statuscodes/3xx/302.php
505,https://demo.cyotek.com/statuscodes/index.php
505,https://demo.cyotek.com/statuscodes/3xx/304.php
505,https://demo.cyotek.com/statuscodes/3xx/307.php
supported,https://www.cyotek.com/blog/resolving-svn-error-could-not-open-the-requested-svn-filesystem
supported,https://support.cyotek.com
supported,https://www.cyotek.com/blog/tools-we-use-2023-edition
supported,https://demo.cyotek.com/statuscodes/3xx/303.php
supported,https://demo.cyotek.com/statuscodes/3xx/301.php
supported,https://demo.cyotek.com/statuscodes/3xx/302.php
supported,https://demo.cyotek.com/statuscodes/index.php
supported,https://www.cyotek.com/cyotek-nbt-editor
supported,https://www.cyotek.com/blog/tools-we-use-2024-edition
supported,https://www.cyotek.com/source-code
supported,https://www.cyotek.com/blog/rss
supported,https://www.cyotek.com/cyotek-palette-editor
supported,https://www.cyotek.com/blog/products/introducing-64bit-builds
supported,https://www.cyotek.com/rss
supported,https://www.cyotek.com/blog/products/introducing-webview2-support-part-1
supported,https://www.cyotek.com/blog/products/crowdstrike-falcon-false-positives
supported,https://demo.cyotek.com/statuscodes/3xx/304.php
supported,https://demo.cyotek.com/statuscodes/3xx/307.php
supported,https://www.cyotek.com/downloads
added,https://demo.cyotek.com/statuscodes/3xx/302.php
added,https://demo.cyotek.com/changelog.php
added,https://www.cyotek.com/privacy-policy
added,https://www.cyotek.com/source-code
added,https://www.cyotek.com/terms-of-use
added,https://www.cyotek.com/rss
added,https://www.cyotek.com/blog/rss
new,https://www.cyotek.com/blog/products/introducing-webview2-support-part-1
new,https://www.cyotek.com/blog/resolving-svn-error-could-not-open-the-requested-svn-filesystem
new,https://www.cyotek.com/blog/rss
new,https://www.cyotek.com/cyotek-nbt-editor
new,https://demo.cyotek.com/changelog.php
new,https://www.cyotek.com/blog/products/crowdstrike-falcon-false-positives
new,https://www.cyotek.com/blog/tools-we-use-2023-edition
new,https://www.cyotek.com/blog/products/introducing-64bit-builds
new,https://www.cyotek.com/blog
new,https://www.cyotek.com/about
new,https://www.cyotek.com/blog/tools-we-use-2024-edition
new,https://www.cyotek.com/source-code
new,https://www.cyotek.com/open-source
new,https://www.cyotek.com/rss
new,https://www.cyotek.com/blog/products
compression,https://www.cyotek.com/blog/rss
compression,https://www.cyotek.com/blog/tools-we-use-2023-edition
compression,https://demo.cyotek.com/changelog.php
compression,https://demo.cyotek.com/features/index.php
compression,https://www.cyotek.com/rss
1.29.3,https://demo.cyotek.com/changelog.php
changed,https://www.cyotek.com/blog/tools-we-use-2023-edition
changed,https://demo.cyotek.com/changelog.php
changed,https://www.cyotek.com/source-code
changed,https://www.cyotek.com/blog/tools-we-use-2024-edition
changed,https://demo.cyotek.com/statuscodes/3xx/307.php
changed,https://www.cyotek.com/rss
changed,https://www.cyotek.com/blog/rss
authenticationform.php,https://demo.cyotek.com/changelog.php
authenticationlogout.php,https://demo.cyotek.com/changelog.php
now,https://www.cyotek.com/blog/products/introducing-webview2-support-part-1
now,https://www.cyotek.com/blog/resolving-svn-error-could-not-open-the-requested-svn-filesystem
now,https://www.cyotek.com/blog/rss
now,https://support.cyotek.com
now,https://www.cyotek.com/blog/tools-we-use-2023-edition
now,https://www.cyotek.com/cyotek-nbt-editor
now,https://demo.cyotek.com/changelog.php
now,https://www.cyotek.com/blog/products/crowdstrike-falcon-false-positives
now,https://www.cyotek.com/blog/tools-we-use-2024-edition
now,https://www.cyotek.com/source-code
now,https://www.cyotek.com/rss
now,https://www.cyotek.com/blog/products
set,https://www.cyotek.com/blog/tools-we-use-2023-edition
set,https://demo.cyotek.com/changelog.php
set,https://www.cyotek.com/blog/tools-we-use-2024-edition
set,https://www.cyotek.com/rss
set,https://www.cyotek.com/blog/rss
(or,https://demo.cyotek.com/statuscodes/3xx/303.php
(or,https://www.cyotek.com/blog/tools-we-use-2023-edition
(or,https://demo.cyotek.com/changelog.php
(or,https://www.cyotek.com/blog/products/introducing-64bit-builds
(or,https://www.cyotek.com/privacy-policy
(or,https://www.cyotek.com/blog/tools-we-use-2024-edition
(or,https://www.cyotek.com/rss
(or,https://www.cyotek.com/blog/rss
remove),https://demo.cyotek.com/changelog.php
cookie,https://www.cyotek.com/privacy-policy
cookie,https://demo.cyotek.com/changelog.php
cookie,https://www.cyotek.com/rss
cookie,https://www.cyotek.com/blog/rss
named,https://www.cyotek.com/products
named,https://www.cyotek.com/cyotek-nbt-editor
named,https://demo.cyotek.com/changelog.php
named,https://www.cyotek.com/rss
named,https://www.cyotek.com/blog/rss
crawldemo_loggedin,https://demo.cyotek.com/changelog.php
1.29.2,https://demo.cyotek.com/changelog.php
fixed,https://www.cyotek.com/blog/products/introducing-webview2-support-part-1
fixed,https://demo.cyotek.com/changelog.php
fixed,https://www.cyotek.com/open-source
fixed,https://www.cyotek.com/rss
fixed,https://www.cyotek.com/blog/rss
reworked,https://demo.cyotek.com/changelog.php
reworked,https://www.cyotek.com/rss
reworked,https://www.cyotek.com/blog/rss
getrequestprotocol,https://demo.cyotek.com/changelog.php
look,https://www.cyotek.com/blog/resolving-svn-error-could-not-open-the-requested-svn-filesystem
look,https://www.cyotek.com/blog/products
look,https://www.cyotek.com/blog/tools-we-use-2023-edition
look,https://demo.cyotek.com/changelog.php
look,https://www.cyotek.com/privacy-policy
look,https://www.cyotek.com/blog/tools-we-use-2024-edition
look,https://www.cyotek.com/source-code
look,https://www.cyotek.com/rss
look,https://www.cyotek.com/blog/rss
cf-visitor,https://demo.cyotek.com/changelog.php
first,https://www.cyotek.com/blog/products/introducing-webview2-support-part-1
first,https://www.cyotek.com/blog/rss
first,https://demo.cyotek.com/changelog.php
first,https://www.cyotek.com/blog/tools-we-use-2023-edition
first,https://www.cyotek.com/privacy-policy
first,https://www.cyotek.com/blog
first,https://demo.cyotek.com/javascript/uritransform.php
first,https://www.cyotek.com/about
first,https://www.cyotek.com/blog/tools-we-use-2024-edition
first,https://www.cyotek.com/source-code
first,https://www.cyotek.com/terms-of-use
first,https://www.cyotek.com/rss
first,https://www.cyotek.com/blog/products
1.29.1,https://demo.cyotek.com/changelog.php
updated,https://www.cyotek.com/donate
updated,https://www.cyotek.com/blog/tools-we-use-2023-edition
updated,https://demo.cyotek.com/changelog.php
updated,https://www.cyotek.com/blog/tools-we-use-2024-edition
updated,https://www.cyotek.com/rss
updated,https://www.cyotek.com/blog/rss
formats,https://www.cyotek.com/cyotek-palette-editor
formats,https://www.cyotek.com/products
formats,https://www.cyotek.com/blog/tools-we-use-2023-edition
formats,https://demo.cyotek.com/changelog.php
formats,https://www.cyotek.com/blog/tools-we-use-2024-edition
formats,https://demo.cyotek.com/features/index.php
formats,https://www.cyotek.com/rss
formats,https://www.cyotek.com/blog/rss
avif,https://demo.cyotek.com/changelog.php
"sample,",https://demo.cyotek.com/changelog.php
"sample,",https://www.cyotek.com/rss
"sample,",https://www.cyotek.com/blog/rss
comparison,https://www.cyotek.com/blog/tools-we-use-2023-edition
comparison,https://demo.cyotek.com/changelog.php
comparison,https://www.cyotek.com/blog/tools-we-use-2024-edition
comparison,https://www.cyotek.com/rss
comparison,https://www.cyotek.com/blog/rss
file,https://www.cyotek.com/blog/rss
file,https://www.cyotek.com/products
file,https://demo.cyotek.com/changelog.php
file,https://demo.cyotek.com/css/datauri.php
file,https://www.cyotek.com/blog/products/crowdstrike-falcon-false-positives
file,https://www.cyotek.com/blog/tools-we-use-2023-edition
file,https://www.cyotek.com/privacy-policy
file,https://www.cyotek.com/cyotek-webcopy
file,https://www.cyotek.com/blog/tools-we-use-2024-edition
file,https://www.cyotek.com/source-code
file,https://www.cyotek.com/open-source
file,https://www.cyotek.com/cyotek-slicr
file,https://www.cyotek.com/rss
file,https://www.cyotek.com/blog/products
sizes,https://www.cyotek.com/products
sizes,https://demo.cyotek.com/changelog.php
sizes,https://www.cyotek.com/cyotek-slicr
sizes,https://www.cyotek.com/rss
sizes,https://www.cyotek.com/blog/rss
1.29.0,https://demo.cyotek.com/changelog.php
fake,https://demo.cyotek.com/changelog.php
fake,https://www.cyotek.com/rss
fake,https://www.cyotek.com/blog/rss
application,https://www.cyotek.com/products
application,https://www.cyotek.com/cyotek-sitemap-creator
application,https://www.cyotek.com/blog/tools-we-use-2023-edition
application,https://demo.cyotek.com/changelog.php
application,https://www.cyotek.com/privacy-policy
application,https://www.cyotek.com/blog/tools-we-use-2024-edition
application,https://www.cyotek.com/source-code
application,https://www.cyotek.com/cyotek-spriter
application,https://www.cyotek.com/open-source
application,https://www.cyotek.com/cyotek-slicr
application,https://www.cyotek.com/rss
application,https://www.cyotek.com/blog/rss
1.28.1,https://demo.cyotek.com/changelog.php
referer,https://demo.cyotek.com/features/index.php
referer,https://demo.cyotek.com/changelog.php
user,https://www.cyotek.com/blog/tools-we-use-2023-edition
user,https://demo.cyotek.com/changelog.php
user,https://www.cyotek.com/blog/tools-we-use-2024-edition
user,https://www.cyotek.com/terms-of-use
user,https://www.cyotek.com/open-source
user,https://demo.cyotek.com/about.php
user,https://demo.cyotek.com/features/index.php
user,https://www.cyotek.com/rss
user,https://www.cyotek.com/blog/rss
agent,https://demo.cyotek.com/features/index.php
agent,https://demo.cyotek.com/changelog.php
agent,https://www.cyotek.com/rss
agent,https://www.cyotek.com/blog/rss
block,https://www.cyotek.com/blog/products/introducing-webview2-support-part-1
block,https://www.cyotek.com/blog/tools-we-use-2023-edition
block,https://demo.cyotek.com/changelog.php
block,https://www.cyotek.com/blog/tools-we-use-2024-edition
block,https://www.cyotek.com/rss
block,https://www.cyotek.com/blog/rss
different,https://www.cyotek.com/blog/tools-we-use-2023-edition
different,https://demo.cyotek.com/changelog.php
different,https://www.cyotek.com/blog/products/crowdstrike-falcon-false-positives
different,https://www.cyotek.com/blog
different,https://demo.cyotek.com/javascript/uritransform.php
different,https://www.cyotek.com/blog/tools-we-use-2024-edition
different,https://www.cyotek.com/rss
different,https://www.cyotek.com/blog/rss
triggers,https://demo.cyotek.com/changelog.php
1.28.0,https://demo.cyotek.com/changelog.php
header,https://demo.cyotek.com/features/index.php
header,https://demo.cyotek.com/changelog.php
header,https://www.cyotek.com/rss
header,https://www.cyotek.com/blog/rss
1.27.0,https://demo.cyotek.com/changelog.php
blocking,https://demo.cyotek.com/changelog.php
1.26.0,https://demo.cyotek.com/changelog.php
1.25.2,https://demo.cyotek.com/changelog.php
style,https://demo.cyotek.com/html/index.php
style,https://demo.cyotek.com/css/import.php
style,https://demo.cyotek.com/changelog.php
style,https://www.cyotek.com/source-code
style,https://www.cyotek.com/rss
style,https://www.cyotek.com/blog/rss
tweaks,https://demo.cyotek.com/changelog.php
tweaks,https://www.cyotek.com/rss
corrected,https://demo.cyotek.com/changelog.php
corrected,https://www.cyotek.com/rss
corrected,https://www.cyotek.com/blog/rss
spelling,https://demo.cyotek.com/changelog.php
spelling,https://www.cyotek.com/rss
spelling,https://www.cyotek.com/blog/rss
badly,https://demo.cyotek.com/changelog.php
badly,https://www.cyotek.com/rss
badly,https://www.cyotek.com/blog/rss
written,https://www.cyotek.com/blog/tools-we-use-2023-edition
written,https://demo.cyotek.com/changelog.php
written,https://www.cyotek.com/source-code
written,https://www.cyotek.com/open-source
written,https://demo.cyotek.com/about.php
written,https://www.cyotek.com/rss
written,https://www.cyotek.com/copyright-and-trademarks
written,https://www.cyotek.com/blog/rss
text,https://www.cyotek.com/products
text,https://www.cyotek.com/blog/tools-we-use-2023-edition
text,https://demo.cyotek.com/changelog.php
text,https://www.cyotek.com/blog/tools-we-use-2024-edition
text,https://www.cyotek.com/source-code
text,https://www.cyotek.com/open-source
text,https://www.cyotek.com/cyotek-spriter
text,https://demo.cyotek.com/about.php
text,https://www.cyotek.com/rss
text,https://www.cyotek.com/blog/rss
headers,https://www.cyotek.com/blog/rss
headers,https://demo.cyotek.com/changelog.php
headers,https://demo.cyotek.com/statuscodes/3xx/304.php
headers,https://demo.cyotek.com/features/index.php
headers,https://www.cyotek.com/rss
demo,https://demo.cyotek.com/about.php
demo,https://demo.cyotek.com/changelog.php
demo,https://www.cyotek.com/rss
demo,https://www.cyotek.com/blog/rss
didn't,https://www.cyotek.com/blog/resolving-svn-error-could-not-open-the-requested-svn-filesystem
didn't,https://www.cyotek.com/blog/tools-we-use-2023-edition
didn't,https://demo.cyotek.com/changelog.php
didn't,https://www.cyotek.com/blog/tools-we-use-2024-edition
didn't,https://demo.cyotek.com/about.php
didn't,https://www.cyotek.com/rss
didn't,https://www.cyotek.com/blog/rss
work,https://www.cyotek.com/blog/products/introducing-webview2-support-part-1
work,https://www.cyotek.com/cyotek-gif-animator
work,https://www.cyotek.com/cyotek-palette-editor
work,https://www.cyotek.com/products
work,https://www.cyotek.com/blog/tools-we-use-2023-edition
work,https://demo.cyotek.com/changelog.php
work,https://www.cyotek.com/cyotek-webcopy
work,https://www.cyotek.com/blog/tools-we-use-2024-edition
work,https://www.cyotek.com/source-code
work,https://www.cyotek.com/rss
work,https://www.cyotek.com/blog/rss
php,https://www.cyotek.com/blog/tools-we-use-2023-edition
php,https://demo.cyotek.com/changelog.php
php,https://www.cyotek.com/blog/tools-we-use-2024-edition
php,https://www.cyotek.com/open-source
php,https://demo.cyotek.com/about.php
php,https://www.cyotek.com/rss
php,https://www.cyotek.com/blog/rss
reformatted,https://demo.cyotek.com/changelog.php
documentation,https://docs.cyotek.com/
documentation,https://support.cyotek.com
documentation,https://www.cyotek.com/blog/tools-we-use-2023-edition
documentation,https://demo.cyotek.com/statuscodes/3xx/303.php
documentation,https://demo.cyotek.com/statuscodes/3xx/301.php
documentation,https://demo.cyotek.com/statuscodes/3xx/302.php
documentation,https://www.cyotek.com/contact
documentation,https://www.cyotek.com/blog/tools-we-use-2024-edition
documentation,https://www.cyotek.com/cyotek-spriter
documentation,https://www.cyotek.com/blog/rss
documentation,https://www.cyotek.com/cyotek-palette-editor
documentation,https://www.cyotek.com/cyotek-sitemap-creator
documentation,https://demo.cyotek.com/changelog.php
documentation,https://www.cyotek.com/cyotek-webcopy
documentation,https://www.cyotek.com/rss
documentation,https://www.cyotek.com/cyotek-gif-animator
documentation,https://www.cyotek.com/cyotek-copytools
documentation,https://demo.cyotek.com/statuscodes/3xx/307.php
documentation,https://www.cyotek.com/cyotek-slicr
1.25.1,https://demo.cyotek.com/changelog.php
help,https://www.cyotek.com/blog/resolving-svn-error-could-not-open-the-requested-svn-filesystem
help,https://support.cyotek.com
help,https://www.cyotek.com/blog/tools-we-use-2023-edition
help,https://www.cyotek.com/open-source
help,https://demo.cyotek.com/about.php
help,https://www.cyotek.com/products
help,https://www.cyotek.com/jewel-rush
help,https://www.cyotek.com/cyotek-nbt-editor
help,https://www.cyotek.com/contact
help,https://www.cyotek.com/blog/tools-we-use-2024-edition
help,https://www.cyotek.com/source-code
help,https://www.cyotek.com/cyotek-spriter
help,https://www.cyotek.com/blog/rss
help,https://www.cyotek.com/donate
help,https://www.cyotek.com/cyotek-palette-editor
help,https://www.cyotek.com/cyotek-sitemap-creator
help,https://demo.cyotek.com/changelog.php
help,https://www.cyotek.com/blog/products/introducing-64bit-builds
help,https://www.cyotek.com/cyotek-webcopy
help,https://www.cyotek.com/blog
help,https://www.cyotek.com/rss
help,https://www.cyotek.com/blog/products
help,https://www.cyotek.com/blog/products/introducing-webview2-support-part-1
help,https://www.cyotek.com/cyotek-gif-animator
help,https://www.cyotek.com/cyotek-copytools
help,https://www.cyotek.com/blog/products/crowdstrike-falcon-false-positives
help,https://www.cyotek.com/privacy-policy
help,https://www.cyotek.com/cyotek-slicr
help,https://www.cyotek.com/downloads
links,https://www.cyotek.com/products
links,https://www.cyotek.com/cyotek-sitemap-creator
links,https://demo.cyotek.com/changelog.php
links,https://www.cyotek.com/privacy-policy
links,https://www.cyotek.com/cyotek-webcopy
links,https://demo.cyotek.com/javascript/uritransform.php
links,https://www.cyotek.com/terms-of-use
links,https://www.cyotek.com/open-source
links,https://www.cyotek.com/rss
links,https://www.cyotek.com/blog/rss
javascript\dom,https://demo.cyotek.com/changelog.php
was,https://www.cyotek.com/blog/products/introducing-webview2-support-part-1
was,https://www.cyotek.com/blog/resolving-svn-error-could-not-open-the-requested-svn-filesystem
was,https://www.cyotek.com/products
was,https://demo.cyotek.com/statuscodes/3xx/302.php
was,https://www.cyotek.com/cyotek-nbt-editor
was,https://demo.cyotek.com/changelog.php
was,https://demo.cyotek.com/css/datauri.php
was,https://www.cyotek.com/blog/tools-we-use-2023-edition
was,https://www.cyotek.com/blog/products/introducing-64bit-builds
was,https://www.cyotek.com/blog/tools-we-use-2024-edition
was,https://demo.cyotek.com/statuscodes/3xx/307.php
was,https://demo.cyotek.com/about.php
was,https://www.cyotek.com/rss
was,https://www.cyotek.com/blog/rss
showing,https://www.cyotek.com/blog/tools-we-use-2023-edition
showing,https://demo.cyotek.com/changelog.php
showing,https://www.cyotek.com/source-code
showing,https://www.cyotek.com/blog/tools-we-use-2024-edition
showing,https://www.cyotek.com/rss
showing,https://www.cyotek.com/blog/rss
wrong,https://demo.cyotek.com/changelog.php
wrong,https://www.cyotek.com/rss
wrong,https://www.cyotek.com/blog/rss
sidebar,https://demo.cyotek.com/changelog.php
sidebar,https://www.cyotek.com/rss
sidebar,https://www.cyotek.com/blog/rss
1.25.0,https://demo.cyotek.com/changelog.php
features\paths,https://demo.cyotek.com/changelog.php
removed,https://www.cyotek.com/privacy-policy
removed,https://demo.cyotek.com/changelog.php
removed,https://www.cyotek.com/rss
removed,https://www.cyotek.com/blog/rss
invalid,https://demo.cyotek.com/changelog.php
invalid,https://www.cyotek.com/blog/rss
invalid,https://www.cyotek.com/rss
invalid,https://www.cyotek.com/blog/products
</div>,https://demo.cyotek.com/changelog.php
</div>,https://www.cyotek.com/rss
</div>,https://www.cyotek.com/blog/rss
tags,https://www.cyotek.com/blog/resolving-svn-error-could-not-open-the-requested-svn-filesystem
tags,https://demo.cyotek.com/html/index.php
tags,https://www.cyotek.com/blog/tools-we-use-2023-edition
tags,https://www.cyotek.com/cyotek-nbt-editor
tags,https://demo.cyotek.com/changelog.php
tags,https://www.cyotek.com/blog
tags,https://www.cyotek.com/blog/tools-we-use-2024-edition
tags,https://www.cyotek.com/open-source
tags,https://www.cyotek.com/rss
tags,https://www.cyotek.com/blog/rss
template,https://www.cyotek.com/products
template,https://demo.cyotek.com/changelog.php
template,https://www.cyotek.com/cyotek-spriter
template,https://www.cyotek.com/rss
template,https://www.cyotek.com/blog/rss
1.24.1,https://demo.cyotek.com/changelog.php
link,https://demo.cyotek.com/html/index.php
link,https://demo.cyotek.com/changelog.php
link,https://www.cyotek.com/privacy-policy
link,https://www.cyotek.com/terms-of-use
link,https://www.cyotek.com/rss
link,https://www.cyotek.com/blog/rss
features\downloads,https://demo.cyotek.com/changelog.php
will,https://www.cyotek.com/blog/resolving-svn-error-could-not-open-the-requested-svn-filesystem
will,https://support.cyotek.com
will,https://www.cyotek.com/blog/tools-we-use-2023-edition
will,https://demo.cyotek.com/javascript/uritransform.php
will,https://www.cyotek.com/products
will,https://www.cyotek.com/jewel-rush
will,https://www.cyotek.com/contact
will,https://www.cyotek.com/blog/tools-we-use-2024-edition
will,https://www.cyotek.com/blog/rss
will,https://www.cyotek.com/cyotek-sitemap-creator
will,https://demo.cyotek.com/changelog.php
will,https://www.cyotek.com/blog/products/introducing-64bit-builds
will,https://www.cyotek.com/cyotek-webcopy
will,https://www.cyotek.com/rss
will,https://www.cyotek.com/blog/products
will,https://www.cyotek.com/blog/products/introducing-webview2-support-part-1
will,https://www.cyotek.com/blog/products/crowdstrike-falcon-false-positives
will,https://www.cyotek.com/privacy-policy
will,https://www.cyotek.com/terms-of-use
allow,https://www.cyotek.com/blog/products/introducing-webview2-support-part-1
allow,https://demo.cyotek.com/changelog.php
allow,https://www.cyotek.com/privacy-policy
allow,https://www.cyotek.com/source-code
allow,https://www.cyotek.com/blog/tools-we-use-2024-edition
allow,https://www.cyotek.com/rss
allow,https://www.cyotek.com/blog/rss
custom,https://demo.cyotek.com/html/index.php
custom,https://demo.cyotek.com/changelog.php
custom,https://www.cyotek.com/blog
custom,https://www.cyotek.com/source-code
custom,https://www.cyotek.com/open-source
custom,https://www.cyotek.com/rss
custom,https://www.cyotek.com/blog/rss
above,https://www.cyotek.com/blog/tools-we-use-2023-edition
above,https://demo.cyotek.com/changelog.php
above,https://demo.cyotek.com/css/datauri.php
above,https://www.cyotek.com/privacy-policy
above,https://www.cyotek.com/blog/tools-we-use-2024-edition
above,https://demo.cyotek.com/about.php
above,https://www.cyotek.com/rss
above,https://www.cyotek.com/blog/rss
10mb,https://www.cyotek.com/jewel-rush
10mb,https://demo.cyotek.com/changelog.php
be,https://www.cyotek.com/blog/resolving-svn-error-could-not-open-the-requested-svn-filesystem
be,https://www.cyotek.com/blog/tools-we-use-2023-edition
be,https://demo.cyotek.com/statuscodes/3xx/307.php
be,https://demo.cyotek.com/javascript/uritransform.php
be,https://www.cyotek.com/open-source
be,https://demo.cyotek.com/statuscodes/3xx/303.php
be,https://demo.cyotek.com/statuscodes/3xx/301.php
be,https://www.cyotek.com/products
be,https://www.cyotek.com/jewel-rush
be,https://www.cyotek.com/cyotek-nbt-editor
be,https://www.cyotek.com/contact
be,https://www.cyotek.com/blog/tools-we-use-2024-edition
be,https://www.cyotek.com/source-code
be,https://www.cyotek.com/cyotek-spriter
be,https://www.cyotek.com/blog/rss
be,https://www.cyotek.com/donate
be,https://www.cyotek.com/cyotek-palette-editor
be,https://www.cyotek.com/cyotek-sitemap-creator
be,https://demo.cyotek.com/changelog.php
be,https://demo.cyotek.com/css/datauri.php
be,https://www.cyotek.com/blog/products/introducing-64bit-builds
be,https://www.cyotek.com/cyotek-webcopy
be,https://www.cyotek.com/blog
be,https://demo.cyotek.com/javascript/dom.php
be,https://www.cyotek.com/rss
be,https://www.cyotek.com/blog/products
be,https://www.cyotek.com/blog/products/introducing-webview2-support-part-1
be,https://www.cyotek.com/cyotek-gif-animator
be,https://www.cyotek.com/cyotek-copytools
be,https://www.cyotek.com/blog/products/crowdstrike-falcon-false-positives
be,https://www.cyotek.com/privacy-policy
be,https://www.cyotek.com/terms-of-use
be,https://www.cyotek.com/cyotek-slicr
be,https://www.cyotek.com/downloads
be,https://www.cyotek.com/copyright-and-trademarks
returned,https://demo.cyotek.com/changelog.php
returned,https://www.cyotek.com/rss
returned,https://www.cyotek.com/blog/rss
content-length,https://demo.cyotek.com/changelog.php
but,https://www.cyotek.com/blog/resolving-svn-error-could-not-open-the-requested-svn-filesystem
but,https://www.cyotek.com/blog/tools-we-use-2023-edition
but,https://www.cyotek.com/open-source
but,https://demo.cyotek.com/about.php
but,https://www.cyotek.com/jewel-rush
but,https://demo.cyotek.com/statuscodes/3xx/302.php
but,https://www.cyotek.com/cyotek-nbt-editor
but,https://www.cyotek.com/blog/tools-we-use-2024-edition
but,https://www.cyotek.com/source-code
but,https://www.cyotek.com/cyotek-spriter
but,https://www.cyotek.com/blog/rss
but,https://www.cyotek.com/donate
but,https://www.cyotek.com/cyotek-palette-editor
but,https://www.cyotek.com/cyotek-sitemap-creator
but,https://demo.cyotek.com/changelog.php
but,https://www.cyotek.com/blog/products/introducing-64bit-builds
but,https://www.cyotek.com/cyotek-webcopy
but,https://www.cyotek.com/blog
but,https://www.cyotek.com/rss
but,https://www.cyotek.com/blog/products
but,https://www.cyotek.com/blog/products/introducing-webview2-support-part-1
but,https://www.cyotek.com/cyotek-gif-animator
but,https://www.cyotek.com/cyotek-copytools
but,https://www.cyotek.com/blog/products/crowdstrike-falcon-false-positives
but,https://www.cyotek.com/privacy-policy
but,https://www.cyotek.com/terms-of-use
but,https://www.cyotek.com/cyotek-slicr
but,https://www.cyotek.com/downloads
but,https://www.cyotek.com/copyright-and-trademarks
send,https://docs.cyotek.com/
send,https://demo.cyotek.com/changelog.php
send,https://www.cyotek.com/contact
send,https://www.cyotek.com/rss
send,https://www.cyotek.com/blog/rss
volume,https://www.cyotek.com/blog/tools-we-use-2023-edition
volume,https://demo.cyotek.com/changelog.php
volume,https://www.cyotek.com/blog/tools-we-use-2024-edition
volume,https://www.cyotek.com/rss
volume,https://www.cyotek.com/blog/rss
no,https://www.cyotek.com/blog/products/introducing-webview2-support-part-1
no,https://www.cyotek.com/blog/resolving-svn-error-could-not-open-the-requested-svn-filesystem
no,https://www.cyotek.com/downloads
no,https://www.cyotek.com/blog/rss
no,https://www.cyotek.com/jewel-rush
no,https://demo.cyotek.com/changelog.php
no,https://www.cyotek.com/blog/products/crowdstrike-falcon-false-positives
no,https://www.cyotek.com/blog/tools-we-use-2023-edition
no,https://www.cyotek.com/privacy-policy
no,https://www.cyotek.com/blog
no,https://www.cyotek.com/blog/tools-we-use-2024-edition
no,https://demo.cyotek.com/statuscodes/3xx/304.php
no,https://www.cyotek.com/terms-of-use
no,https://demo.cyotek.com/about.php
no,https://www.cyotek.com/rss
no,https://www.cyotek.com/blog/products
longer,https://www.cyotek.com/blog/products/introducing-webview2-support-part-1
longer,https://demo.cyotek.com/changelog.php
longer,https://www.cyotek.com/downloads
longer,https://www.cyotek.com/rss
longer,https://www.cyotek.com/blog/rss
returns,https://demo.cyotek.com/changelog.php
returns,https://www.cyotek.com/rss
returns,https://www.cyotek.com/blog/rss
than,https://www.cyotek.com/blog/tools-we-use-2023-edition
than,https://demo.cyotek.com/changelog.php
than,https://demo.cyotek.com/css/datauri.php
than,https://www.cyotek.com/privacy-policy
than,https://www.cyotek.com/blog/tools-we-use-2024-edition
than,https://www.cyotek.com/terms-of-use
than,https://demo.cyotek.com/about.php
than,https://www.cyotek.com/rss
than,https://www.cyotek.com/copyright-and-trademarks
than,https://www.cyotek.com/blog/rss
1mb,https://demo.cyotek.com/changelog.php
1.24.0,https://demo.cyotek.com/changelog.php
1.23.0,https://demo.cyotek.com/changelog.php
features\certificates,https://demo.cyotek.com/changelog.php
1.22.2,https://demo.cyotek.com/changelog.php
cookies,https://www.cyotek.com/blog/products/introducing-webview2-support-part-1
cookies,https://demo.cyotek.com/changelog.php
cookies,https://www.cyotek.com/privacy-policy
cookies,https://www.cyotek.com/source-code
cookies,https://www.cyotek.com/open-source
cookies,https://demo.cyotek.com/features/index.php
cookies,https://www.cyotek.com/rss
cookies,https://www.cyotek.com/blog/rss
paths,https://demo.cyotek.com/features/index.php
paths,https://demo.cyotek.com/changelog.php
paths,https://www.cyotek.com/rss
paths,https://www.cyotek.com/blog/rss
domain,https://www.cyotek.com/blog/tools-we-use-2023-edition
domain,https://demo.cyotek.com/changelog.php
domain,https://www.cyotek.com/blog/tools-we-use-2024-edition
domain,https://www.cyotek.com/rss
domain,https://www.cyotek.com/blog/rss
if,https://www.cyotek.com/blog/resolving-svn-error-could-not-open-the-requested-svn-filesystem
if,https://www.cyotek.com/blog/tools-we-use-2023-edition
if,https://www.cyotek.com/open-source
if,https://www.cyotek.com/products
if,https://www.cyotek.com/jewel-rush
if,https://www.cyotek.com/cyotek-nbt-editor
if,https://www.cyotek.com/blog/tools-we-use-2024-edition
if,https://www.cyotek.com/source-code
if,https://www.cyotek.com/cyotek-spriter
if,https://www.cyotek.com/blog/rss
if,https://www.cyotek.com/donate
if,https://www.cyotek.com/cyotek-palette-editor
if,https://www.cyotek.com/cyotek-sitemap-creator
if,https://demo.cyotek.com/changelog.php
if,https://www.cyotek.com/blog/products/introducing-64bit-builds
if,https://www.cyotek.com/cyotek-webcopy
if,https://www.cyotek.com/blog
if,https://demo.cyotek.com/javascript/dom.php
if,https://www.cyotek.com/rss
if,https://www.cyotek.com/blog/products
if,https://www.cyotek.com/blog/products/introducing-webview2-support-part-1
if,https://www.cyotek.com/cyotek-gif-animator
if,https://www.cyotek.com/cyotek-copytools
if,https://www.cyotek.com/blog/products/crowdstrike-falcon-false-positives
if,https://www.cyotek.com/privacy-policy
if,https://www.cyotek.com/terms-of-use
if,https://www.cyotek.com/cyotek-slicr
if,https://www.cyotek.com/downloads
if,https://www.cyotek.com/copyright-and-trademarks
port,https://demo.cyotek.com/changelog.php
port,https://www.cyotek.com/rss
port,https://www.cyotek.com/blog/rss
used,https://www.cyotek.com/blog/resolving-svn-error-could-not-open-the-requested-svn-filesystem
used,https://www.cyotek.com/blog/tools-we-use-2023-edition
used,https://demo.cyotek.com/css/url.php
used,https://www.cyotek.com/open-source
used,https://demo.cyotek.com/about.php
used,https://www.cyotek.com/products
used,https://www.cyotek.com/jewel-rush
used,https://www.cyotek.com/cyotek-nbt-editor
used,https://www.cyotek.com/blog/tools-we-use-2024-edition
used,https://www.cyotek.com/source-code
used,https://www.cyotek.com/cyotek-spriter
used,https://www.cyotek.com/blog/rss
used,https://www.cyotek.com/cyotek-palette-editor
used,https://www.cyotek.com/cyotek-sitemap-creator
used,https://demo.cyotek.com/css/import.php
used,https://demo.cyotek.com/changelog.php
used,https://www.cyotek.com/blog/products/introducing-64bit-builds
used,https://www.cyotek.com/cyotek-webcopy
used,https://www.cyotek.com/blog
used,https://www.cyotek.com/rss
used,https://www.cyotek.com/blog/products
used,https://www.cyotek.com/blog/products/introducing-webview2-support-part-1
used,https://www.cyotek.com/cyotek-gif-animator
used,https://www.cyotek.com/cyotek-copytools
used,https://www.cyotek.com/blog/products/crowdstrike-falcon-false-positives
used,https://www.cyotek.com/privacy-policy
used,https://www.cyotek.com/cyotek-slicr
used,https://www.cyotek.com/downloads
1.22.1,https://demo.cyotek.com/changelog.php
demonstrating,https://demo.cyotek.com/changelog.php
demonstrating,https://www.cyotek.com/source-code
demonstrating,https://www.cyotek.com/open-source
demonstrating,https://www.cyotek.com/rss
demonstrating,https://www.cyotek.com/blog/rss
wasn't,https://demo.cyotek.com/changelog.php
wasn't,https://www.cyotek.com/rss
wasn't,https://www.cyotek.com/blog/rss
unique,https://www.cyotek.com/donate
unique,https://demo.cyotek.com/changelog.php
unique,https://www.cyotek.com/rss
unique,https://www.cyotek.com/blog/rss
values,https://www.cyotek.com/cyotek-nbt-editor
values,https://demo.cyotek.com/changelog.php
values,https://demo.cyotek.com/css/datauri.php
values,https://www.cyotek.com/rss
values,https://www.cyotek.com/blog/rss
1.22.0,https://demo.cyotek.com/changelog.php
features\cookies,https://demo.cyotek.com/changelog.php
features\authentication,https://demo.cyotek.com/changelog.php
printarray,https://demo.cyotek.com/changelog.php
writes,https://demo.cyotek.com/changelog.php
writes,https://www.cyotek.com/rss
writes,https://www.cyotek.com/blog/rss
"""none""",https://demo.cyotek.com/changelog.php
array,https://demo.cyotek.com/changelog.php
array,https://www.cyotek.com/rss
array,https://www.cyotek.com/source-code
array,https://www.cyotek.com/blog/rss
has,https://www.cyotek.com/blog/products/introducing-webview2-support-part-1
has,https://demo.cyotek.com/statuscodes/3xx/303.php
has,https://www.cyotek.com/blog/resolving-svn-error-could-not-open-the-requested-svn-filesystem
has,https://www.cyotek.com/blog/rss
has,https://www.cyotek.com/products
has,https://www.cyotek.com/jewel-rush
has,https://demo.cyotek.com/changelog.php
has,https://demo.cyotek.com/css/datauri.php
has,https://www.cyotek.com/blog/products/crowdstrike-falcon-false-positives
has,https://www.cyotek.com/blog/tools-we-use-2023-edition
has,https://www.cyotek.com/blog/products/introducing-64bit-builds
has,https://www.cyotek.com/blog
has,https://www.cyotek.com/blog/tools-we-use-2024-edition
has,https://demo.cyotek.com/statuscodes/3xx/304.php
has,https://demo.cyotek.com/about.php
has,https://www.cyotek.com/rss
has,https://www.cyotek.com/blog/products
items,https://www.cyotek.com/cyotek-nbt-editor
items,https://demo.cyotek.com/changelog.php
items,https://www.cyotek.com/source-code
items,https://www.cyotek.com/open-source
items,https://www.cyotek.com/rss
items,https://www.cyotek.com/blog/rss
1.21.0,https://demo.cyotek.com/changelog.php
features\request,https://demo.cyotek.com/changelog.php
1.20.0,https://demo.cyotek.com/changelog.php
methods\head,https://demo.cyotek.com/changelog.php
(unlinked),https://demo.cyotek.com/changelog.php
index,https://demo.cyotek.com/javascript/uritransform.php
index,https://demo.cyotek.com/changelog.php
index,https://www.cyotek.com/rss
index,https://www.cyotek.com/blog/rss
methods,https://demo.cyotek.com/changelog.php
methods,https://www.cyotek.com/rss
methods,https://www.cyotek.com/blog/rss
did,https://www.cyotek.com/blog/resolving-svn-error-could-not-open-the-requested-svn-filesystem
did,https://www.cyotek.com/blog/tools-we-use-2023-edition
did,https://demo.cyotek.com/changelog.php
did,https://www.cyotek.com/blog/tools-we-use-2024-edition
did,https://www.cyotek.com/rss
did,https://www.cyotek.com/blog/rss
back,https://www.cyotek.com/blog/resolving-svn-error-could-not-open-the-requested-svn-filesystem
back,https://www.cyotek.com/blog/tools-we-use-2023-edition
back,https://demo.cyotek.com/changelog.php
back,https://www.cyotek.com/blog/products/crowdstrike-falcon-false-positives
back,https://www.cyotek.com/blog/tools-we-use-2024-edition
back,https://demo.cyotek.com/about.php
back,https://www.cyotek.com/rss
back,https://www.cyotek.com/blog/rss
page.,https://demo.cyotek.com/changelog.php
page.,https://www.cyotek.com/privacy-policy
page.,https://demo.cyotek.com/javascript/uritransform.php
page.,https://www.cyotek.com/rss
page.,https://www.cyotek.com/blog/rss
displays,https://demo.cyotek.com/changelog.php
displays,https://www.cyotek.com/rss
displays,https://www.cyotek.com/blog/rss
normal,https://demo.cyotek.com/changelog.php
normal,https://www.cyotek.com/rss
normal,https://www.cyotek.com/blog/rss
demonstrations.,https://demo.cyotek.com/changelog.php
1.19.0,https://demo.cyotek.com/changelog.php
text-decoration-skip-ink,https://demo.cyotek.com/changelog.php
undo,https://demo.cyotek.com/changelog.php
undo,https://www.cyotek.com/rss
undo,https://www.cyotek.com/blog/rss
google's,https://www.cyotek.com/privacy-policy
google's,https://demo.cyotek.com/changelog.php
google's,https://www.cyotek.com/rss
google's,https://www.cyotek.com/blog/rss
roughshod,https://demo.cyotek.com/changelog.php
"""we",https://demo.cyotek.com/changelog.php
know,https://www.cyotek.com/blog/resolving-svn-error-could-not-open-the-requested-svn-filesystem
know,https://demo.cyotek.com/changelog.php
know,https://www.cyotek.com/blog/products/crowdstrike-falcon-false-positives
know,https://www.cyotek.com/privacy-policy
know,https://www.cyotek.com/rss
know,https://www.cyotek.com/blog/rss
what's,https://demo.cyotek.com/changelog.php
what's,https://www.cyotek.com/rss
what's,https://www.cyotek.com/blog/rss
best,https://www.cyotek.com/jewel-rush
best,https://www.cyotek.com/blog/tools-we-use-2023-edition
best,https://demo.cyotek.com/changelog.php
best,https://www.cyotek.com/cyotek-webcopy
best,https://www.cyotek.com/blog/tools-we-use-2024-edition
best,https://demo.cyotek.com/about.php
best,https://www.cyotek.com/rss
best,https://www.cyotek.com/blog/rss
"you""",https://demo.cyotek.com/changelog.php
"you""",https://www.cyotek.com/rss
"you""",https://www.cyotek.com/blog/rss
1.18.0,https://demo.cyotek.com/changelog.php
action,https://www.cyotek.com/cyotek-copytools
action,https://www.cyotek.com/products
action,https://www.cyotek.com/jewel-rush
action,https://demo.cyotek.com/changelog.php
action,https://www.cyotek.com/rss
action,https://www.cyotek.com/blog/rss
html\elements\form,https://demo.cyotek.com/changelog.php
fully,https://www.cyotek.com/blog/tools-we-use-2023-edition
fully,https://demo.cyotek.com/changelog.php
fully,https://www.cyotek.com/blog/tools-we-use-2024-edition
fully,https://www.cyotek.com/rss
fully,https://www.cyotek.com/blog/rss
qualified,https://demo.cyotek.com/changelog.php
qualified,https://www.cyotek.com/rss
qualified,https://www.cyotek.com/blog/rss
urls,https://demo.cyotek.com/features/index.php
urls,https://demo.cyotek.com/changelog.php
urls,https://www.cyotek.com/rss
urls,https://www.cyotek.com/blog/rss
should,https://www.cyotek.com/blog/products/introducing-webview2-support-part-1
should,https://demo.cyotek.com/statuscodes/3xx/303.php
should,https://www.cyotek.com/blog/resolving-svn-error-could-not-open-the-requested-svn-filesystem
should,https://demo.cyotek.com/statuscodes/3xx/301.php
should,https://demo.cyotek.com/changelog.php
should,https://www.cyotek.com/blog/products/crowdstrike-falcon-false-positives
should,https://www.cyotek.com/privacy-policy
should,https://demo.cyotek.com/statuscodes/3xx/307.php
should,https://demo.cyotek.com/about.php
should,https://www.cyotek.com/rss
should,https://www.cyotek.com/blog/rss
correct,https://demo.cyotek.com/changelog.php
correct,https://www.cyotek.com/privacy-policy
correct,https://www.cyotek.com/source-code
correct,https://www.cyotek.com/rss
correct,https://www.cyotek.com/blog/rss
protocol,https://www.cyotek.com/privacy-policy
protocol,https://demo.cyotek.com/changelog.php
protocol,https://www.cyotek.com/rss
when,https://demo.cyotek.com/statuscodes/3xx/303.php
when,https://www.cyotek.com/blog/resolving-svn-error-could-not-open-the-requested-svn-filesystem
when,https://www.cyotek.com/blog/rss
when,https://www.cyotek.com/cyotek-copytools
when,https://www.cyotek.com/products
when,https://demo.cyotek.com/changelog.php
when,https://www.cyotek.com/blog/products/crowdstrike-falcon-false-positives
when,https://demo.cyotek.com/css/datauri.php
when,https://www.cyotek.com/blog/tools-we-use-2023-edition
when,https://www.cyotek.com/privacy-policy
when,https://www.cyotek.com/blog/tools-we-use-2024-edition
when,https://www.cyotek.com/source-code
when,https://demo.cyotek.com/statuscodes/3xx/307.php
when,https://www.cyotek.com/open-source
when,https://www.cyotek.com/cyotek-spriter
when,https://www.cyotek.com/rss
when,https://www.cyotek.com/blog/products
https,https://demo.cyotek.com/changelog.php
https,https://www.cyotek.com/rss
https,https://www.cyotek.com/blog/rss
enabled,https://demo.cyotek.com/changelog.php
enabled,https://demo.cyotek.com/javascript/dom.php
enabled,https://www.cyotek.com/rss
enabled,https://www.cyotek.com/blog/rss
1.17.1,https://demo.cyotek.com/changelog.php
hidden,https://demo.cyotek.com/changelog.php
hidden,https://www.cyotek.com/rss
hidden,https://www.cyotek.com/blog/rss
input,https://demo.cyotek.com/changelog.php
input,https://www.cyotek.com/rss
input,https://www.cyotek.com/blog/rss
element,https://demo.cyotek.com/changelog.php
element,https://demo.cyotek.com/css/datauri.php
element,https://www.cyotek.com/rss
element,https://www.cyotek.com/blog/rss
quoting,https://demo.cyotek.com/changelog.php
quoting,https://www.cyotek.com/rss
quoting,https://www.cyotek.com/blog/rss
value,https://demo.cyotek.com/changelog.php
value,https://www.cyotek.com/rss
value,https://www.cyotek.com/blog/rss
1.17.0,https://demo.cyotek.com/changelog.php
elements,https://demo.cyotek.com/html/index.php
elements,https://www.cyotek.com/blog/products
elements,https://demo.cyotek.com/changelog.php
elements,https://www.cyotek.com/rss
elements,https://www.cyotek.com/blog/rss
1.16.1,https://demo.cyotek.com/changelog.php
html\attributes\custom,https://demo.cyotek.com/changelog.php
additional,https://www.cyotek.com/blog/products
additional,https://demo.cyotek.com/changelog.php
additional,https://www.cyotek.com/source-code
additional,https://demo.cyotek.com/about.php
additional,https://www.cyotek.com/rss
additional,https://www.cyotek.com/blog/rss
1.16.0,https://demo.cyotek.com/changelog.php
html\elements\meta,https://demo.cyotek.com/changelog.php
type,https://www.cyotek.com/blog/tools-we-use-2023-edition
type,https://demo.cyotek.com/changelog.php
type,https://www.cyotek.com/source-code
type,https://www.cyotek.com/blog/tools-we-use-2024-edition
type,https://www.cyotek.com/rss
type,https://www.cyotek.com/blog/rss
1.15.0,https://demo.cyotek.com/changelog.php
javascript\uri,https://demo.cyotek.com/changelog.php
point,https://www.cyotek.com/blog/tools-we-use-2023-edition
point,https://demo.cyotek.com/changelog.php
point,https://www.cyotek.com/blog/products/crowdstrike-falcon-false-positives
point,https://www.cyotek.com/source-code
point,https://www.cyotek.com/rss
point,https://www.cyotek.com/blog/rss
1.14.0,https://demo.cyotek.com/changelog.php
html\elements\frameset,https://demo.cyotek.com/changelog.php
1.13.0,https://demo.cyotek.com/changelog.php
based,https://www.cyotek.com/blog/products/introducing-webview2-support-part-1
based,https://www.cyotek.com/products
based,https://www.cyotek.com/blog/tools-we-use-2023-edition
based,https://demo.cyotek.com/changelog.php
based,https://www.cyotek.com/blog/tools-we-use-2024-edition
based,https://www.cyotek.com/source-code
based,https://www.cyotek.com/terms-of-use
based,https://www.cyotek.com/open-source
based,https://www.cyotek.com/cyotek-slicr
based,https://www.cyotek.com/rss
based,https://www.cyotek.com/blog/rss
methods\post,https://demo.cyotek.com/changelog.php
1.12.0,https://demo.cyotek.com/changelog.php
spaces,https://demo.cyotek.com/features/index.php
spaces,https://demo.cyotek.com/changelog.php
spaces,https://www.cyotek.com/rss
spaces,https://www.cyotek.com/blog/rss
1.11.0,https://demo.cyotek.com/changelog.php
mime,https://demo.cyotek.com/features/index.php
mime,https://demo.cyotek.com/changelog.php
mime,https://www.cyotek.com/rss
mime,https://www.cyotek.com/blog/rss
feature,https://support.cyotek.com
feature,https://www.cyotek.com/blog/tools-we-use-2023-edition
feature,https://demo.cyotek.com/changelog.php
feature,https://www.cyotek.com/blog/tools-we-use-2024-edition
feature,https://www.cyotek.com/rss
feature,https://www.cyotek.com/blog/rss
reinstating,https://demo.cyotek.com/changelog.php
sample,https://demo.cyotek.com/changelog.php
sample,https://www.cyotek.com/source-code
sample,https://www.cyotek.com/open-source
sample,https://www.cyotek.com/downloads
sample,https://www.cyotek.com/rss
sample,https://www.cyotek.com/blog/rss
pdf,https://www.cyotek.com/blog/resolving-svn-error-could-not-open-the-requested-svn-filesystem
pdf,https://www.cyotek.com/blog/tools-we-use-2023-edition
pdf,https://www.cyotek.com/open-source
pdf,https://www.cyotek.com/products
pdf,https://www.cyotek.com/jewel-rush
pdf,https://www.cyotek.com/cyotek-nbt-editor
pdf,https://www.cyotek.com/contact
pdf,https://www.cyotek.com/about
pdf,https://www.cyotek.com/blog/tools-we-use-2024-edition
pdf,https://www.cyotek.com/source-code
pdf,https://www.cyotek.com/cyotek-spriter
pdf,https://www.cyotek.com/search
pdf,https://www.cyotek.com/blog/rss
pdf,https://www.cyotek.com/donate
pdf,https://www.cyotek.com/sitemap
pdf,https://www.cyotek.com/cyotek-palette-editor
pdf,https://www.cyotek.com/cyotek-sitemap-creator
pdf,https://demo.cyotek.com/changelog.php
pdf,https://www.cyotek.com/blog/products/introducing-64bit-builds
pdf,https://www.cyotek.com/cyotek-webcopy
pdf,https://www.cyotek.com/blog
pdf,https://www.cyotek.com/rss
pdf,https://www.cyotek.com/blog/products
pdf,https://www.cyotek.com/blog/products/introducing-webview2-support-part-1
pdf,https://www.cyotek.com/cyotek-gif-animator
pdf,https://www.cyotek.com/cyotek-copytools
pdf,https://www.cyotek.com/blog/products/crowdstrike-falcon-false-positives
pdf,https://www.cyotek.com/privacy-policy
pdf,https://www.cyotek.com/terms-of-use
pdf,https://www.cyotek.com/cyotek-slicr
pdf,https://www.cyotek.com/downloads
pdf,https://www.cyotek.com/copyright-and-trademarks
meta,https://demo.cyotek.com/html/index.php
meta,https://www.cyotek.com/products
meta,https://demo.cyotek.com/changelog.php
meta,https://www.cyotek.com/cyotek-slicr
meta,https://demo.cyotek.com/features/index.php
meta,https://www.cyotek.com/rss
meta,https://www.cyotek.com/blog/rss
extraction,https://demo.cyotek.com/changelog.php
extraction,https://www.cyotek.com/rss
extraction,https://www.cyotek.com/blog/rss
1.10.0,https://demo.cyotek.com/changelog.php
picture,https://demo.cyotek.com/html/index.php
picture,https://demo.cyotek.com/changelog.php
picture,https://www.cyotek.com/rss
picture,https://www.cyotek.com/blog/rss
1.9.0,https://demo.cyotek.com/changelog.php
subdomains,https://demo.cyotek.com/features/index.php
subdomains,https://demo.cyotek.com/changelog.php
features\stylesheets,https://demo.cyotek.com/changelog.php
covered,https://demo.cyotek.com/changelog.php
covered,https://www.cyotek.com/rss
covered,https://www.cyotek.com/blog/rss
html\link,https://demo.cyotek.com/changelog.php
css\url(),https://demo.cyotek.com/changelog.php
demonstrations,https://demo.cyotek.com/changelog.php
1.8.0,https://demo.cyotek.com/changelog.php
1.7.0,https://demo.cyotek.com/changelog.php
tag,https://www.cyotek.com/products
tag,https://www.cyotek.com/cyotek-nbt-editor
tag,https://demo.cyotek.com/changelog.php
tag,https://www.cyotek.com/source-code
tag,https://www.cyotek.com/rss
tag,https://www.cyotek.com/blog/rss
declaration,https://demo.cyotek.com/changelog.php
declaration,https://www.cyotek.com/rss
declaration,https://www.cyotek.com/blog/rss
1.6.0,https://demo.cyotek.com/changelog.php
srcset,https://demo.cyotek.com/about.php
srcset,https://demo.cyotek.com/html/index.php
srcset,https://demo.cyotek.com/changelog.php
srcset,https://www.cyotek.com/rss
1.5.1,https://demo.cyotek.com/changelog.php
extended,https://demo.cyotek.com/changelog.php
extended,https://www.cyotek.com/rss
extended,https://www.cyotek.com/blog/rss
attributes,https://demo.cyotek.com/html/index.php
attributes,https://demo.cyotek.com/changelog.php
attributes,https://demo.cyotek.com/javascript/uritransform.php
attributes,https://www.cyotek.com/rss
attributes,https://www.cyotek.com/blog/rss
1.5.0,https://demo.cyotek.com/changelog.php
stored,https://demo.cyotek.com/changelog.php
stored,https://www.cyotek.com/rss
stored,https://www.cyotek.com/blog/rss
descriptions,https://demo.cyotek.com/changelog.php
descriptions,https://www.cyotek.com/rss
descriptions,https://www.cyotek.com/blog/rss
were,https://www.cyotek.com/blog/tools-we-use-2023-edition
were,https://demo.cyotek.com/changelog.php
were,https://www.cyotek.com/blog/products/crowdstrike-falcon-false-positives
were,https://www.cyotek.com/open-source
were,https://demo.cyotek.com/about.php
were,https://www.cyotek.com/rss
were,https://www.cyotek.com/blog/rss
displayed,https://demo.cyotek.com/changelog.php
displayed,https://www.cyotek.com/privacy-policy
displayed,https://www.cyotek.com/open-source
displayed,https://www.cyotek.com/rss
displayed,https://www.cyotek.com/blog/rss
1.4.0,https://demo.cyotek.com/changelog.php
canonical,https://demo.cyotek.com/changelog.php
1.3.0,https://demo.cyotek.com/changelog.php
"code,",https://www.cyotek.com/blog/tools-we-use-2023-edition
"code,",https://demo.cyotek.com/changelog.php
"code,",https://www.cyotek.com/blog/tools-we-use-2024-edition
"code,",https://www.cyotek.com/rss
"code,",https://www.cyotek.com/blog/rss
"readme,",https://demo.cyotek.com/changelog.php
live,https://demo.cyotek.com/about.php
live,https://demo.cyotek.com/changelog.php
live,https://www.cyotek.com/rss
live,https://www.cyotek.com/blog/rss
url,https://demo.cyotek.com/changelog.php
url,https://demo.cyotek.com/css/url.php
url,https://demo.cyotek.com/javascript/uritransform.php
url,https://www.cyotek.com/open-source
url,https://demo.cyotek.com/features/index.php
url,https://www.cyotek.com/rss
url,https://www.cyotek.com/blog/rss
1.2.2,https://demo.cyotek.com/changelog.php
white,https://www.cyotek.com/blog/tools-we-use-2023-edition
white,https://demo.cyotek.com/changelog.php
white,https://www.cyotek.com/blog/tools-we-use-2024-edition
white,https://www.cyotek.com/rss
white,https://www.cyotek.com/blog/rss
space,https://www.cyotek.com/cyotek-gif-animator
space,https://www.cyotek.com/cyotek-palette-editor
space,https://www.cyotek.com/cyotek-copytools
space,https://www.cyotek.com/cyotek-sitemap-creator
space,https://www.cyotek.com/jewel-rush
space,https://www.cyotek.com/cyotek-nbt-editor
space,https://demo.cyotek.com/changelog.php
space,https://www.cyotek.com/blog/tools-we-use-2023-edition
space,https://www.cyotek.com/cyotek-webcopy
space,https://www.cyotek.com/blog/tools-we-use-2024-edition
space,https://www.cyotek.com/cyotek-spriter
space,https://www.cyotek.com/cyotek-slicr
space,https://www.cyotek.com/rss
space,https://www.cyotek.com/blog/rss
issues,https://www.cyotek.com/cyotek-gif-animator
issues,https://www.cyotek.com/cyotek-palette-editor
issues,https://www.cyotek.com/cyotek-copytools
issues,https://www.cyotek.com/cyotek-spriter
issues,https://www.cyotek.com/cyotek-sitemap-creator
issues,https://www.cyotek.com/jewel-rush
issues,https://support.cyotek.com
issues,https://demo.cyotek.com/changelog.php
issues,https://demo.cyotek.com/css/datauri.php
issues,https://www.cyotek.com/blog/products/crowdstrike-falcon-false-positives
issues,https://www.cyotek.com/cyotek-nbt-editor
issues,https://www.cyotek.com/blog/tools-we-use-2023-edition
issues,https://www.cyotek.com/cyotek-webcopy
issues,https://www.cyotek.com/blog/tools-we-use-2024-edition
issues,https://www.cyotek.com/terms-of-use
issues,https://www.cyotek.com/cyotek-slicr
issues,https://www.cyotek.com/rss
issues,https://www.cyotek.com/blog/rss
affecting,https://demo.cyotek.com/changelog.php
affecting,https://www.cyotek.com/rss
affecting,https://www.cyotek.com/blog/rss
linux,https://demo.cyotek.com/changelog.php
linux,https://www.cyotek.com/rss
linux,https://www.cyotek.com/blog/rss
hosting,https://www.cyotek.com/blog/tools-we-use-2023-edition
hosting,https://demo.cyotek.com/changelog.php
hosting,https://www.cyotek.com/blog/tools-we-use-2024-edition
hosting,https://www.cyotek.com/rss
hosting,https://www.cyotek.com/blog/rss
1.2.1,https://demo.cyotek.com/changelog.php
footer,https://demo.cyotek.com/changelog.php
feedback,https://docs.cyotek.com/
feedback,https://demo.cyotek.com/changelog.php
feedback,https://www.cyotek.com/contact
feedback,https://www.cyotek.com/rss
feedback,https://www.cyotek.com/blog/rss
1.2.0,https://demo.cyotek.com/changelog.php
base,https://demo.cyotek.com/html/index.php
base,https://www.cyotek.com/sitemap
base,https://demo.cyotek.com/changelog.php
base,https://www.cyotek.com/rss
base,https://www.cyotek.com/blog/rss
issuing,https://demo.cyotek.com/changelog.php
issuing,https://www.cyotek.com/rss
issuing,https://www.cyotek.com/blog/rss
1.1.0,https://demo.cyotek.com/changelog.php
add,https://www.cyotek.com/blog/resolving-svn-error-could-not-open-the-requested-svn-filesystem
add,https://www.cyotek.com/blog/tools-we-use-2023-edition
add,https://www.cyotek.com/cyotek-nbt-editor
add,https://demo.cyotek.com/changelog.php
add,https://www.cyotek.com/blog/products/crowdstrike-falcon-false-positives
add,https://www.cyotek.com/blog
add,https://www.cyotek.com/blog/tools-we-use-2024-edition
add,https://www.cyotek.com/source-code
add,https://www.cyotek.com/open-source
add,https://www.cyotek.com/rss
add,https://www.cyotek.com/blog/rss
testing,https://www.cyotek.com/blog/resolving-svn-error-could-not-open-the-requested-svn-filesystem
testing,https://www.cyotek.com/blog/tools-we-use-2023-edition
testing,https://demo.cyotek.com/changelog.php
testing,https://www.cyotek.com/blog/tools-we-use-2024-edition
testing,https://www.cyotek.com/open-source
testing,https://demo.cyotek.com/about.php
testing,https://www.cyotek.com/rss
testing,https://www.cyotek.com/blog/rss
post,https://www.cyotek.com/blog/products/introducing-webview2-support-part-1
post,https://demo.cyotek.com/statuscodes/3xx/303.php
post,https://www.cyotek.com/blog/rss
post,https://www.cyotek.com/products
post,https://demo.cyotek.com/changelog.php
post,https://www.cyotek.com/blog/tools-we-use-2023-edition
post,https://demo.cyotek.com/javascript/uritransform.php
post,https://www.cyotek.com/source-code
post,https://demo.cyotek.com/javascript/dom.php
post,https://www.cyotek.com/terms-of-use
post,https://www.cyotek.com/cyotek-spriter
post,https://demo.cyotek.com/statuscodes/3xx/307.php
post,https://www.cyotek.com/rss
post,https://www.cyotek.com/blog/products
works,https://www.cyotek.com/blog/resolving-svn-error-could-not-open-the-requested-svn-filesystem
works,https://www.cyotek.com/blog/tools-we-use-2023-edition
works,https://demo.cyotek.com/changelog.php
works,https://www.cyotek.com/blog/tools-we-use-2024-edition
works,https://www.cyotek.com/rss
works,https://www.cyotek.com/blog/rss
properly,https://demo.cyotek.com/changelog.php
properly,https://demo.cyotek.com/css/datauri.php
properly,https://www.cyotek.com/rss
properly,https://www.cyotek.com/blog/rss
double,https://www.cyotek.com/blog/tools-we-use-2023-edition
double,https://demo.cyotek.com/changelog.php
double,https://www.cyotek.com/source-code
double,https://www.cyotek.com/blog/tools-we-use-2024-edition
double,https://www.cyotek.com/rss
double,https://www.cyotek.com/blog/rss
titles,https://demo.cyotek.com/changelog.php
titles,https://www.cyotek.com/rss
titles,https://www.cyotek.com/blog/rss
destinations,https://demo.cyotek.com/changelog.php
1.0.0,https://demo.cyotek.com/changelog.php
1.0.0,https://www.cyotek.com/source-code
initial,https://demo.cyotek.com/changelog.php
initial,https://www.cyotek.com/rss
initial,https://www.cyotek.com/source-code
initial,https://www.cyotek.com/blog/rss
commit,https://demo.cyotek.com/changelog.php
commit,https://www.cyotek.com/rss
commit,https://www.cyotek.com/blog/rss
anchor,https://demo.cyotek.com/html/index.php
anchor,https://www.cyotek.com/rss
anchor,https://www.cyotek.com/blog/rss
frameset,https://demo.cyotek.com/html/index.php
inline,https://demo.cyotek.com/html/index.php
inline,https://www.cyotek.com/rss
inline,https://www.cyotek.com/blog/rss
frame,https://demo.cyotek.com/html/index.php
frame,https://www.cyotek.com/rss
frame,https://www.cyotek.com/blog/rss
object,https://demo.cyotek.com/html/index.php
object,https://www.cyotek.com/rss
object,https://demo.cyotek.com/css/datauri.php
object,https://www.cyotek.com/blog/rss
replace,https://www.cyotek.com/blog/resolving-svn-error-could-not-open-the-requested-svn-filesystem
replace,https://www.cyotek.com/blog/tools-we-use-2023-edition
replace,https://www.cyotek.com/cyotek-nbt-editor
replace,https://www.cyotek.com/blog/tools-we-use-2024-edition
replace,https://demo.cyotek.com/about.php
replace,https://www.cyotek.com/rss
replace,https://www.cyotek.com/blog/rss
original,https://www.cyotek.com/blog/resolving-svn-error-could-not-open-the-requested-svn-filesystem
original,https://www.cyotek.com/products
original,https://demo.cyotek.com/statuscodes/3xx/302.php
original,https://demo.cyotek.com/css/datauri.php
original,https://demo.cyotek.com/javascript/uritransform.php
original,https://demo.cyotek.com/statuscodes/3xx/307.php
original,https://www.cyotek.com/cyotek-spriter
original,https://demo.cyotek.com/about.php
original,https://www.cyotek.com/rss
original,https://www.cyotek.com/blog/rss
static,https://www.cyotek.com/products
static,https://www.cyotek.com/blog/tools-we-use-2023-edition
static,https://www.cyotek.com/cyotek-webcopy
static,https://www.cyotek.com/blog/tools-we-use-2024-edition
static,https://demo.cyotek.com/about.php
static,https://www.cyotek.com/rss
static,https://www.cyotek.com/blog/rss
"features,",https://demo.cyotek.com/about.php
"features,",https://www.cyotek.com/rss
expanded,https://demo.cyotek.com/about.php
expanded,https://www.cyotek.com/rss
expanded,https://www.cyotek.com/blog/rss
cover,https://demo.cyotek.com/about.php
cover,https://www.cyotek.com/rss
cover,https://www.cyotek.com/blog/rss
scenarios,https://www.cyotek.com/blog/tools-we-use-2023-edition
scenarios,https://www.cyotek.com/blog/tools-we-use-2024-edition
scenarios,https://demo.cyotek.com/about.php
scenarios,https://www.cyotek.com/rss
scenarios,https://www.cyotek.com/blog/rss
handle,https://demo.cyotek.com/about.php
handle,https://www.cyotek.com/rss
handle,https://www.cyotek.com/blog/rss
ensure,https://www.cyotek.com/privacy-policy
ensure,https://www.cyotek.com/terms-of-use
ensure,https://demo.cyotek.com/about.php
ensure,https://www.cyotek.com/rss
ensure,https://www.cyotek.com/blog/rss
lean,https://demo.cyotek.com/about.php
lean,https://www.cyotek.com/rss
lean,https://www.cyotek.com/blog/rss
doesn't,https://www.cyotek.com/blog/products/introducing-webview2-support-part-1
doesn't,https://www.cyotek.com/blog/resolving-svn-error-could-not-open-the-requested-svn-filesystem
doesn't,https://www.cyotek.com/blog/tools-we-use-2023-edition
doesn't,https://www.cyotek.com/blog/products/crowdstrike-falcon-false-positives
doesn't,https://demo.cyotek.com/css/datauri.php
doesn't,https://www.cyotek.com/blog/tools-we-use-2024-edition
doesn't,https://demo.cyotek.com/about.php
doesn't,https://www.cyotek.com/rss
doesn't,https://www.cyotek.com/blog/rss
slow,https://demo.cyotek.com/about.php
slow,https://www.cyotek.com/cyotek-nbt-editor
slow,https://www.cyotek.com/rss
slow,https://www.cyotek.com/blog/rss
down,https://www.cyotek.com/blog/resolving-svn-error-could-not-open-the-requested-svn-filesystem
down,https://www.cyotek.com/blog/tools-we-use-2024-edition
down,https://demo.cyotek.com/about.php
down,https://www.cyotek.com/rss
down,https://www.cyotek.com/blog/rss
unnecessarily.,https://demo.cyotek.com/about.php
"course,",https://www.cyotek.com/blog/products/introducing-webview2-support-part-1
"course,",https://www.cyotek.com/blog/resolving-svn-error-could-not-open-the-requested-svn-filesystem
"course,",https://www.cyotek.com/jewel-rush
"course,",https://www.cyotek.com/blog/tools-we-use-2023-edition
"course,",https://www.cyotek.com/blog/products/crowdstrike-falcon-false-positives
"course,",https://www.cyotek.com/blog/tools-we-use-2024-edition
"course,",https://demo.cyotek.com/about.php
"course,",https://www.cyotek.com/rss
"course,",https://www.cyotek.com/blog/rss
writing,https://www.cyotek.com/donate
writing,https://www.cyotek.com/blog/resolving-svn-error-could-not-open-the-requested-svn-filesystem
writing,https://www.cyotek.com/blog/tools-we-use-2023-edition
writing,https://www.cyotek.com/privacy-policy
writing,https://www.cyotek.com/blog/tools-we-use-2024-edition
writing,https://www.cyotek.com/source-code
writing,https://www.cyotek.com/open-source
writing,https://demo.cyotek.com/about.php
writing,https://www.cyotek.com/rss
writing,https://www.cyotek.com/blog/rss
better,https://www.cyotek.com/blog/tools-we-use-2023-edition
better,https://www.cyotek.com/privacy-policy
better,https://www.cyotek.com/blog/tools-we-use-2024-edition
better,https://demo.cyotek.com/about.php
better,https://www.cyotek.com/rss
better,https://www.cyotek.com/blog/rss
just,https://www.cyotek.com/blog/resolving-svn-error-could-not-open-the-requested-svn-filesystem
just,https://www.cyotek.com/blog/tools-we-use-2023-edition
just,https://www.cyotek.com/blog/products/crowdstrike-falcon-false-positives
just,https://www.cyotek.com/blog/tools-we-use-2024-edition
just,https://demo.cyotek.com/about.php
just,https://www.cyotek.com/rss
just,https://www.cyotek.com/blog/rss
important!,https://demo.cyotek.com/about.php
every,https://www.cyotek.com/blog/products/crowdstrike-falcon-false-positives
every,https://www.cyotek.com/terms-of-use
every,https://demo.cyotek.com/about.php
every,https://www.cyotek.com/rss
every,https://www.cyotek.com/blog/rss
little,https://www.cyotek.com/blog/tools-we-use-2023-edition
little,https://www.cyotek.com/blog/tools-we-use-2024-edition
little,https://demo.cyotek.com/about.php
little,https://www.cyotek.com/rss
little,https://www.cyotek.com/blog/rss
"helps,",https://demo.cyotek.com/about.php
over,https://www.cyotek.com/blog/rss
over,https://www.cyotek.com/blog/tools-we-use-2023-edition
over,https://www.cyotek.com/cyotek-nbt-editor
over,https://www.cyotek.com/privacy-policy
over,https://www.cyotek.com/blog
over,https://www.cyotek.com/blog/tools-we-use-2024-edition
over,https://www.cyotek.com/terms-of-use
over,https://demo.cyotek.com/about.php
over,https://www.cyotek.com/rss
over,https://www.cyotek.com/blog/products
time,https://www.cyotek.com/blog/products/introducing-webview2-support-part-1
time,https://www.cyotek.com/donate
time,https://www.cyotek.com/blog/resolving-svn-error-could-not-open-the-requested-svn-filesystem
time,https://www.cyotek.com/products
time,https://www.cyotek.com/jewel-rush
time,https://www.cyotek.com/blog/tools-we-use-2023-edition
time,https://www.cyotek.com/blog/products/crowdstrike-falcon-false-positives
time,https://www.cyotek.com/privacy-policy
time,https://www.cyotek.com/blog/tools-we-use-2024-edition
time,https://www.cyotek.com/source-code
time,https://www.cyotek.com/terms-of-use
time,https://www.cyotek.com/open-source
time,https://demo.cyotek.com/about.php
time,https://www.cyotek.com/rss
time,https://www.cyotek.com/blog/rss
been,https://www.cyotek.com/blog/products/introducing-webview2-support-part-1
been,https://www.cyotek.com/blog/resolving-svn-error-could-not-open-the-requested-svn-filesystem
been,https://support.cyotek.com
been,https://www.cyotek.com/blog/tools-we-use-2023-edition
been,https://www.cyotek.com/blog/products/crowdstrike-falcon-false-positives
been,https://demo.cyotek.com/css/datauri.php
been,https://www.cyotek.com/cyotek-webcopy
been,https://www.cyotek.com/about
been,https://www.cyotek.com/blog/tools-we-use-2024-edition
been,https://demo.cyotek.com/statuscodes/3xx/304.php
been,https://demo.cyotek.com/about.php
been,https://www.cyotek.com/rss
been,https://www.cyotek.com/blog/rss
find,https://www.cyotek.com/blog/products/introducing-webview2-support-part-1
find,https://www.cyotek.com/cyotek-gif-animator
find,https://www.cyotek.com/blog/resolving-svn-error-could-not-open-the-requested-svn-filesystem
find,https://www.cyotek.com/blog/rss
find,https://www.cyotek.com/cyotek-palette-editor
find,https://www.cyotek.com/cyotek-nbt-editor
find,https://www.cyotek.com/blog/products/crowdstrike-falcon-false-positives
find,https://www.cyotek.com/blog/tools-we-use-2023-edition
find,https://www.cyotek.com/blog/products/introducing-64bit-builds
find,https://www.cyotek.com/privacy-policy
find,https://www.cyotek.com/blog
find,https://www.cyotek.com/blog/tools-we-use-2024-edition
find,https://demo.cyotek.com/about.php
find,https://www.cyotek.com/rss
find,https://www.cyotek.com/blog/products
bugs,https://www.cyotek.com/cyotek-gif-animator
bugs,https://www.cyotek.com/blog/resolving-svn-error-could-not-open-the-requested-svn-filesystem
bugs,https://www.cyotek.com/cyotek-palette-editor
bugs,https://www.cyotek.com/blog/tools-we-use-2023-edition
bugs,https://www.cyotek.com/blog/tools-we-use-2024-edition
bugs,https://demo.cyotek.com/about.php
bugs,https://www.cyotek.com/rss
bugs,https://www.cyotek.com/blog/rss
webcopy's,https://www.cyotek.com/blog/products/introducing-webview2-support-part-1
webcopy's,https://demo.cyotek.com/about.php
webcopy's,https://www.cyotek.com/rss
webcopy's,https://www.cyotek.com/blog/rss
engine,https://www.cyotek.com/blog/products/introducing-webview2-support-part-1
engine,https://www.cyotek.com/blog/tools-we-use-2023-edition
engine,https://www.cyotek.com/blog/tools-we-use-2024-edition
engine,https://demo.cyotek.com/about.php
engine,https://www.cyotek.com/rss
engine,https://www.cyotek.com/blog/rss
regressions,https://demo.cyotek.com/about.php
regressions,https://www.cyotek.com/rss
don't,https://www.cyotek.com/blog/tools-we-use-2023-edition
don't,https://www.cyotek.com/blog/products/crowdstrike-falcon-false-positives
don't,https://www.cyotek.com/blog/tools-we-use-2024-edition
don't,https://demo.cyotek.com/about.php
don't,https://www.cyotek.com/rss
don't,https://www.cyotek.com/blog/rss
in.,https://demo.cyotek.com/about.php
in.,https://www.cyotek.com/rss
in.,https://www.cyotek.com/blog/rss
shop,https://demo.cyotek.com/about.php
usually,https://www.cyotek.com/blog/products/crowdstrike-falcon-false-positives
usually,https://www.cyotek.com/privacy-policy
usually,https://demo.cyotek.com/about.php
usually,https://www.cyotek.com/rss
usually,https://www.cyotek.com/blog/rss
studio.,https://demo.cyotek.com/about.php
studio.,https://www.cyotek.com/rss
studio.,https://www.cyotek.com/blog/rss
however,https://demo.cyotek.com/about.php
however,https://support.cyotek.com
however,https://www.cyotek.com/rss
however,https://www.cyotek.com/blog/rss
decided,https://www.cyotek.com/blog/resolving-svn-error-could-not-open-the-requested-svn-filesystem
decided,https://www.cyotek.com/blog/tools-we-use-2023-edition
decided,https://www.cyotek.com/blog/products/crowdstrike-falcon-false-positives
decided,https://www.cyotek.com/blog/tools-we-use-2024-edition
decided,https://demo.cyotek.com/about.php
decided,https://www.cyotek.com/rss
decided,https://www.cyotek.com/blog/rss
keep,https://www.cyotek.com/donate
keep,https://www.cyotek.com/blog/tools-we-use-2023-edition
keep,https://www.cyotek.com/blog/products/crowdstrike-falcon-false-positives
keep,https://www.cyotek.com/blog/tools-we-use-2024-edition
keep,https://www.cyotek.com/terms-of-use
keep,https://www.cyotek.com/open-source
keep,https://demo.cyotek.com/about.php
keep,https://www.cyotek.com/rss
keep,https://www.cyotek.com/blog/rss
simple,https://www.cyotek.com/blog/resolving-svn-error-could-not-open-the-requested-svn-filesystem
simple,https://www.cyotek.com/downloads
simple,https://www.cyotek.com/blog/tools-we-use-2023-edition
simple,https://www.cyotek.com/cyotek-nbt-editor
simple,https://www.cyotek.com/blog
simple,https://www.cyotek.com/blog/tools-we-use-2024-edition
simple,https://www.cyotek.com/source-code
simple,https://www.cyotek.com/open-source
simple,https://demo.cyotek.com/about.php
simple,https://www.cyotek.com/rss
simple,https://www.cyotek.com/blog/rss
"php,",https://demo.cyotek.com/about.php
originally,https://www.cyotek.com/blog/resolving-svn-error-could-not-open-the-requested-svn-filesystem
originally,https://www.cyotek.com/cyotek-nbt-editor
originally,https://www.cyotek.com/blog/products/crowdstrike-falcon-false-positives
originally,https://demo.cyotek.com/about.php
originally,https://www.cyotek.com/rss
originally,https://www.cyotek.com/blog/rss
webmatrix,https://demo.cyotek.com/about.php
currently,https://www.cyotek.com/blog/products/introducing-webview2-support-part-1
currently,https://support.cyotek.com
currently,https://www.cyotek.com/cyotek-nbt-editor
currently,https://www.cyotek.com/blog/products/introducing-64bit-builds
currently,https://www.cyotek.com/blog/tools-we-use-2024-edition
currently,https://www.cyotek.com/source-code
currently,https://demo.cyotek.com/about.php
currently,https://www.cyotek.com/rss
currently,https://www.cyotek.com/blog/rss
studio,https://www.cyotek.com/blog/resolving-svn-error-could-not-open-the-requested-svn-filesystem
studio,https://www.cyotek.com/blog/tools-we-use-2023-edition
studio,https://www.cyotek.com/open-source
studio,https://demo.cyotek.com/about.php
studio,https://www.cyotek.com/products
studio,https://www.cyotek.com/jewel-rush
studio,https://www.cyotek.com/cyotek-nbt-editor
studio,https://www.cyotek.com/contact
studio,https://www.cyotek.com/about
studio,https://www.cyotek.com/blog/tools-we-use-2024-edition
studio,https://www.cyotek.com/source-code
studio,https://www.cyotek.com/cyotek-spriter
studio,https://www.cyotek.com/search
studio,https://www.cyotek.com/blog/rss
studio,https://www.cyotek.com/donate
studio,https://www.cyotek.com/sitemap
studio,https://www.cyotek.com/cyotek-palette-editor
studio,https://www.cyotek.com/cyotek-sitemap-creator
studio,https://www.cyotek.com/blog/products/introducing-64bit-builds
studio,https://www.cyotek.com/cyotek-webcopy
studio,https://www.cyotek.com/blog
studio,https://www.cyotek.com/rss
studio,https://www.cyotek.com/blog/products
studio,https://www.cyotek.com/blog/products/introducing-webview2-support-part-1
studio,https://www.cyotek.com/cyotek-gif-animator
studio,https://www.cyotek.com/cyotek-copytools
studio,https://www.cyotek.com/blog/products/crowdstrike-falcon-false-positives
studio,https://www.cyotek.com/privacy-policy
studio,https://www.cyotek.com/terms-of-use
studio,https://www.cyotek.com/cyotek-slicr
studio,https://www.cyotek.com/downloads
studio,https://www.cyotek.com/copyright-and-trademarks
code.,https://www.cyotek.com/blog/resolving-svn-error-could-not-open-the-requested-svn-filesystem
code.,https://www.cyotek.com/blog/tools-we-use-2023-edition
code.,https://www.cyotek.com/source-code
code.,https://www.cyotek.com/blog/tools-we-use-2024-edition
code.,https://demo.cyotek.com/about.php
code.,https://www.cyotek.com/rss
code.,https://www.cyotek.com/blog/rss
aren't,https://demo.cyotek.com/about.php
aren't,https://www.cyotek.com/rss
aren't,https://www.cyotek.com/blog/rss
coders,https://demo.cyotek.com/about.php
much,https://www.cyotek.com/donate
much,https://www.cyotek.com/blog/resolving-svn-error-could-not-open-the-requested-svn-filesystem
much,https://www.cyotek.com/products
much,https://www.cyotek.com/cyotek-sitemap-creator
much,https://www.cyotek.com/blog/tools-we-use-2023-edition
much,https://www.cyotek.com/blog/tools-we-use-2024-edition
much,https://www.cyotek.com/open-source
much,https://demo.cyotek.com/about.php
much,https://www.cyotek.com/rss
much,https://www.cyotek.com/blog/rss
clue,https://www.cyotek.com/blog/tools-we-use-2023-edition
clue,https://www.cyotek.com/blog/tools-we-use-2024-edition
clue,https://demo.cyotek.com/about.php
clue,https://www.cyotek.com/rss
clue,https://www.cyotek.com/blog/rss
practices,https://demo.cyotek.com/about.php
practices,https://www.cyotek.com/rss
practices,https://www.cyotek.com/blog/rss
even,https://www.cyotek.com/blog/products/introducing-webview2-support-part-1
even,https://www.cyotek.com/donate
even,https://www.cyotek.com/blog/tools-we-use-2023-edition
even,https://demo.cyotek.com/javascript/uritransform.php
even,https://www.cyotek.com/blog/tools-we-use-2024-edition
even,https://demo.cyotek.com/about.php
even,https://www.cyotek.com/rss
even,https://www.cyotek.com/blog/rss
most,https://www.cyotek.com/blog/resolving-svn-error-could-not-open-the-requested-svn-filesystem
most,https://www.cyotek.com/blog/tools-we-use-2023-edition
most,https://www.cyotek.com/privacy-policy
most,https://www.cyotek.com/about
most,https://www.cyotek.com/blog/tools-we-use-2024-edition
most,https://demo.cyotek.com/about.php
most,https://www.cyotek.com/rss
most,https://www.cyotek.com/blog/rss
language,https://www.cyotek.com/blog/products/crowdstrike-falcon-false-positives
language,https://www.cyotek.com/terms-of-use
language,https://demo.cyotek.com/about.php
language,https://www.cyotek.com/rss
language,https://www.cyotek.com/blog/rss
quality,https://demo.cyotek.com/about.php
quality,https://www.cyotek.com/blog/tools-we-use-2024-edition
quality,https://www.cyotek.com/rss
quality,https://www.cyotek.com/blog/rss
probably,https://www.cyotek.com/blog/products/introducing-webview2-support-part-1
probably,https://www.cyotek.com/blog/tools-we-use-2023-edition
probably,https://demo.cyotek.com/css/datauri.php
probably,https://www.cyotek.com/blog/tools-we-use-2024-edition
probably,https://demo.cyotek.com/about.php
probably,https://www.cyotek.com/rss
probably,https://www.cyotek.com/blog/rss
less,https://www.cyotek.com/blog/tools-we-use-2023-edition
less,https://www.cyotek.com/blog/tools-we-use-2024-edition
less,https://demo.cyotek.com/about.php
less,https://www.cyotek.com/rss
less,https://www.cyotek.com/blog/rss
stellar.,https://demo.cyotek.com/about.php
although,https://www.cyotek.com/blog/products/introducing-webview2-support-part-1
although,https://www.cyotek.com/blog/resolving-svn-error-could-not-open-the-requested-svn-filesystem
although,https://www.cyotek.com/blog/rss
although,https://www.cyotek.com/cyotek-palette-editor
although,https://www.cyotek.com/products
although,https://www.cyotek.com/blog/tools-we-use-2023-edition
although,https://www.cyotek.com/blog/products/crowdstrike-falcon-false-positives
although,https://www.cyotek.com/blog/products/introducing-64bit-builds
although,https://www.cyotek.com/blog
although,https://www.cyotek.com/blog/tools-we-use-2024-edition
although,https://demo.cyotek.com/about.php
although,https://www.cyotek.com/rss
although,https://www.cyotek.com/blog/products
fairly,https://www.cyotek.com/donate
fairly,https://www.cyotek.com/blog/tools-we-use-2023-edition
fairly,https://www.cyotek.com/blog/tools-we-use-2024-edition
fairly,https://demo.cyotek.com/about.php
fairly,https://www.cyotek.com/rss
fairly,https://www.cyotek.com/blog/rss
fun,https://demo.cyotek.com/about.php
fun,https://www.cyotek.com/rss
fun,https://www.cyotek.com/blog/rss
write,https://www.cyotek.com/blog/tools-we-use-2023-edition
write,https://www.cyotek.com/blog/tools-we-use-2024-edition
write,https://demo.cyotek.com/about.php
write,https://www.cyotek.com/rss
write,https://www.cyotek.com/blog/rss
ever,https://www.cyotek.com/blog/tools-we-use-2023-edition
ever,https://www.cyotek.com/blog/tools-we-use-2024-edition
ever,https://demo.cyotek.com/about.php
ever,https://www.cyotek.com/rss
ever,https://www.cyotek.com/blog/rss
increasing,https://demo.cyotek.com/about.php
increasing,https://www.cyotek.com/rss
increasing,https://www.cyotek.com/blog/rss
amount,https://demo.cyotek.com/about.php
amount,https://www.cyotek.com/rss
amount,https://www.cyotek.com/blog/rss
binary,https://www.cyotek.com/products
binary,https://www.cyotek.com/cyotek-nbt-editor
binary,https://demo.cyotek.com/about.php
binary,https://www.cyotek.com/rss
binary,https://www.cyotek.com/blog/rss
"dependencies,",https://demo.cyotek.com/about.php
"dependencies,",https://www.cyotek.com/rss
"dependencies,",https://www.cyotek.com/blog/rss
assembly,https://www.cyotek.com/blog/tools-we-use-2023-edition
assembly,https://www.cyotek.com/blog/tools-we-use-2024-edition
assembly,https://demo.cyotek.com/about.php
assembly,https://www.cyotek.com/rss
assembly,https://www.cyotek.com/blog/rss
bindings,https://demo.cyotek.com/about.php
bindings,https://www.cyotek.com/rss
bindings,https://www.cyotek.com/blog/rss
woes...,https://demo.cyotek.com/about.php
works.,https://demo.cyotek.com/about.php
works.,https://www.cyotek.com/rss
works.,https://www.cyotek.com/blog/rss
you,https://www.cyotek.com/blog/resolving-svn-error-could-not-open-the-requested-svn-filesystem
you,https://www.cyotek.com/blog/tools-we-use-2023-edition
you,https://demo.cyotek.com/javascript/uritransform.php
you,https://www.cyotek.com/open-source
you,https://demo.cyotek.com/about.php
you,https://www.cyotek.com/products
you,https://www.cyotek.com/jewel-rush
you,https://www.cyotek.com/cyotek-nbt-editor
you,https://www.cyotek.com/contact
you,https://www.cyotek.com/blog/tools-we-use-2024-edition
you,https://www.cyotek.com/source-code
you,https://www.cyotek.com/cyotek-spriter
you,https://www.cyotek.com/blog/rss
you,https://www.cyotek.com/donate
you,https://www.cyotek.com/cyotek-palette-editor
you,https://www.cyotek.com/cyotek-sitemap-creator
you,https://demo.cyotek.com/css/datauri.php
you,https://www.cyotek.com/blog/products/introducing-64bit-builds
you,https://www.cyotek.com/cyotek-webcopy
you,https://www.cyotek.com/blog
you,https://www.cyotek.com/rss
you,https://www.cyotek.com/blog/products
you,https://www.cyotek.com/blog/products/introducing-webview2-support-part-1
you,https://www.cyotek.com/cyotek-gif-animator
you,https://www.cyotek.com/cyotek-copytools
you,https://www.cyotek.com/blog/products/crowdstrike-falcon-false-positives
you,https://www.cyotek.com/privacy-policy
you,https://www.cyotek.com/terms-of-use
you,https://www.cyotek.com/cyotek-slicr
you,https://www.cyotek.com/downloads
you,https://www.cyotek.com/copyright-and-trademarks
running,https://www.cyotek.com/blog/resolving-svn-error-could-not-open-the-requested-svn-filesystem
running,https://www.cyotek.com/blog/tools-we-use-2023-edition
running,https://www.cyotek.com/open-source
running,https://demo.cyotek.com/about.php
running,https://www.cyotek.com/jewel-rush
running,https://www.cyotek.com/cyotek-nbt-editor
running,https://www.cyotek.com/blog/tools-we-use-2024-edition
running,https://www.cyotek.com/source-code
running,https://www.cyotek.com/cyotek-spriter
running,https://www.cyotek.com/blog/rss
running,https://www.cyotek.com/donate
running,https://www.cyotek.com/cyotek-palette-editor
running,https://www.cyotek.com/cyotek-sitemap-creator
running,https://www.cyotek.com/blog/products/introducing-64bit-builds
running,https://www.cyotek.com/cyotek-webcopy
running,https://www.cyotek.com/blog
running,https://www.cyotek.com/rss
running,https://www.cyotek.com/blog/products
running,https://www.cyotek.com/blog/products/introducing-webview2-support-part-1
running,https://www.cyotek.com/cyotek-gif-animator
running,https://www.cyotek.com/cyotek-copytools
running,https://www.cyotek.com/blog/products/crowdstrike-falcon-false-positives
running,https://www.cyotek.com/terms-of-use
running,https://www.cyotek.com/cyotek-slicr
running,https://www.cyotek.com/downloads
at,https://www.cyotek.com/blog/products/introducing-webview2-support-part-1
at,https://www.cyotek.com/blog/resolving-svn-error-could-not-open-the-requested-svn-filesystem
at,https://www.cyotek.com/blog/rss
at,https://www.cyotek.com/cyotek-copytools
at,https://www.cyotek.com/products
at,https://www.cyotek.com/jewel-rush
at,https://www.cyotek.com/blog/tools-we-use-2023-edition
at,https://www.cyotek.com/blog/products/crowdstrike-falcon-false-positives
at,https://www.cyotek.com/blog/products/introducing-64bit-builds
at,https://www.cyotek.com/privacy-policy
at,https://www.cyotek.com/contact
at,https://www.cyotek.com/blog
at,https://www.cyotek.com/blog/tools-we-use-2024-edition
at,https://www.cyotek.com/source-code
at,https://www.cyotek.com/terms-of-use
at,https://demo.cyotek.com/about.php
at,https://www.cyotek.com/rss
at,https://www.cyotek.com/blog/products
https://demo.cyotek.com,https://demo.cyotek.com/about.php
run,https://www.cyotek.com/cyotek-copytools
run,https://www.cyotek.com/products
run,https://www.cyotek.com/blog/tools-we-use-2023-edition
run,https://www.cyotek.com/blog/tools-we-use-2024-edition
run,https://demo.cyotek.com/about.php
run,https://www.cyotek.com/rss
run,https://www.cyotek.com/blog/rss
only,https://www.cyotek.com/blog/products/introducing-webview2-support-part-1
only,https://www.cyotek.com/blog/resolving-svn-error-could-not-open-the-requested-svn-filesystem
only,https://www.cyotek.com/cyotek-nbt-editor
only,https://www.cyotek.com/blog/products/crowdstrike-falcon-false-positives
only,https://www.cyotek.com/blog/tools-we-use-2023-edition
only,https://www.cyotek.com/blog/products/introducing-64bit-builds
only,https://www.cyotek.com/privacy-policy
only,https://www.cyotek.com/cyotek-webcopy
only,https://www.cyotek.com/blog/tools-we-use-2024-edition
only,https://www.cyotek.com/source-code
only,https://demo.cyotek.com/about.php
only,https://www.cyotek.com/rss
only,https://www.cyotek.com/copyright-and-trademarks
only,https://www.cyotek.com/blog/rss
5.3,https://demo.cyotek.com/about.php
server.,https://demo.cyotek.com/about.php
server.,https://www.cyotek.com/rss
server.,https://www.cyotek.com/blog/rss
tested,https://demo.cyotek.com/about.php
tested,https://www.cyotek.com/blog/tools-we-use-2023-edition
tested,https://www.cyotek.com/rss
tested,https://www.cyotek.com/blog/rss
iis,https://demo.cyotek.com/about.php
iis,https://www.cyotek.com/rss
iis,https://www.cyotek.com/blog/rss
"express,",https://demo.cyotek.com/about.php
"8.5,",https://demo.cyotek.com/about.php
10,https://www.cyotek.com/blog/resolving-svn-error-could-not-open-the-requested-svn-filesystem
10,https://www.cyotek.com/blog/tools-we-use-2023-edition
10,https://www.cyotek.com/open-source
10,https://demo.cyotek.com/about.php
10,https://www.cyotek.com/products
10,https://www.cyotek.com/jewel-rush
10,https://www.cyotek.com/cyotek-nbt-editor
10,https://www.cyotek.com/contact
10,https://www.cyotek.com/about
10,https://www.cyotek.com/blog/tools-we-use-2024-edition
10,https://www.cyotek.com/source-code
10,https://www.cyotek.com/cyotek-spriter
10,https://www.cyotek.com/search
10,https://www.cyotek.com/blog/rss
10,https://www.cyotek.com/donate
10,https://www.cyotek.com/sitemap
10,https://www.cyotek.com/cyotek-palette-editor
10,https://www.cyotek.com/cyotek-sitemap-creator
10,https://www.cyotek.com/blog/products/introducing-64bit-builds
10,https://www.cyotek.com/cyotek-webcopy
10,https://www.cyotek.com/blog
10,https://www.cyotek.com/rss
10,https://www.cyotek.com/blog/products
10,https://www.cyotek.com/blog/products/introducing-webview2-support-part-1
10,https://www.cyotek.com/cyotek-gif-animator
10,https://www.cyotek.com/cyotek-copytools
10,https://www.cyotek.com/blog/products/crowdstrike-falcon-false-positives
10,https://www.cyotek.com/privacy-policy
10,https://www.cyotek.com/terms-of-use
10,https://www.cyotek.com/cyotek-slicr
10,https://www.cyotek.com/downloads
10,https://www.cyotek.com/copyright-and-trademarks
apache,https://demo.cyotek.com/about.php
apache,https://www.cyotek.com/rss
apache,https://www.cyotek.com/blog/rss
variant,https://demo.cyotek.com/about.php
variant,https://www.cyotek.com/rss
variant,https://www.cyotek.com/blog/rss
linux.,https://demo.cyotek.com/about.php
linux.,https://www.cyotek.com/rss
linux.,https://www.cyotek.com/blog/rss
